route,template,visual status,copy status,SEO status,responsive status,interaction status,verification performed,remaining issues
/,homepage,Representative viewport reviewed,Shared copy reviewed; factual/legal meaning retained; duplicate source-copy report,Static titles/canonical/schema/internal-link gates passed,Five widths; two engines; light/dark passed,Full two-browser task journey,20 route/viewport checks; CSS/font/image/runtime/IDs/headings/labels/overflow,No known scripted failure; manual review scope as stated
/404.html,error,Screenshot-crop review in family contact sheet,Shared copy reviewed; factual/legal meaning retained; duplicate source-copy report,Static titles/canonical/schema/internal-link gates passed,Five widths; two engines; light/dark passed,Runtime/request/form-label checks; no individual full task journey,20 route/viewport checks; CSS/font/image/runtime/IDs/headings/labels/overflow,No known scripted failure; manual review scope as stated
/about.html,trust/legal/utility,Scripted rendering only; family visual review does not imply individual visual inspection,Shared copy reviewed; factual/legal meaning retained; duplicate source-copy report,Static titles/canonical/schema/internal-link gates passed,Five widths; two engines; light/dark passed,Runtime/request/form-label checks; no individual full task journey,20 route/viewport checks; CSS/font/image/runtime/IDs/headings/labels/overflow,No known scripted failure; manual review scope as stated
/accessibility.html,trust/legal/utility,Scripted rendering only; family visual review does not imply individual visual inspection,Shared copy reviewed; factual/legal meaning retained; duplicate source-copy report,Static titles/canonical/schema/internal-link gates passed,Five widths; two engines; light/dark passed,Runtime/request/form-label checks; no individual full task journey,20 route/viewport checks; CSS/font/image/runtime/IDs/headings/labels/overflow,No known scripted failure; manual review scope as stated
/are-diet-drinks-bad-for-you.html,article/guide/data comparison,Scripted rendering only; family visual review does not imply individual visual inspection,Shared copy reviewed; factual/legal meaning retained; duplicate source-copy report,Static titles/canonical/schema/internal-link gates passed,Five widths; two engines; light/dark passed,Runtime/request/form-label checks; no individual full task journey,20 route/viewport checks; CSS/font/image/runtime/IDs/headings/labels/overflow,No known scripted failure; manual review scope as stated
/articles.html,reading index,Screenshot-crop review in family contact sheet,Shared copy reviewed; factual/legal meaning retained; duplicate source-copy report,Static titles/canonical/schema/internal-link gates passed,Five widths; two engines; light/dark passed,Runtime/request/form-label checks; no individual full task journey,20 route/viewport checks; CSS/font/image/runtime/IDs/headings/labels/overflow,No known scripted failure; manual review scope as stated
/as-packaged-vs-prepared-nutrition.html,article/guide/data comparison,Scripted rendering only; family visual review does not imply individual visual inspection,Shared copy reviewed; factual/legal meaning retained; duplicate source-copy report,Static titles/canonical/schema/internal-link gates passed,Five widths; two engines; light/dark passed,Runtime/request/form-label checks; no individual full task journey,20 route/viewport checks; CSS/font/image/runtime/IDs/headings/labels/overflow,No known scripted failure; manual review scope as stated
/best-fast-food-restaurants-for-your-goals.html,article/guide/data comparison,Scripted rendering only; family visual review does not imply individual visual inspection,Shared copy reviewed; factual/legal meaning retained; duplicate source-copy report,Static titles/canonical/schema/internal-link gates passed,Five widths; two engines; light/dark passed,Runtime/request/form-label checks; no individual full task journey,20 route/viewport checks; CSS/font/image/runtime/IDs/headings/labels/overflow,No known scripted failure; manual review scope as stated
/blog.html,reading index,Screenshot-crop review in family contact sheet,Shared copy reviewed; factual/legal meaning retained; duplicate source-copy report,Static titles/canonical/schema/internal-link gates passed,Five widths; two engines; light/dark passed,Runtime/request/form-label checks; no individual full task journey,20 route/viewport checks; CSS/font/image/runtime/IDs/headings/labels/overflow,No known scripted failure; manual review scope as stated
/body-recomposition-explained.html,article/guide/data comparison,Scripted rendering only; family visual review does not imply individual visual inspection,Shared copy reviewed; factual/legal meaning retained; duplicate source-copy report,Static titles/canonical/schema/internal-link gates passed,Five widths; two engines; light/dark passed,Runtime/request/form-label checks; no individual full task journey,20 route/viewport checks; CSS/font/image/runtime/IDs/headings/labels/overflow,No known scripted failure; manual review scope as stated
/breakfast-drinks-and-add-ons.html,article/guide/data comparison,Scripted rendering only; family visual review does not imply individual visual inspection,Shared copy reviewed; factual/legal meaning retained; duplicate source-copy report,Static titles/canonical/schema/internal-link gates passed,Five widths; two engines; light/dark passed,Runtime/request/form-label checks; no individual full task journey,20 route/viewport checks; CSS/font/image/runtime/IDs/headings/labels/overflow,No known scripted failure; manual review scope as stated
/budget-meal-builder.html,calculator/meal ideas,Screenshot-crop review in family contact sheet,Shared copy reviewed; factual/legal meaning retained; duplicate source-copy report,Static titles/canonical/schema/internal-link gates passed,Five widths; two engines; light/dark passed,Runtime/request/form-label checks; no individual full task journey,20 route/viewport checks; CSS/font/image/runtime/IDs/headings/labels/overflow,No known scripted failure; manual review scope as stated
/calculate-macros-mixed-bowl.html,article/guide/data comparison,Scripted rendering only; family visual review does not imply individual visual inspection,Shared copy reviewed; factual/legal meaning retained; duplicate source-copy report,Static titles/canonical/schema/internal-link gates passed,Five widths; two engines; light/dark passed,Runtime/request/form-label checks; no individual full task journey,20 route/viewport checks; CSS/font/image/runtime/IDs/headings/labels/overflow,No known scripted failure; manual review scope as stated
/calculators.html,calculator/meal ideas,Screenshot-crop review in family contact sheet,Shared copy reviewed; factual/legal meaning retained; duplicate source-copy report,Static titles/canonical/schema/internal-link gates passed,Five widths; two engines; light/dark passed,Full two-browser task journey,20 route/viewport checks; CSS/font/image/runtime/IDs/headings/labels/overflow,No known scripted failure; manual review scope as stated
/calories-in-multi-serving-packages.html,article/guide/data comparison,Scripted rendering only; family visual review does not imply individual visual inspection,Shared copy reviewed; factual/legal meaning retained; duplicate source-copy report,Static titles/canonical/schema/internal-link gates passed,Five widths; two engines; light/dark passed,Runtime/request/form-label checks; no individual full task journey,20 route/viewport checks; CSS/font/image/runtime/IDs/headings/labels/overflow,No known scripted failure; manual review scope as stated
/calories-on-rest-days.html,article/guide/data comparison,Scripted rendering only; family visual review does not imply individual visual inspection,Shared copy reviewed; factual/legal meaning retained; duplicate source-copy report,Static titles/canonical/schema/internal-link gates passed,Five widths; two engines; light/dark passed,Runtime/request/form-label checks; no individual full task journey,20 route/viewport checks; CSS/font/image/runtime/IDs/headings/labels/overflow,No known scripted failure; manual review scope as stated
/calories-vs-macros-what-matters-more.html,article/guide/data comparison,Scripted rendering only; family visual review does not imply individual visual inspection,Shared copy reviewed; factual/legal meaning retained; duplicate source-copy report,Static titles/canonical/schema/internal-link gates passed,Five widths; two engines; light/dark passed,Runtime/request/form-label checks; no individual full task journey,20 route/viewport checks; CSS/font/image/runtime/IDs/headings/labels/overflow,No known scripted failure; manual review scope as stated
/can-you-build-muscle-in-a-calorie-deficit.html,article/guide/data comparison,Scripted rendering only; family visual review does not imply individual visual inspection,Shared copy reviewed; factual/legal meaning retained; duplicate source-copy report,Static titles/canonical/schema/internal-link gates passed,Five widths; two engines; light/dark passed,Runtime/request/form-label checks; no individual full task journey,20 route/viewport checks; CSS/font/image/runtime/IDs/headings/labels/overflow,No known scripted failure; manual review scope as stated
/carbohydrate-label-portion-tool.html,calculator/meal ideas,Screenshot-crop review in family contact sheet,Shared copy reviewed; factual/legal meaning retained; duplicate source-copy report,Static titles/canonical/schema/internal-link gates passed,Five widths; two engines; light/dark passed,Runtime/request/form-label checks; no individual full task journey,20 route/viewport checks; CSS/font/image/runtime/IDs/headings/labels/overflow,No known scripted failure; manual review scope as stated
/carbs.html,article/guide/data comparison,Scripted rendering only; family visual review does not imply individual visual inspection,Shared copy reviewed; factual/legal meaning retained; duplicate source-copy report,Static titles/canonical/schema/internal-link gates passed,Five widths; two engines; light/dark passed,Runtime/request/form-label checks; no individual full task journey,20 route/viewport checks; CSS/font/image/runtime/IDs/headings/labels/overflow,No known scripted failure; manual review scope as stated
/cava-healthy-meals-macros.html,restaurant reference,Scripted rendering only; family visual review does not imply individual visual inspection,Shared copy reviewed; factual/legal meaning retained; duplicate source-copy report,Static titles/canonical/schema/internal-link gates passed,Five widths; two engines; light/dark passed,Runtime/request/form-label checks; no individual full task journey,20 route/viewport checks; CSS/font/image/runtime/IDs/headings/labels/overflow,No known scripted failure; manual review scope as stated
/chick-fil-a-healthy-meals-macros.html,restaurant reference,Scripted rendering only; family visual review does not imply individual visual inspection,Shared copy reviewed; factual/legal meaning retained; duplicate source-copy report,Static titles/canonical/schema/internal-link gates passed,Five widths; two engines; light/dark passed,Runtime/request/form-label checks; no individual full task journey,20 route/viewport checks; CSS/font/image/runtime/IDs/headings/labels/overflow,No known scripted failure; manual review scope as stated
/chick-fil-a-vs-popeyes-chicken.html,article/guide/data comparison,Scripted rendering only; family visual review does not imply individual visual inspection,Shared copy reviewed; factual/legal meaning retained; duplicate source-copy report,Static titles/canonical/schema/internal-link gates passed,Five widths; two engines; light/dark passed,Runtime/request/form-label checks; no individual full task journey,20 route/viewport checks; CSS/font/image/runtime/IDs/headings/labels/overflow,No known scripted failure; manual review scope as stated
/chipotle-healthy-meals-macros.html,restaurant reference,Screenshot-crop review in family contact sheet,Shared copy reviewed; factual/legal meaning retained; duplicate source-copy report,Static titles/canonical/schema/internal-link gates passed,Five widths; two engines; light/dark passed,Runtime/request/form-label checks; no individual full task journey,20 route/viewport checks; CSS/font/image/runtime/IDs/headings/labels/overflow,No known scripted failure; manual review scope as stated
/chipotle-rice-beans-nutrition.html,article/guide/data comparison,Scripted rendering only; family visual review does not imply individual visual inspection,Shared copy reviewed; factual/legal meaning retained; duplicate source-copy report,Static titles/canonical/schema/internal-link gates passed,Five widths; two engines; light/dark passed,Runtime/request/form-label checks; no individual full task journey,20 route/viewport checks; CSS/font/image/runtime/IDs/headings/labels/overflow,No known scripted failure; manual review scope as stated
/chipotle-toppings-nutrition.html,article/guide/data comparison,Scripted rendering only; family visual review does not imply individual visual inspection,Shared copy reviewed; factual/legal meaning retained; duplicate source-copy report,Static titles/canonical/schema/internal-link gates passed,Five widths; two engines; light/dark passed,Runtime/request/form-label checks; no individual full task journey,20 route/viewport checks; CSS/font/image/runtime/IDs/headings/labels/overflow,No known scripted failure; manual review scope as stated
/chipotle-vs-cava-chicken-bowls.html,article/guide/data comparison,Scripted rendering only; family visual review does not imply individual visual inspection,Shared copy reviewed; factual/legal meaning retained; duplicate source-copy report,Static titles/canonical/schema/internal-link gates passed,Five widths; two engines; light/dark passed,Runtime/request/form-label checks; no individual full task journey,20 route/viewport checks; CSS/font/image/runtime/IDs/headings/labels/overflow,No known scripted failure; manual review scope as stated
/compare-complete-restaurant-orders.html,article/guide/data comparison,Scripted rendering only; family visual review does not imply individual visual inspection,Shared copy reviewed; factual/legal meaning retained; duplicate source-copy report,Static titles/canonical/schema/internal-link gates passed,Five widths; two engines; light/dark passed,Runtime/request/form-label checks; no individual full task journey,20 route/viewport checks; CSS/font/image/runtime/IDs/headings/labels/overflow,No known scripted failure; manual review scope as stated
/contact.html,trust/legal/utility,Screenshot-crop review in family contact sheet,Shared copy reviewed; factual/legal meaning retained; duplicate source-copy report,Static titles/canonical/schema/internal-link gates passed,Five widths; two engines; light/dark passed,Runtime/request/form-label checks; no individual full task journey,20 route/viewport checks; CSS/font/image/runtime/IDs/headings/labels/overflow,No known scripted failure; manual review scope as stated
/corrections.html,trust/legal/utility,Scripted rendering only; family visual review does not imply individual visual inspection,Shared copy reviewed; factual/legal meaning retained; duplicate source-copy report,Static titles/canonical/schema/internal-link gates passed,Five widths; two engines; light/dark passed,Runtime/request/form-label checks; no individual full task journey,20 route/viewport checks; CSS/font/image/runtime/IDs/headings/labels/overflow,No known scripted failure; manual review scope as stated
/cutting-bulking-maintenance-explained.html,article/guide/data comparison,Scripted rendering only; family visual review does not imply individual visual inspection,Shared copy reviewed; factual/legal meaning retained; duplicate source-copy report,Static titles/canonical/schema/internal-link gates passed,Five widths; two engines; light/dark passed,Runtime/request/form-label checks; no individual full task journey,20 route/viewport checks; CSS/font/image/runtime/IDs/headings/labels/overflow,No known scripted failure; manual review scope as stated
/does-creatine-cause-hair-loss.html,article/guide/data comparison,Scripted rendering only; family visual review does not imply individual visual inspection,Shared copy reviewed; factual/legal meaning retained; duplicate source-copy report,Static titles/canonical/schema/internal-link gates passed,Five widths; two engines; light/dark passed,Runtime/request/form-label checks; no individual full task journey,20 route/viewport checks; CSS/font/image/runtime/IDs/headings/labels/overflow,No known scripted failure; manual review scope as stated
/drained-weight-nutrition-label.html,article/guide/data comparison,Scripted rendering only; family visual review does not imply individual visual inspection,Shared copy reviewed; factual/legal meaning retained; duplicate source-copy report,Static titles/canonical/schema/internal-link gates passed,Five widths; two engines; light/dark passed,Runtime/request/form-label checks; no individual full task journey,20 route/viewport checks; CSS/font/image/runtime/IDs/headings/labels/overflow,No known scripted failure; manual review scope as stated
/dunkin-healthy-breakfast-macros.html,restaurant reference,Scripted rendering only; family visual review does not imply individual visual inspection,Shared copy reviewed; factual/legal meaning retained; duplicate source-copy report,Static titles/canonical/schema/internal-link gates passed,Five widths; two engines; light/dark passed,Runtime/request/form-label checks; no individual full task journey,20 route/viewport checks; CSS/font/image/runtime/IDs/headings/labels/overflow,No known scripted failure; manual review scope as stated
/edible-portion-vs-purchased-weight.html,article/guide/data comparison,Scripted rendering only; family visual review does not imply individual visual inspection,Shared copy reviewed; factual/legal meaning retained; duplicate source-copy report,Static titles/canonical/schema/internal-link gates passed,Five widths; two engines; light/dark passed,Runtime/request/form-label checks; no individual full task journey,20 route/viewport checks; CSS/font/image/runtime/IDs/headings/labels/overflow,No known scripted failure; manual review scope as stated
/editorial-policy.html,trust/legal/utility,Scripted rendering only; family visual review does not imply individual visual inspection,Shared copy reviewed; factual/legal meaning retained; duplicate source-copy report,Static titles/canonical/schema/internal-link gates passed,Five widths; two engines; light/dark passed,Runtime/request/form-label checks; no individual full task journey,20 route/viewport checks; CSS/font/image/runtime/IDs/headings/labels/overflow,No known scripted failure; manual review scope as stated
/fast-food-breakfast-protein-comparison.html,article/guide/data comparison,Scripted rendering only; family visual review does not imply individual visual inspection,Shared copy reviewed; factual/legal meaning retained; duplicate source-copy report,Static titles/canonical/schema/internal-link gates passed,Five widths; two engines; light/dark passed,Runtime/request/form-label checks; no individual full task journey,20 route/viewport checks; CSS/font/image/runtime/IDs/headings/labels/overflow,No known scripted failure; manual review scope as stated
/fast-food-fiber-and-protein.html,article/guide/data comparison,Scripted rendering only; family visual review does not imply individual visual inspection,Shared copy reviewed; factual/legal meaning retained; duplicate source-copy report,Static titles/canonical/schema/internal-link gates passed,Five widths; two engines; light/dark passed,Runtime/request/form-label checks; no individual full task journey,20 route/viewport checks; CSS/font/image/runtime/IDs/headings/labels/overflow,No known scripted failure; manual review scope as stated
/fast-food-meals-500-to-700-calories.html,article/guide/data comparison,Scripted rendering only; family visual review does not imply individual visual inspection,Shared copy reviewed; factual/legal meaning retained; duplicate source-copy report,Static titles/canonical/schema/internal-link gates passed,Five widths; two engines; light/dark passed,Runtime/request/form-label checks; no individual full task journey,20 route/viewport checks; CSS/font/image/runtime/IDs/headings/labels/overflow,No known scripted failure; manual review scope as stated
/fast-food-nutrition-data-report.html,article/guide/data comparison,Scripted rendering only; family visual review does not imply individual visual inspection,Shared copy reviewed; factual/legal meaning retained; duplicate source-copy report,Static titles/canonical/schema/internal-link gates passed,Five widths; two engines; light/dark passed,Runtime/request/form-label checks; no individual full task journey,20 route/viewport checks; CSS/font/image/runtime/IDs/headings/labels/overflow,No known scripted failure; manual review scope as stated
/fast-food-protein-and-sodium.html,article/guide/data comparison,Scripted rendering only; family visual review does not imply individual visual inspection,Shared copy reviewed; factual/legal meaning retained; duplicate source-copy report,Static titles/canonical/schema/internal-link gates passed,Five widths; two engines; light/dark passed,Runtime/request/form-label checks; no individual full task journey,20 route/viewport checks; CSS/font/image/runtime/IDs/headings/labels/overflow,No known scripted failure; manual review scope as stated
/fast-food-under-1000mg-sodium.html,article/guide/data comparison,Scripted rendering only; family visual review does not imply individual visual inspection,Shared copy reviewed; factual/legal meaning retained; duplicate source-copy report,Static titles/canonical/schema/internal-link gates passed,Five widths; two engines; light/dark passed,Runtime/request/form-label checks; no individual full task journey,20 route/viewport checks; CSS/font/image/runtime/IDs/headings/labels/overflow,No known scripted failure; manual review scope as stated
/fats.html,article/guide/data comparison,Scripted rendering only; family visual review does not imply individual visual inspection,Shared copy reviewed; factual/legal meaning retained; duplicate source-copy report,Static titles/canonical/schema/internal-link gates passed,Five widths; two engines; light/dark passed,Runtime/request/form-label checks; no individual full task journey,20 route/viewport checks; CSS/font/image/runtime/IDs/headings/labels/overflow,No known scripted failure; manual review scope as stated
/grams-vs-milliliters-nutrition-labels.html,article/guide/data comparison,Scripted rendering only; family visual review does not imply individual visual inspection,Shared copy reviewed; factual/legal meaning retained; duplicate source-copy report,Static titles/canonical/schema/internal-link gates passed,Five widths; two engines; light/dark passed,Runtime/request/form-label checks; no individual full task journey,20 route/viewport checks; CSS/font/image/runtime/IDs/headings/labels/overflow,No known scripted failure; manual review scope as stated
/grilled-and-blackened-chicken-comparison.html,article/guide/data comparison,Scripted rendering only; family visual review does not imply individual visual inspection,Shared copy reviewed; factual/legal meaning retained; duplicate source-copy report,Static titles/canonical/schema/internal-link gates passed,Five widths; two engines; light/dark passed,Runtime/request/form-label checks; no individual full task journey,20 route/viewport checks; CSS/font/image/runtime/IDs/headings/labels/overflow,No known scripted failure; manual review scope as stated
/healthy-fast-food.html,article/guide/data comparison,Scripted rendering only; family visual review does not imply individual visual inspection,Shared copy reviewed; factual/legal meaning retained; duplicate source-copy report,Static titles/canonical/schema/internal-link gates passed,Five widths; two engines; light/dark passed,Runtime/request/form-label checks; no individual full task journey,20 route/viewport checks; CSS/font/image/runtime/IDs/headings/labels/overflow,No known scripted failure; manual review scope as stated
/high-protein-fast-food-under-500-calories.html,article/guide/data comparison,Scripted rendering only; family visual review does not imply individual visual inspection,Shared copy reviewed; factual/legal meaning retained; duplicate source-copy report,Static titles/canonical/schema/internal-link gates passed,Five widths; two engines; light/dark passed,Runtime/request/form-label checks; no individual full task journey,20 route/viewport checks; CSS/font/image/runtime/IDs/headings/labels/overflow,No known scripted failure; manual review scope as stated
/high-protein-foods-list.html,article/guide/data comparison,Scripted rendering only; family visual review does not imply individual visual inspection,Shared copy reviewed; factual/legal meaning retained; duplicate source-copy report,Static titles/canonical/schema/internal-link gates passed,Five widths; two engines; light/dark passed,Runtime/request/form-label checks; no individual full task journey,20 route/viewport checks; CSS/font/image/runtime/IDs/headings/labels/overflow,No known scripted failure; manual review scope as stated
/how-many-calories-should-i-eat-a-day.html,article/guide/data comparison,Scripted rendering only; family visual review does not imply individual visual inspection,Shared copy reviewed; factual/legal meaning retained; duplicate source-copy report,Static titles/canonical/schema/internal-link gates passed,Five widths; two engines; light/dark passed,Runtime/request/form-label checks; no individual full task journey,20 route/viewport checks; CSS/font/image/runtime/IDs/headings/labels/overflow,No known scripted failure; manual review scope as stated
/how-much-fiber-per-day.html,article/guide/data comparison,Scripted rendering only; family visual review does not imply individual visual inspection,Shared copy reviewed; factual/legal meaning retained; duplicate source-copy report,Static titles/canonical/schema/internal-link gates passed,Five widths; two engines; light/dark passed,Runtime/request/form-label checks; no individual full task journey,20 route/viewport checks; CSS/font/image/runtime/IDs/headings/labels/overflow,No known scripted failure; manual review scope as stated
/how-much-protein-can-your-body-absorb.html,article/guide/data comparison,Scripted rendering only; family visual review does not imply individual visual inspection,Shared copy reviewed; factual/legal meaning retained; duplicate source-copy report,Static titles/canonical/schema/internal-link gates passed,Five widths; two engines; light/dark passed,Runtime/request/form-label checks; no individual full task journey,20 route/viewport checks; CSS/font/image/runtime/IDs/headings/labels/overflow,No known scripted failure; manual review scope as stated
/how-much-protein-per-day.html,article/guide/data comparison,Scripted rendering only; family visual review does not imply individual visual inspection,Shared copy reviewed; factual/legal meaning retained; duplicate source-copy report,Static titles/canonical/schema/internal-link gates passed,Five widths; two engines; light/dark passed,Runtime/request/form-label checks; no individual full task journey,20 route/viewport checks; CSS/font/image/runtime/IDs/headings/labels/overflow,No known scripted failure; manual review scope as stated
/how-much-sodium-per-day.html,article/guide/data comparison,Scripted rendering only; family visual review does not imply individual visual inspection,Shared copy reviewed; factual/legal meaning retained; duplicate source-copy report,Static titles/canonical/schema/internal-link gates passed,Five widths; two engines; light/dark passed,Runtime/request/form-label checks; no individual full task journey,20 route/viewport checks; CSS/font/image/runtime/IDs/headings/labels/overflow,No known scripted failure; manual review scope as stated
/how-to-build-a-balanced-meal-with-macros.html,article/guide/data comparison,Scripted rendering only; family visual review does not imply individual visual inspection,Shared copy reviewed; factual/legal meaning retained; duplicate source-copy report,Static titles/canonical/schema/internal-link gates passed,Five widths; two engines; light/dark passed,Runtime/request/form-label checks; no individual full task journey,20 route/viewport checks; CSS/font/image/runtime/IDs/headings/labels/overflow,No known scripted failure; manual review scope as stated
/how-to-calculate-macros-by-hand.html,article/guide/data comparison,Scripted rendering only; family visual review does not imply individual visual inspection,Shared copy reviewed; factual/legal meaning retained; duplicate source-copy report,Static titles/canonical/schema/internal-link gates passed,Five widths; two engines; light/dark passed,Runtime/request/form-label checks; no individual full task journey,20 route/viewport checks; CSS/font/image/runtime/IDs/headings/labels/overflow,No known scripted failure; manual review scope as stated
/how-to-calculate-maintenance-calories.html,article/guide/data comparison,Scripted rendering only; family visual review does not imply individual visual inspection,Shared copy reviewed; factual/legal meaning retained; duplicate source-copy report,Static titles/canonical/schema/internal-link gates passed,Five widths; two engines; light/dark passed,Runtime/request/form-label checks; no individual full task journey,20 route/viewport checks; CSS/font/image/runtime/IDs/headings/labels/overflow,No known scripted failure; manual review scope as stated
/how-to-calculate-recipe-nutrition.html,article/guide/data comparison,Scripted rendering only; family visual review does not imply individual visual inspection,Shared copy reviewed; factual/legal meaning retained; duplicate source-copy report,Static titles/canonical/schema/internal-link gates passed,Five widths; two engines; light/dark passed,Runtime/request/form-label checks; no individual full task journey,20 route/viewport checks; CSS/font/image/runtime/IDs/headings/labels/overflow,No known scripted failure; manual review scope as stated
/how-to-eat-out-without-wrecking-your-goal.html,article/guide/data comparison,Scripted rendering only; family visual review does not imply individual visual inspection,Shared copy reviewed; factual/legal meaning retained; duplicate source-copy report,Static titles/canonical/schema/internal-link gates passed,Five widths; two engines; light/dark passed,Runtime/request/form-label checks; no individual full task journey,20 route/viewport checks; CSS/font/image/runtime/IDs/headings/labels/overflow,No known scripted failure; manual review scope as stated
/how-to-hit-protein-goal-on-budget.html,article/guide/data comparison,Scripted rendering only; family visual review does not imply individual visual inspection,Shared copy reviewed; factual/legal meaning retained; duplicate source-copy report,Static titles/canonical/schema/internal-link gates passed,Five widths; two engines; light/dark passed,Runtime/request/form-label checks; no individual full task journey,20 route/viewport checks; CSS/font/image/runtime/IDs/headings/labels/overflow,No known scripted failure; manual review scope as stated
/how-to-read-a-nutrition-label.html,article/guide/data comparison,Screenshot-crop review in family contact sheet,Shared copy reviewed; factual/legal meaning retained; duplicate source-copy report,Static titles/canonical/schema/internal-link gates passed,Five widths; two engines; light/dark passed,Runtime/request/form-label checks; no individual full task journey,20 route/viewport checks; CSS/font/image/runtime/IDs/headings/labels/overflow,No known scripted failure; manual review scope as stated
/index.html,homepage,Representative viewport reviewed,Shared copy reviewed; factual/legal meaning retained; duplicate source-copy report,Static titles/canonical/schema/internal-link gates passed,Five widths; two engines; light/dark passed,Full two-browser task journey,20 route/viewport checks; CSS/font/image/runtime/IDs/headings/labels/overflow,No known scripted failure; manual review scope as stated
/jersey-mikes-healthy-subs-macros.html,restaurant reference,Scripted rendering only; family visual review does not imply individual visual inspection,Shared copy reviewed; factual/legal meaning retained; duplicate source-copy report,Static titles/canonical/schema/internal-link gates passed,Five widths; two engines; light/dark passed,Runtime/request/form-label checks; no individual full task journey,20 route/viewport checks; CSS/font/image/runtime/IDs/headings/labels/overflow,No known scripted failure; manual review scope as stated
/kfc-healthy-meals-macros.html,restaurant reference,Scripted rendering only; family visual review does not imply individual visual inspection,Shared copy reviewed; factual/legal meaning retained; duplicate source-copy report,Static titles/canonical/schema/internal-link gates passed,Five widths; two engines; light/dark passed,Runtime/request/form-label checks; no individual full task journey,20 route/viewport checks; CSS/font/image/runtime/IDs/headings/labels/overflow,No known scripted failure; manual review scope as stated
/macros-for-muscle-gain.html,article/guide/data comparison,Scripted rendering only; family visual review does not imply individual visual inspection,Shared copy reviewed; factual/legal meaning retained; duplicate source-copy report,Static titles/canonical/schema/internal-link gates passed,Five widths; two engines; light/dark passed,Runtime/request/form-label checks; no individual full task journey,20 route/viewport checks; CSS/font/image/runtime/IDs/headings/labels/overflow,No known scripted failure; manual review scope as stated
/macros-for-weight-loss.html,article/guide/data comparison,Scripted rendering only; family visual review does not imply individual visual inspection,Shared copy reviewed; factual/legal meaning retained; duplicate source-copy report,Static titles/canonical/schema/internal-link gates passed,Five widths; two engines; light/dark passed,Runtime/request/form-label checks; no individual full task journey,20 route/viewport checks; CSS/font/image/runtime/IDs/headings/labels/overflow,No known scripted failure; manual review scope as stated
/mcdonalds-healthy-meals-macros.html,restaurant reference,Scripted rendering only; family visual review does not imply individual visual inspection,Shared copy reviewed; factual/legal meaning retained; duplicate source-copy report,Static titles/canonical/schema/internal-link gates passed,Five widths; two engines; light/dark passed,Runtime/request/form-label checks; no individual full task journey,20 route/viewport checks; CSS/font/image/runtime/IDs/headings/labels/overflow,No known scripted failure; manual review scope as stated
/missing-restaurant-nutrition.html,article/guide/data comparison,Scripted rendering only; family visual review does not imply individual visual inspection,Shared copy reviewed; factual/legal meaning retained; duplicate source-copy report,Static titles/canonical/schema/internal-link gates passed,Five widths; two engines; light/dark passed,Runtime/request/form-label checks; no individual full task journey,20 route/viewport checks; CSS/font/image/runtime/IDs/headings/labels/overflow,No known scripted failure; manual review scope as stated
/nutrition-label-comparison-tool.html,calculator/meal ideas,Screenshot-crop review in family contact sheet,Shared copy reviewed; factual/legal meaning retained; duplicate source-copy report,Static titles/canonical/schema/internal-link gates passed,Five widths; two engines; light/dark passed,Runtime/request/form-label checks; no individual full task journey,20 route/viewport checks; CSS/font/image/runtime/IDs/headings/labels/overflow,No known scripted failure; manual review scope as stated
/nutrition-label-rounding.html,article/guide/data comparison,Scripted rendering only; family visual review does not imply individual visual inspection,Shared copy reviewed; factual/legal meaning retained; duplicate source-copy report,Static titles/canonical/schema/internal-link gates passed,Five widths; two engines; light/dark passed,Runtime/request/form-label checks; no individual full task journey,20 route/viewport checks; CSS/font/image/runtime/IDs/headings/labels/overflow,No known scripted failure; manual review scope as stated
/panda-express-base-nutrition-comparison.html,article/guide/data comparison,Scripted rendering only; family visual review does not imply individual visual inspection,Shared copy reviewed; factual/legal meaning retained; duplicate source-copy report,Static titles/canonical/schema/internal-link gates passed,Five widths; two engines; light/dark passed,Runtime/request/form-label checks; no individual full task journey,20 route/viewport checks; CSS/font/image/runtime/IDs/headings/labels/overflow,No known scripted failure; manual review scope as stated
/panda-express-chicken-entree-comparison.html,article/guide/data comparison,Scripted rendering only; family visual review does not imply individual visual inspection,Shared copy reviewed; factual/legal meaning retained; duplicate source-copy report,Static titles/canonical/schema/internal-link gates passed,Five widths; two engines; light/dark passed,Runtime/request/form-label checks; no individual full task journey,20 route/viewport checks; CSS/font/image/runtime/IDs/headings/labels/overflow,No known scripted failure; manual review scope as stated
/panda-express-healthy-meals-macros.html,restaurant reference,Scripted rendering only; family visual review does not imply individual visual inspection,Shared copy reviewed; factual/legal meaning retained; duplicate source-copy report,Static titles/canonical/schema/internal-link gates passed,Five widths; two engines; light/dark passed,Runtime/request/form-label checks; no individual full task journey,20 route/viewport checks; CSS/font/image/runtime/IDs/headings/labels/overflow,No known scripted failure; manual review scope as stated
/panera-healthy-meals-macros.html,restaurant reference,Scripted rendering only; family visual review does not imply individual visual inspection,Shared copy reviewed; factual/legal meaning retained; duplicate source-copy report,Static titles/canonical/schema/internal-link gates passed,Five widths; two engines; light/dark passed,Runtime/request/form-label checks; no individual full task journey,20 route/viewport checks; CSS/font/image/runtime/IDs/headings/labels/overflow,No known scripted failure; manual review scope as stated
/popeyes-healthy-meals-macros.html,restaurant reference,Scripted rendering only; family visual review does not imply individual visual inspection,Shared copy reviewed; factual/legal meaning retained; duplicate source-copy report,Static titles/canonical/schema/internal-link gates passed,Five widths; two engines; light/dark passed,Runtime/request/form-label checks; no individual full task journey,20 route/viewport checks; CSS/font/image/runtime/IDs/headings/labels/overflow,No known scripted failure; manual review scope as stated
/privacy.html,trust/legal/utility,Screenshot-crop review in family contact sheet,Shared copy reviewed; factual/legal meaning retained; duplicate source-copy report,Static titles/canonical/schema/internal-link gates passed,Five widths; two engines; light/dark passed,Runtime/request/form-label checks; no individual full task journey,20 route/viewport checks; CSS/font/image/runtime/IDs/headings/labels/overflow,No known scripted failure; manual review scope as stated
/protein-cost-food-waste.html,article/guide/data comparison,Scripted rendering only; family visual review does not imply individual visual inspection,Shared copy reviewed; factual/legal meaning retained; duplicate source-copy report,Static titles/canonical/schema/internal-link gates passed,Five widths; two engines; light/dark passed,Runtime/request/form-label checks; no individual full task journey,20 route/viewport checks; CSS/font/image/runtime/IDs/headings/labels/overflow,No known scripted failure; manual review scope as stated
/protein-density-fast-food.html,article/guide/data comparison,Screenshot-crop review in family contact sheet,Shared copy reviewed; factual/legal meaning retained; duplicate source-copy report,Static titles/canonical/schema/internal-link gates passed,Five widths; two engines; light/dark passed,Runtime/request/form-label checks; no individual full task journey,20 route/viewport checks; CSS/font/image/runtime/IDs/headings/labels/overflow,No known scripted failure; manual review scope as stated
/protein-powder-scoop-weight.html,article/guide/data comparison,Scripted rendering only; family visual review does not imply individual visual inspection,Shared copy reviewed; factual/legal meaning retained; duplicate source-copy report,Static titles/canonical/schema/internal-link gates passed,Five widths; two engines; light/dark passed,Runtime/request/form-label checks; no individual full task journey,20 route/viewport checks; CSS/font/image/runtime/IDs/headings/labels/overflow,No known scripted failure; manual review scope as stated
/protein-value-calculator.html,calculator/meal ideas,Screenshot-crop review in family contact sheet,Shared copy reviewed; factual/legal meaning retained; duplicate source-copy report,Static titles/canonical/schema/internal-link gates passed,Five widths; two engines; light/dark passed,Runtime/request/form-label checks; no individual full task journey,20 route/viewport checks; CSS/font/image/runtime/IDs/headings/labels/overflow,No known scripted failure; manual review scope as stated
/protein.html,article/guide/data comparison,Scripted rendering only; family visual review does not imply individual visual inspection,Shared copy reviewed; factual/legal meaning retained; duplicate source-copy report,Static titles/canonical/schema/internal-link gates passed,Five widths; two engines; light/dark passed,Runtime/request/form-label checks; no individual full task journey,20 route/viewport checks; CSS/font/image/runtime/IDs/headings/labels/overflow,No known scripted failure; manual review scope as stated
/raw-vs-cooked-food-weight.html,article/guide/data comparison,Scripted rendering only; family visual review does not imply individual visual inspection,Shared copy reviewed; factual/legal meaning retained; duplicate source-copy report,Static titles/canonical/schema/internal-link gates passed,Five widths; two engines; light/dark passed,Runtime/request/form-label checks; no individual full task journey,20 route/viewport checks; CSS/font/image/runtime/IDs/headings/labels/overflow,No known scripted failure; manual review scope as stated
/recipe-macro-scaler.html,calculator/meal ideas,Screenshot-crop review in family contact sheet,Shared copy reviewed; factual/legal meaning retained; duplicate source-copy report,Static titles/canonical/schema/internal-link gates passed,Five widths; two engines; light/dark passed,Runtime/request/form-label checks; no individual full task journey,20 route/viewport checks; CSS/font/image/runtime/IDs/headings/labels/overflow,No known scripted failure; manual review scope as stated
/restaurant-bowl-nutrition-comparison.html,article/guide/data comparison,Scripted rendering only; family visual review does not imply individual visual inspection,Shared copy reviewed; factual/legal meaning retained; duplicate source-copy report,Static titles/canonical/schema/internal-link gates passed,Five widths; two engines; light/dark passed,Runtime/request/form-label checks; no individual full task journey,20 route/viewport checks; CSS/font/image/runtime/IDs/headings/labels/overflow,No known scripted failure; manual review scope as stated
/restaurant-meal-finder.html,meal discovery/results,Representative viewport reviewed,Shared copy reviewed; factual/legal meaning retained; duplicate source-copy report,Static titles/canonical/schema/internal-link gates passed,Five widths; two engines; light/dark passed,Full two-browser task journey,20 route/viewport checks; CSS/font/image/runtime/IDs/headings/labels/overflow,No known scripted failure; manual review scope as stated
/restaurant-meal-guides.html,restaurant directory,Screenshot-crop review in family contact sheet,Shared copy reviewed; factual/legal meaning retained; duplicate source-copy report,Static titles/canonical/schema/internal-link gates passed,Five widths; two engines; light/dark passed,Runtime/request/form-label checks; no individual full task journey,20 route/viewport checks; CSS/font/image/runtime/IDs/headings/labels/overflow,No known scripted failure; manual review scope as stated
/search.html,search,Scripted rendering only; family visual review does not imply individual visual inspection,Shared copy reviewed; factual/legal meaning retained; duplicate source-copy report,Static titles/canonical/schema/internal-link gates passed,Five widths; two engines; light/dark passed,Runtime/request/form-label checks; no individual full task journey,20 route/viewport checks; CSS/font/image/runtime/IDs/headings/labels/overflow,No known scripted failure; manual review scope as stated
/serving-size-vs-portion-size.html,article/guide/data comparison,Scripted rendering only; family visual review does not imply individual visual inspection,Shared copy reviewed; factual/legal meaning retained; duplicate source-copy report,Static titles/canonical/schema/internal-link gates passed,Five widths; two engines; light/dark passed,Runtime/request/form-label checks; no individual full task journey,20 route/viewport checks; CSS/font/image/runtime/IDs/headings/labels/overflow,No known scripted failure; manual review scope as stated
/sodium-label-comparison-tool.html,calculator/meal ideas,Screenshot-crop review in family contact sheet,Shared copy reviewed; factual/legal meaning retained; duplicate source-copy report,Static titles/canonical/schema/internal-link gates passed,Five widths; two engines; light/dark passed,Runtime/request/form-label checks; no individual full task journey,20 route/viewport checks; CSS/font/image/runtime/IDs/headings/labels/overflow,No known scripted failure; manual review scope as stated
/sources.html,trust/legal/utility,Screenshot-crop review in family contact sheet,Shared copy reviewed; factual/legal meaning retained; duplicate source-copy report,Static titles/canonical/schema/internal-link gates passed,Five widths; two engines; light/dark passed,Runtime/request/form-label checks; no individual full task journey,20 route/viewport checks; CSS/font/image/runtime/IDs/headings/labels/overflow,No known scripted failure; manual review scope as stated
/starbucks-healthy-food-meals-macros.html,restaurant reference,Scripted rendering only; family visual review does not imply individual visual inspection,Shared copy reviewed; factual/legal meaning retained; duplicate source-copy report,Static titles/canonical/schema/internal-link gates passed,Five widths; two engines; light/dark passed,Runtime/request/form-label checks; no individual full task journey,20 route/viewport checks; CSS/font/image/runtime/IDs/headings/labels/overflow,No known scripted failure; manual review scope as stated
/subway-healthy-meals-macros.html,restaurant reference,Scripted rendering only; family visual review does not imply individual visual inspection,Shared copy reviewed; factual/legal meaning retained; duplicate source-copy report,Static titles/canonical/schema/internal-link gates passed,Five widths; two engines; light/dark passed,Runtime/request/form-label checks; no individual full task journey,20 route/viewport checks; CSS/font/image/runtime/IDs/headings/labels/overflow,No known scripted failure; manual review scope as stated
/sweat-rate-calculator.html,calculator/meal ideas,Screenshot-crop review in family contact sheet,Shared copy reviewed; factual/legal meaning retained; duplicate source-copy report,Static titles/canonical/schema/internal-link gates passed,Five widths; two engines; light/dark passed,Runtime/request/form-label checks; no individual full task journey,20 route/viewport checks; CSS/font/image/runtime/IDs/headings/labels/overflow,No known scripted failure; manual review scope as stated
/sweetgreen-healthy-meals-macros.html,restaurant reference,Scripted rendering only; family visual review does not imply individual visual inspection,Shared copy reviewed; factual/legal meaning retained; duplicate source-copy report,Static titles/canonical/schema/internal-link gates passed,Five widths; two engines; light/dark passed,Runtime/request/form-label checks; no individual full task journey,20 route/viewport checks; CSS/font/image/runtime/IDs/headings/labels/overflow,No known scripted failure; manual review scope as stated
/sweetgreen-vs-panera-chicken-salads.html,article/guide/data comparison,Scripted rendering only; family visual review does not imply individual visual inspection,Shared copy reviewed; factual/legal meaning retained; duplicate source-copy report,Static titles/canonical/schema/internal-link gates passed,Five widths; two engines; light/dark passed,Runtime/request/form-label checks; no individual full task journey,20 route/viewport checks; CSS/font/image/runtime/IDs/headings/labels/overflow,No known scripted failure; manual review scope as stated
/taco-bell-healthy-meals-macros.html,restaurant reference,Scripted rendering only; family visual review does not imply individual visual inspection,Shared copy reviewed; factual/legal meaning retained; duplicate source-copy report,Static titles/canonical/schema/internal-link gates passed,Five widths; two engines; light/dark passed,Runtime/request/form-label checks; no individual full task journey,20 route/viewport checks; CSS/font/image/runtime/IDs/headings/labels/overflow,No known scripted failure; manual review scope as stated
/terms.html,trust/legal/utility,Scripted rendering only; family visual review does not imply individual visual inspection,Shared copy reviewed; factual/legal meaning retained; duplicate source-copy report,Static titles/canonical/schema/internal-link gates passed,Five widths; two engines; light/dark passed,Runtime/request/form-label checks; no individual full task journey,20 route/viewport checks; CSS/font/image/runtime/IDs/headings/labels/overflow,No known scripted failure; manual review scope as stated
/unequal-recipe-portions.html,article/guide/data comparison,Scripted rendering only; family visual review does not imply individual visual inspection,Shared copy reviewed; factual/legal meaning retained; duplicate source-copy report,Static titles/canonical/schema/internal-link gates passed,Five widths; two engines; light/dark passed,Runtime/request/form-label checks; no individual full task journey,20 route/viewport checks; CSS/font/image/runtime/IDs/headings/labels/overflow,No known scripted failure; manual review scope as stated
/use-calorie-target-meal-finder.html,article/guide/data comparison,Scripted rendering only; family visual review does not imply individual visual inspection,Shared copy reviewed; factual/legal meaning retained; duplicate source-copy report,Static titles/canonical/schema/internal-link gates passed,Five widths; two engines; light/dark passed,Runtime/request/form-label checks; no individual full task journey,20 route/viewport checks; CSS/font/image/runtime/IDs/headings/labels/overflow,No known scripted failure; manual review scope as stated
/vegetarian-fast-food-protein-comparison.html,article/guide/data comparison,Scripted rendering only; family visual review does not imply individual visual inspection,Shared copy reviewed; factual/legal meaning retained; duplicate source-copy report,Static titles/canonical/schema/internal-link gates passed,Five widths; two engines; light/dark passed,Runtime/request/form-label checks; no individual full task journey,20 route/viewport checks; CSS/font/image/runtime/IDs/headings/labels/overflow,No known scripted failure; manual review scope as stated
/weight-goal-timeline-calculator.html,calculator/meal ideas,Screenshot-crop review in family contact sheet,Shared copy reviewed; factual/legal meaning retained; duplicate source-copy report,Static titles/canonical/schema/internal-link gates passed,Five widths; two engines; light/dark passed,Runtime/request/form-label checks; no individual full task journey,20 route/viewport checks; CSS/font/image/runtime/IDs/headings/labels/overflow,No known scripted failure; manual review scope as stated
/wendys-healthy-meals-macros.html,restaurant reference,Scripted rendering only; family visual review does not imply individual visual inspection,Shared copy reviewed; factual/legal meaning retained; duplicate source-copy report,Static titles/canonical/schema/internal-link gates passed,Five widths; two engines; light/dark passed,Runtime/request/form-label checks; no individual full task journey,20 route/viewport checks; CSS/font/image/runtime/IDs/headings/labels/overflow,No known scripted failure; manual review scope as stated
/what-are-macros.html,article/guide/data comparison,Scripted rendering only; family visual review does not imply individual visual inspection,Shared copy reviewed; factual/legal meaning retained; duplicate source-copy report,Static titles/canonical/schema/internal-link gates passed,Five widths; two engines; light/dark passed,Runtime/request/form-label checks; no individual full task journey,20 route/viewport checks; CSS/font/image/runtime/IDs/headings/labels/overflow,No known scripted failure; manual review scope as stated
/what-is-a-calorie-deficit.html,article/guide/data comparison,Scripted rendering only; family visual review does not imply individual visual inspection,Shared copy reviewed; factual/legal meaning retained; duplicate source-copy report,Static titles/canonical/schema/internal-link gates passed,Five widths; two engines; light/dark passed,Runtime/request/form-label checks; no individual full task journey,20 route/viewport checks; CSS/font/image/runtime/IDs/headings/labels/overflow,No known scripted failure; manual review scope as stated
/what-to-eat-after-a-workout.html,article/guide/data comparison,Scripted rendering only; family visual review does not imply individual visual inspection,Shared copy reviewed; factual/legal meaning retained; duplicate source-copy report,Static titles/canonical/schema/internal-link gates passed,Five widths; two engines; light/dark passed,Runtime/request/form-label checks; no individual full task journey,20 route/viewport checks; CSS/font/image/runtime/IDs/headings/labels/overflow,No known scripted failure; manual review scope as stated
/what-to-eat-before-a-workout.html,article/guide/data comparison,Scripted rendering only; family visual review does not imply individual visual inspection,Shared copy reviewed; factual/legal meaning retained; duplicate source-copy report,Static titles/canonical/schema/internal-link gates passed,Five widths; two engines; light/dark passed,Runtime/request/form-label checks; no individual full task journey,20 route/viewport checks; CSS/font/image/runtime/IDs/headings/labels/overflow,No known scripted failure; manual review scope as stated
/when-to-recalculate-calories-and-macros.html,article/guide/data comparison,Scripted rendering only; family visual review does not imply individual visual inspection,Shared copy reviewed; factual/legal meaning retained; duplicate source-copy report,Static titles/canonical/schema/internal-link gates passed,Five widths; two engines; light/dark passed,Runtime/request/form-label checks; no individual full task journey,20 route/viewport checks; CSS/font/image/runtime/IDs/headings/labels/overflow,No known scripted failure; manual review scope as stated
/why-did-i-gain-weight-overnight.html,article/guide/data comparison,Scripted rendering only; family visual review does not imply individual visual inspection,Shared copy reviewed; factual/legal meaning retained; duplicate source-copy report,Static titles/canonical/schema/internal-link gates passed,Five widths; two engines; light/dark passed,Runtime/request/form-label checks; no individual full task journey,20 route/viewport checks; CSS/font/image/runtime/IDs/headings/labels/overflow,No known scripted failure; manual review scope as stated
