route,title,main_words,external_links,action
/404.html,Page Not Found,44,0,Retained; mechanical inventory only in this pass. No arbitrary minimum word count applied.
/about.html,"About GetMacros | Nutrition Tools, Data & Editorial Standards",123,0,Retained; mechanical inventory only in this pass. No arbitrary minimum word count applied.
/accessibility.html,Accessibility at GetMacros,242,0,Retained; mechanical inventory only in this pass. No arbitrary minimum word count applied.
/are-diet-drinks-bad-for-you.html,Are Diet Drinks Bad for You? | GetMacros,1338,10,Retained; mechanical inventory only in this pass. No arbitrary minimum word count applied.
/articles.html,"Nutrition basics: Calories, Macros & Healthy Eating | GetMacros",320,0,Retained; mechanical inventory only in this pass. No arbitrary minimum word count applied.
/best-fast-food-restaurants-for-your-goals.html,Healthy fast food: which restaurant fits your goal? | GetMacros,753,1,Retained; mechanical inventory only in this pass. No arbitrary minimum word count applied.
/blog.html,GetMacros Journal | Eating Out and Nutrition Guides,103,0,Retained; mechanical inventory only in this pass. No arbitrary minimum word count applied.
/body-recomposition-explained.html,Body Recomposition: How to Track Progress | GetMacros,629,3,"Rewritten to focus on measurement and interpretation, distinct from the calorie-deficit evidence article."
/budget-meal-builder.html,"Simple meal ideas: Easy Breakfasts, Lunches & Dinners | GetMacros",337,0,Retained; mechanical inventory only in this pass. No arbitrary minimum word count applied.
/calculators.html,"Free Macro Calculator: Calories, Protein, Carbs & Fat | GetMacros",274,0,Retained; mechanical inventory only in this pass. No arbitrary minimum word count applied.
/calories-on-rest-days.html,Should You Eat the Same Calories on Rest Days? | GetMacros,681,3,Retained; mechanical inventory only in this pass. No arbitrary minimum word count applied.
/calories-vs-macros-what-matters-more.html,Calories vs. Macros: What Matters More? | GetMacros,1514,7,Retained; mechanical inventory only in this pass. No arbitrary minimum word count applied.
/can-you-build-muscle-in-a-calorie-deficit.html,Can You Build Muscle in a Calorie Deficit? | GetMacros,484,3,Retained; mechanical inventory only in this pass. No arbitrary minimum word count applied.
/carbohydrate-label-portion-tool.html,Carb calculator | GetMacros,221,0,Retained; mechanical inventory only in this pass. No arbitrary minimum word count applied.
/carbs.html,What do carbs do in your body? | GetMacros,433,4,Retained; mechanical inventory only in this pass. No arbitrary minimum word count applied.
/cava-healthy-meals-macros.html,"Healthy CAVA Orders: Bowls, Calories & Protein | GetMacros",534,3,"Repeated ranked meal cards replaced by a restaurant-specific decision, two recorded portions, interpretation and direct sources."
/chick-fil-a-healthy-meals-macros.html,Healthy Chick-fil-A Orders: Calories & Protein | GetMacros,652,3,"Repeated ranked meal cards replaced by a restaurant-specific decision, two recorded portions, interpretation and direct sources."
/chipotle-healthy-meals-macros.html,"Healthy Chipotle Orders: Bowls, Calories & Protein | GetMacros",649,4,"Repeated ranked meal cards replaced by a restaurant-specific decision, two recorded portions, interpretation and direct sources."
/contact.html,Contact GetMacros,108,2,Retained; mechanical inventory only in this pass. No arbitrary minimum word count applied.
/corrections.html,Corrections and updates | GetMacros,412,0,Retained; mechanical inventory only in this pass. No arbitrary minimum word count applied.
/cutting-bulking-maintenance-explained.html,"Cutting, bulking or maintenance: what do they mean? | GetMacros",429,3,Retained; mechanical inventory only in this pass. No arbitrary minimum word count applied.
/does-creatine-cause-hair-loss.html,Does Creatine Cause Hair Loss? | GetMacros,1169,8,Retained; mechanical inventory only in this pass. No arbitrary minimum word count applied.
/dunkin-healthy-breakfast-macros.html,Healthy Dunkin' Breakfast: Calories & Protein | GetMacros,506,3,"Repeated ranked meal cards replaced by a restaurant-specific decision, two recorded portions, interpretation and direct sources."
/editorial-policy.html,Editorial policy | GetMacros,348,0,Retained; mechanical inventory only in this pass. No arbitrary minimum word count applied.
/fats.html,What does fat do in your body? | GetMacros,457,4,Retained; mechanical inventory only in this pass. No arbitrary minimum word count applied.
/healthy-fast-food.html,Healthy Fast Food Options: Calories & Protein | GetMacros,989,0,Retained; mechanical inventory only in this pass. No arbitrary minimum word count applied.
/high-protein-foods-list.html,25 High-Protein Foods: Compare Servings & Calories | GetMacros,770,25,Retained; mechanical inventory only in this pass. No arbitrary minimum word count applied.
/how-many-calories-should-i-eat-a-day.html,How many calories should I eat a day? | GetMacros,566,2,Retained; mechanical inventory only in this pass. No arbitrary minimum word count applied.
/how-much-fiber-per-day.html,How much fiber do you need per day? | GetMacros,442,3,Retained; mechanical inventory only in this pass. No arbitrary minimum word count applied.
/how-much-protein-can-your-body-absorb.html,How Much Protein Can Your Body Absorb at Once? | GetMacros,1366,8,Retained; mechanical inventory only in this pass. No arbitrary minimum word count applied.
/how-much-protein-per-day.html,How much protein do you need per day? | GetMacros,447,3,Retained; mechanical inventory only in this pass. No arbitrary minimum word count applied.
/how-much-sodium-per-day.html,How much sodium should you have per day? | GetMacros,445,3,Retained; mechanical inventory only in this pass. No arbitrary minimum word count applied.
/how-to-build-a-balanced-meal-with-macros.html,How to Build a Balanced Meal With Macros | GetMacros,520,3,Retained; mechanical inventory only in this pass. No arbitrary minimum word count applied.
/how-to-calculate-macros-by-hand.html,How to calculate your macros by hand | GetMacros,446,3,Retained; mechanical inventory only in this pass. No arbitrary minimum word count applied.
/how-to-calculate-maintenance-calories.html,How to Calculate Maintenance Calories | GetMacros,537,3,Retained; mechanical inventory only in this pass. No arbitrary minimum word count applied.
/how-to-calculate-recipe-nutrition.html,How to Calculate Calories and Macros in a Recipe,519,2,Retained; mechanical inventory only in this pass. No arbitrary minimum word count applied.
/how-to-eat-out-without-wrecking-your-goal.html,How to eat out while working toward your goals | GetMacros,617,2,Retained; mechanical inventory only in this pass. No arbitrary minimum word count applied.
/how-to-hit-protein-goal-on-budget.html,How to Hit Your Protein Goal on a Budget | GetMacros,687,3,Retained; mechanical inventory only in this pass. No arbitrary minimum word count applied.
/how-to-read-a-nutrition-label.html,How to read a nutrition label | GetMacros,656,4,Retained; mechanical inventory only in this pass. No arbitrary minimum word count applied.
/index.html,Find a fast-food meal that fits your macros | GetMacros,590,4,Retained; mechanical inventory only in this pass. No arbitrary minimum word count applied.
/jersey-mikes-healthy-subs-macros.html,Healthy Jersey Mike's Subs: Calories & Protein | GetMacros,547,3,"Repeated ranked meal cards replaced by a restaurant-specific decision, two recorded portions, interpretation and direct sources."
/kfc-healthy-meals-macros.html,Healthy KFC Options: Calories & Protein | GetMacros,543,3,"Repeated ranked meal cards replaced by a restaurant-specific decision, two recorded portions, interpretation and direct sources."
/macros-for-muscle-gain.html,How to set your macros for muscle gain | GetMacros,466,4,Retained; mechanical inventory only in this pass. No arbitrary minimum word count applied.
/macros-for-weight-loss.html,How to set your macros for weight loss | GetMacros,460,3,Retained; mechanical inventory only in this pass. No arbitrary minimum word count applied.
/mcdonalds-healthy-meals-macros.html,Healthy McDonald's Options: Calories & Protein | GetMacros,540,8,"Repeated ranked meal cards replaced by a restaurant-specific decision, two recorded portions, interpretation and direct sources."
/nutrition-label-comparison-tool.html,Nutrition Label Comparison Tool: Compare Two Foods | GetMacros,186,0,Retained; mechanical inventory only in this pass. No arbitrary minimum word count applied.
/panda-express-healthy-meals-macros.html,Healthy Panda Express Orders: Calories & Protein | GetMacros,597,3,"Repeated ranked meal cards replaced by a restaurant-specific decision, two recorded portions, interpretation and direct sources."
/panera-healthy-meals-macros.html,Healthy Panera Orders: Calories & Protein | GetMacros,564,3,"Repeated ranked meal cards replaced by a restaurant-specific decision, two recorded portions, interpretation and direct sources."
/popeyes-healthy-meals-macros.html,Healthy Popeyes Options: Calories & Protein | GetMacros,529,3,"Repeated ranked meal cards replaced by a restaurant-specific decision, two recorded portions, interpretation and direct sources."
/privacy.html,Privacy Policy,375,3,Retained; mechanical inventory only in this pass. No arbitrary minimum word count applied.
/protein-value-calculator.html,Protein cost per gram calculator | GetMacros,197,0,Retained; mechanical inventory only in this pass. No arbitrary minimum word count applied.
/protein.html,What does protein do in your body? | GetMacros,420,3,Retained; mechanical inventory only in this pass. No arbitrary minimum word count applied.
/recipe-macro-scaler.html,Recipe Portion Calculator: Calories per Serving | GetMacros,213,0,Retained; mechanical inventory only in this pass. No arbitrary minimum word count applied.
/restaurant-meal-finder.html,Healthy Fast-Food Meal Finder: High-Protein & Low-Calorie Meals,1664,0,Retained; mechanical inventory only in this pass. No arbitrary minimum word count applied.
/restaurant-meal-guides.html,Healthy Fast-Food Restaurant Guides | GetMacros,123,0,Retained; mechanical inventory only in this pass. No arbitrary minimum word count applied.
/search.html,"Search Healthy Fast Food, Macro Tools & Guides | GetMacros",2025,0,Retained; mechanical inventory only in this pass. No arbitrary minimum word count applied.
/serving-size-vs-portion-size.html,Serving Size vs. Portion Size: What Is the Difference?,696,2,Retained; mechanical inventory only in this pass. No arbitrary minimum word count applied.
/sodium-label-comparison-tool.html,Sodium calculator | GetMacros,236,0,Retained; mechanical inventory only in this pass. No arbitrary minimum word count applied.
/sources.html,Nutrition Sources & Calculator Methods | GetMacros,684,19,"Corrected explanation of complete records, missing values, filter exclusions and preference ordering."
/starbucks-healthy-food-meals-macros.html,Healthy Starbucks Food: Calories & Protein | GetMacros,588,7,"Repeated ranked meal cards replaced by a restaurant-specific decision, two recorded portions, interpretation and direct sources."
/subway-healthy-meals-macros.html,Healthy Subway Orders: Calories & Protein | GetMacros,580,3,"Repeated ranked meal cards replaced by a restaurant-specific decision, two recorded portions, interpretation and direct sources."
/sweat-rate-calculator.html,Sweat rate calculator | GetMacros,247,1,Retained; mechanical inventory only in this pass. No arbitrary minimum word count applied.
/sweetgreen-healthy-meals-macros.html,Healthy Sweetgreen Bowls: Calories & Protein | GetMacros,529,3,"Repeated ranked meal cards replaced by a restaurant-specific decision, two recorded portions, interpretation and direct sources."
/taco-bell-healthy-meals-macros.html,"Healthy Taco Bell Orders: Bowls, Tacos & Calories | GetMacros",550,5,"Repeated ranked meal cards replaced by a restaurant-specific decision, two recorded portions, interpretation and direct sources."
/terms.html,Terms of Use,330,0,Retained; mechanical inventory only in this pass. No arbitrary minimum word count applied.
/weight-goal-timeline-calculator.html,Weight goal timeline | GetMacros,251,0,Retained; mechanical inventory only in this pass. No arbitrary minimum word count applied.
/wendys-healthy-meals-macros.html,Healthy Wendy's Options: Calories & Protein | GetMacros,537,7,"Repeated ranked meal cards replaced by a restaurant-specific decision, two recorded portions, interpretation and direct sources."
/what-are-macros.html,What are macros? | GetMacros,403,2,Retained; mechanical inventory only in this pass. No arbitrary minimum word count applied.
/what-is-a-calorie-deficit.html,What Is a Calorie Deficit? | GetMacros,480,3,Retained; mechanical inventory only in this pass. No arbitrary minimum word count applied.
/what-to-eat-after-a-workout.html,What to Eat After a Workout | GetMacros,637,3,Retained; mechanical inventory only in this pass. No arbitrary minimum word count applied.
/what-to-eat-before-a-workout.html,What to Eat Before a Workout | GetMacros,700,2,Retained; mechanical inventory only in this pass. No arbitrary minimum word count applied.
/when-to-recalculate-calories-and-macros.html,When Should You Recalculate Calories and Macros? | GetMacros,464,3,Retained; mechanical inventory only in this pass. No arbitrary minimum word count applied.
/why-did-i-gain-weight-overnight.html,Why Did I Gain Weight Overnight? | GetMacros,622,2,Retained; mechanical inventory only in this pass. No arbitrary minimum word count applied.
