path,section,decision,reason,final indexability,replacement/redirect if relevant
404.html,Site,CORE,"Directly supports healthy fast-food discovery, macro tools, or site trust.",not indexable / removed,
a1c-cgm-food-patterns-context.html,Site,REMOVE,"Outside the focused healthy-fast-food and macro-tools product, duplicative, or insufficiently distinctive.",not indexable / removed,
about.html,Trust,CORE,"Directly supports healthy fast-food discovery, macro tools, or site trust.",indexable,
accessibility.html,Trust,CORE,"Directly supports healthy fast-food discovery, macro tools, or site trust.",indexable,
added-sugar-vs-natural-sugar.html,Site,REMOVE,"Outside the focused healthy-fast-food and macro-tools product, duplicative, or insufficiently distinctive.",not indexable / removed,
alcohol-and-macros.html,Site,REMOVE,"Outside the focused healthy-fast-food and macro-tools product, duplicative, or insufficiently distinctive.",not indexable / removed,
alcohol-associated-liver-disease-nutrition.html,Site,REMOVE,"Outside the focused healthy-fast-food and macro-tools product, duplicative, or insufficiently distinctive.",not indexable / removed,
allergen-cross-contact-explained.html,Site,REMOVE,"Outside the focused healthy-fast-food and macro-tools product, duplicative, or insufficiently distinctive.",not indexable / removed,
allergen-label-practice-game.html,Site,REMOVE,"Outside the focused healthy-fast-food and macro-tools product, duplicative, or insufficiently distinctive.",not indexable / removed,
animal-based-diet-explained.html,Site,REMOVE,"Outside the focused healthy-fast-food and macro-tools product, duplicative, or insufficiently distinctive.",not indexable / removed,
antioxidants-and-free-radicals.html,Site,REMOVE,"Outside the focused healthy-fast-food and macro-tools product, duplicative, or insufficiently distinctive.",not indexable / removed,
appetite-changes-in-older-adults.html,Site,REMOVE,"Outside the focused healthy-fast-food and macro-tools product, duplicative, or insufficiently distinctive.",not indexable / removed,
are-diet-drinks-bad-for-you.html,Journal,SUPPORT,Focused practical guidance that explains or supports a core GetMacros task.,indexable,
are-protein-bars-actually-healthy.html,Site,REMOVE,"Outside the focused healthy-fast-food and macro-tools product, duplicative, or insufficiently distinctive.",not indexable / removed,
articles.html,Site,CORE,"Directly supports healthy fast-food discovery, macro tools, or site trust.",indexable,
artificial-sweeteners-explained.html,Site,REMOVE,"Outside the focused healthy-fast-food and macro-tools product, duplicative, or insufficiently distinctive.",not indexable / removed,
athlete-diets-quiz.html,Site,REMOVE,"Outside the focused healthy-fast-food and macro-tools product, duplicative, or insufficiently distinctive.",not indexable / removed,
atp-explained.html,Site,REMOVE,"Outside the focused healthy-fast-food and macro-tools product, duplicative, or insufficiently distinctive.",not indexable / removed,
b-vitamins-and-metabolism.html,Site,REMOVE,"Outside the focused healthy-fast-food and macro-tools product, duplicative, or insufficiently distinctive.",not indexable / removed,
balanced-breakfast-formula.html,Site,REMOVE,"Outside the focused healthy-fast-food and macro-tools product, duplicative, or insufficiently distinctive.",not indexable / removed,
balanced-meals-for-growing-kids.html,Site,REMOVE,"Outside the focused healthy-fast-food and macro-tools product, duplicative, or insufficiently distinctive.",not indexable / removed,
balanced-vegetarian-meal-formula.html,Site,REMOVE,"Outside the focused healthy-fast-food and macro-tools product, duplicative, or insufficiently distinctive.",not indexable / removed,
batch-cooking-on-a-budget.html,Site,REMOVE,"Outside the focused healthy-fast-food and macro-tools product, duplicative, or insufficiently distinctive.",not indexable / removed,
bcaas-explained.html,Site,REMOVE,"Outside the focused healthy-fast-food and macro-tools product, duplicative, or insufficiently distinctive.",not indexable / removed,
best-breakfast-for-muscle-gain.html,Site,REMOVE,"Outside the focused healthy-fast-food and macro-tools product, duplicative, or insufficiently distinctive.",not indexable / removed,
best-fast-food-restaurants-for-your-goals.html,Journal,SUPPORT,Focused practical guidance that explains or supports a core GetMacros task.,indexable,
best-time-to-eat-carbs.html,Site,REMOVE,"Outside the focused healthy-fast-food and macro-tools product, duplicative, or insufficiently distinctive.",not indexable / removed,
beta-oxidation-explained.html,Site,REMOVE,"Outside the focused healthy-fast-food and macro-tools product, duplicative, or insufficiently distinctive.",not indexable / removed,
biochemistry-quiz.html,Site,REMOVE,"Outside the focused healthy-fast-food and macro-tools product, duplicative, or insufficiently distinctive.",not indexable / removed,
biotin-foods-lab-test-interference.html,Site,REMOVE,"Outside the focused healthy-fast-food and macro-tools product, duplicative, or insufficiently distinctive.",not indexable / removed,
biotin-thyroid-tests-supplement-interference.html,Site,REMOVE,"Outside the focused healthy-fast-food and macro-tools product, duplicative, or insufficiently distinctive.",not indexable / removed,
bloating-and-gas-food-guide.html,Site,REMOVE,"Outside the focused healthy-fast-food and macro-tools product, duplicative, or insufficiently distinctive.",not indexable / removed,
blog.html,Site,CORE,"Directly supports healthy fast-food discovery, macro tools, or site trust.",indexable,
blood-sugar-safety-scenario-game.html,Site,REMOVE,"Outside the focused healthy-fast-food and macro-tools product, duplicative, or insufficiently distinctive.",not indexable / removed,
body-recomposition-explained.html,Macros and goals,SUPPORT,Focused practical guidance that explains or supports a core GetMacros task.,indexable,
body-types-somatotypes-macros.html,Site,REMOVE,"Outside the focused healthy-fast-food and macro-tools product, duplicative, or insufficiently distinctive.",not indexable / removed,
bone-health-visit-planner.html,Site,REMOVE,"Outside the focused healthy-fast-food and macro-tools product, duplicative, or insufficiently distinctive.",not indexable / removed,
breastfeeding-nutrition-hydration-guide.html,Site,REMOVE,"Outside the focused healthy-fast-food and macro-tools product, duplicative, or insufficiently distinctive.",not indexable / removed,
budget-friendly-fruit-vegetables.html,Site,REMOVE,"Outside the focused healthy-fast-food and macro-tools product, duplicative, or insufficiently distinctive.",not indexable / removed,
budget-meal-builder.html,Tools,CORE,"Directly supports healthy fast-food discovery, macro tools, or site trust.",indexable,
budget-pantry-guides.html,Site,REMOVE,"Outside the focused healthy-fast-food and macro-tools product, duplicative, or insufficiently distinctive.",not indexable / removed,
build-a-plate-game.html,Site,REMOVE,"Outside the focused healthy-fast-food and macro-tools product, duplicative, or insufficiently distinctive.",not indexable / removed,
bulking-without-gaining-fat.html,Site,REMOVE,"Outside the focused healthy-fast-food and macro-tools product, duplicative, or insufficiently distinctive.",not indexable / removed,
caffeine-and-athletic-performance.html,Site,REMOVE,"Outside the focused healthy-fast-food and macro-tools product, duplicative, or insufficiently distinctive.",not indexable / removed,
caffeine-cutoff-before-bed.html,Site,REMOVE,"Outside the focused healthy-fast-food and macro-tools product, duplicative, or insufficiently distinctive.",not indexable / removed,
calcium-and-bone-health.html,Site,REMOVE,"Outside the focused healthy-fast-food and macro-tools product, duplicative, or insufficiently distinctive.",not indexable / removed,
calcium-vitamin-d-for-teens.html,Site,REMOVE,"Outside the focused healthy-fast-food and macro-tools product, duplicative, or insufficiently distinctive.",not indexable / removed,
calculators.html,Tools,CORE,"Directly supports healthy fast-food discovery, macro tools, or site trust.",indexable,
calories-vs-macros-what-matters-more.html,Journal,SUPPORT,Focused practical guidance that explains or supports a core GetMacros task.,indexable,
carb-cycling-explained.html,Site,REMOVE,"Outside the focused healthy-fast-food and macro-tools product, duplicative, or insufficiently distinctive.",not indexable / removed,
carb-loading-for-athletes.html,Site,REMOVE,"Outside the focused healthy-fast-food and macro-tools product, duplicative, or insufficiently distinctive.",not indexable / removed,
carbohydrate-counting-food-labels-diabetes.html,Site,REMOVE,"Outside the focused healthy-fast-food and macro-tools product, duplicative, or insufficiently distinctive.",not indexable / removed,
carbohydrate-label-portion-tool.html,Tools,CORE,"Directly supports healthy fast-food discovery, macro tools, or site trust.",indexable,
carbohydrate-quality-guide.html,Site,REMOVE,"Outside the focused healthy-fast-food and macro-tools product, duplicative, or insufficiently distinctive.",not indexable / removed,
carbohydrates-for-strength-training.html,Site,REMOVE,"Outside the focused healthy-fast-food and macro-tools product, duplicative, or insufficiently distinctive.",not indexable / removed,
carbs-quiz.html,Site,REMOVE,"Outside the focused healthy-fast-food and macro-tools product, duplicative, or insufficiently distinctive.",not indexable / removed,
carbs.html,Macros and goals,SUPPORT,Focused practical guidance that explains or supports a core GetMacros task.,indexable,
carnivore-diet-explained.html,Site,REMOVE,"Outside the focused healthy-fast-food and macro-tools product, duplicative, or insufficiently distinctive.",not indexable / removed,
catabolism-vs-anabolism.html,Site,REMOVE,"Outside the focused healthy-fast-food and macro-tools product, duplicative, or insufficiently distinctive.",not indexable / removed,
cava-healthy-meals-macros.html,Healthy fast food,CORE,"Directly supports healthy fast-food discovery, macro tools, or site trust.",indexable,
cell-biology-quiz.html,Site,REMOVE,"Outside the focused healthy-fast-food and macro-tools product, duplicative, or insufficiently distinctive.",not indexable / removed,
cell-membrane-transport.html,Site,REMOVE,"Outside the focused healthy-fast-food and macro-tools product, duplicative, or insufficiently distinctive.",not indexable / removed,
cheat-days-do-they-help-or-hurt.html,Site,REMOVE,"Outside the focused healthy-fast-food and macro-tools product, duplicative, or insufficiently distinctive.",not indexable / removed,
chewing-swallowing-barriers-nutrition.html,Site,REMOVE,"Outside the focused healthy-fast-food and macro-tools product, duplicative, or insufficiently distinctive.",not indexable / removed,
chick-fil-a-healthy-meals-macros.html,Healthy fast food,CORE,"Directly supports healthy fast-food discovery, macro tools, or site trust.",indexable,
children-teen-nutrition-guides.html,Site,REMOVE,"Outside the focused healthy-fast-food and macro-tools product, duplicative, or insufficiently distinctive.",not indexable / removed,
chipotle-healthy-meals-macros.html,Healthy fast food,CORE,"Directly supports healthy fast-food discovery, macro tools, or site trust.",indexable,
cholesterol-explained.html,Site,REMOVE,"Outside the focused healthy-fast-food and macro-tools product, duplicative, or insufficiently distinctive.",not indexable / removed,
choline-foods-and-functions.html,Site,REMOVE,"Outside the focused healthy-fast-food and macro-tools product, duplicative, or insufficiently distinctive.",not indexable / removed,
choosing-food-database-entry.html,Site,REMOVE,"Outside the focused healthy-fast-food and macro-tools product, duplicative, or insufficiently distinctive.",not indexable / removed,
chromium-foods-supplements-evidence.html,Site,REMOVE,"Outside the focused healthy-fast-food and macro-tools product, duplicative, or insufficiently distinctive.",not indexable / removed,
chronic-kidney-disease-nutrition-basics.html,Site,REMOVE,"Outside the focused healthy-fast-food and macro-tools product, duplicative, or insufficiently distinctive.",not indexable / removed,
cirrhosis-protein-meals-malnutrition.html,Site,REMOVE,"Outside the focused healthy-fast-food and macro-tools product, duplicative, or insufficiently distinctive.",not indexable / removed,
cirrhosis-sodium-ascites-fluid-guide.html,Site,REMOVE,"Outside the focused healthy-fast-food and macro-tools product, duplicative, or insufficiently distinctive.",not indexable / removed,
ckd-phosphorus-additives-labels-binders.html,Site,REMOVE,"Outside the focused healthy-fast-food and macro-tools product, duplicative, or insufficiently distinctive.",not indexable / removed,
ckd-potassium-foods-labs-medicines.html,Site,REMOVE,"Outside the focused healthy-fast-food and macro-tools product, duplicative, or insufficiently distinctive.",not indexable / removed,
ckd-sodium-fluid-swelling-guide.html,Site,REMOVE,"Outside the focused healthy-fast-food and macro-tools product, duplicative, or insufficiently distinctive.",not indexable / removed,
collagen-supplements-explained.html,Site,REMOVE,"Outside the focused healthy-fast-food and macro-tools product, duplicative, or insufficiently distinctive.",not indexable / removed,
common-nutrition-myths-debunked.html,Site,REMOVE,"Outside the focused healthy-fast-food and macro-tools product, duplicative, or insufficiently distinctive.",not indexable / removed,
complete-vs-incomplete-protein.html,Site,REMOVE,"Outside the focused healthy-fast-food and macro-tools product, duplicative, or insufficiently distinctive.",not indexable / removed,
constipation-food-and-routine-guide.html,Site,REMOVE,"Outside the focused healthy-fast-food and macro-tools product, duplicative, or insufficiently distinctive.",not indexable / removed,
contact.html,Trust,CORE,"Directly supports healthy fast-food discovery, macro tools, or site trust.",indexable,
cooking-fats-guide.html,Site,REMOVE,"Outside the focused healthy-fast-food and macro-tools product, duplicative, or insufficiently distinctive.",not indexable / removed,
copper-foods-and-functions.html,Site,REMOVE,"Outside the focused healthy-fast-food and macro-tools product, duplicative, or insufficiently distinctive.",not indexable / removed,
corrections.html,Trust,CORE,"Directly supports healthy fast-food discovery, macro tools, or site trust.",indexable,
correlation-vs-causation-in-nutrition.html,Site,REMOVE,"Outside the focused healthy-fast-food and macro-tools product, duplicative, or insufficiently distinctive.",not indexable / removed,
creatine-explained.html,Site,REMOVE,"Outside the focused healthy-fast-food and macro-tools product, duplicative, or insufficiently distinctive.",not indexable / removed,
cutting-bulking-maintenance-explained.html,Macros and goals,SUPPORT,Focused practical guidance that explains or supports a core GetMacros task.,indexable,
dairy-free-calcium-foods.html,Site,REMOVE,"Outside the focused healthy-fast-food and macro-tools product, duplicative, or insufficiently distinctive.",not indexable / removed,
dash-diet-explained.html,Site,REMOVE,"Outside the focused healthy-fast-food and macro-tools product, duplicative, or insufficiently distinctive.",not indexable / removed,
dash-diet-practical-beginners-guide.html,Site,REMOVE,"Outside the focused healthy-fast-food and macro-tools product, duplicative, or insufficiently distinctive.",not indexable / removed,
diabetes-alcohol-exercise-meal-timing.html,Site,REMOVE,"Outside the focused healthy-fast-food and macro-tools product, duplicative, or insufficiently distinctive.",not indexable / removed,
diabetes-blood-sugar-nutrition-guides.html,Site,REMOVE,"Outside the focused healthy-fast-food and macro-tools product, duplicative, or insufficiently distinctive.",not indexable / removed,
diabetes-plate-method-practical-guide.html,Site,REMOVE,"Outside the focused healthy-fast-food and macro-tools product, duplicative, or insufficiently distinctive.",not indexable / removed,
dialysis-nutrition-protein-fluid-basics.html,Site,REMOVE,"Outside the focused healthy-fast-food and macro-tools product, duplicative, or insufficiently distinctive.",not indexable / removed,
diarrhea-foods-hydration-recovery.html,Site,REMOVE,"Outside the focused healthy-fast-food and macro-tools product, duplicative, or insufficiently distinctive.",not indexable / removed,
diet-sorter-game.html,Site,REMOVE,"Outside the focused healthy-fast-food and macro-tools product, duplicative, or insufficiently distinctive.",not indexable / removed,
diets-explained.html,Site,REMOVE,"Outside the focused healthy-fast-food and macro-tools product, duplicative, or insufficiently distinctive.",not indexable / removed,
diets-quiz.html,Site,REMOVE,"Outside the focused healthy-fast-food and macro-tools product, duplicative, or insufficiently distinctive.",not indexable / removed,
digestion-quiz.html,Site,REMOVE,"Outside the focused healthy-fast-food and macro-tools product, duplicative, or insufficiently distinctive.",not indexable / removed,
digestive-health-guides.html,Site,REMOVE,"Outside the focused healthy-fast-food and macro-tools product, duplicative, or insufficiently distinctive.",not indexable / removed,
digestive-pattern-worksheet.html,Site,REMOVE,"Outside the focused healthy-fast-food and macro-tools product, duplicative, or insufficiently distinctive.",not indexable / removed,
digestive-symptoms-red-flags.html,Site,REMOVE,"Outside the focused healthy-fast-food and macro-tools product, duplicative, or insufficiently distinctive.",not indexable / removed,
do-elimination-diets-improve-performance.html,Site,REMOVE,"Outside the focused healthy-fast-food and macro-tools product, duplicative, or insufficiently distinctive.",not indexable / removed,
does-caffeine-dehydrate-you.html,Site,REMOVE,"Outside the focused healthy-fast-food and macro-tools product, duplicative, or insufficiently distinctive.",not indexable / removed,
does-creatine-cause-hair-loss.html,Journal,SUPPORT,Focused practical guidance that explains or supports a core GetMacros task.,indexable,
does-eating-fat-make-you-fat.html,Site,REMOVE,"Outside the focused healthy-fast-food and macro-tools product, duplicative, or insufficiently distinctive.",not indexable / removed,
dunkin-healthy-breakfast-macros.html,Healthy fast food,CORE,"Directly supports healthy fast-food discovery, macro tools, or site trust.",indexable,
eating-late-at-night-weight-gain.html,Site,REMOVE,"Outside the focused healthy-fast-food and macro-tools product, duplicative, or insufficiently distinctive.",not indexable / removed,
editorial-policy.html,Trust,CORE,"Directly supports healthy fast-food discovery, macro tools, or site trust.",indexable,
egg-yolks-cholesterol-myth.html,Site,REMOVE,"Outside the focused healthy-fast-food and macro-tools product, duplicative, or insufficiently distinctive.",not indexable / removed,
electrolytes-explained.html,Site,REMOVE,"Outside the focused healthy-fast-food and macro-tools product, duplicative, or insufficiently distinctive.",not indexable / removed,
electron-transport-chain-explained.html,Site,REMOVE,"Outside the focused healthy-fast-food and macro-tools product, duplicative, or insufficiently distinctive.",not indexable / removed,
emergency-pantry-meals.html,Site,REMOVE,"Outside the focused healthy-fast-food and macro-tools product, duplicative, or insufficiently distinctive.",not indexable / removed,
endometriosis-bloating-bowel-symptoms-low-fodmap.html,Site,REMOVE,"Outside the focused healthy-fast-food and macro-tools product, duplicative, or insufficiently distinctive.",not indexable / removed,
endometriosis-diet-evidence-balanced-eating.html,Site,REMOVE,"Outside the focused healthy-fast-food and macro-tools product, duplicative, or insufficiently distinctive.",not indexable / removed,
endometriosis-fertility-pregnancy-nutrition.html,Site,REMOVE,"Outside the focused healthy-fast-food and macro-tools product, duplicative, or insufficiently distinctive.",not indexable / removed,
endometriosis-heavy-periods-iron-anemia.html,Site,REMOVE,"Outside the focused healthy-fast-food and macro-tools product, duplicative, or insufficiently distinctive.",not indexable / removed,
endometriosis-nutrition-guides.html,Site,REMOVE,"Outside the focused healthy-fast-food and macro-tools product, duplicative, or insufficiently distinctive.",not indexable / removed,
endometriosis-nutrition-myth-game.html,Site,REMOVE,"Outside the focused healthy-fast-food and macro-tools product, duplicative, or insufficiently distinctive.",not indexable / removed,
endometriosis-pain-flare-nausea-low-appetite-foods.html,Site,REMOVE,"Outside the focused healthy-fast-food and macro-tools product, duplicative, or insufficiently distinctive.",not indexable / removed,
endometriosis-supplements-estrogen-detox-myths.html,Site,REMOVE,"Outside the focused healthy-fast-food and macro-tools product, duplicative, or insufficiently distinctive.",not indexable / removed,
endometriosis-visit-question-builder.html,Site,REMOVE,"Outside the focused healthy-fast-food and macro-tools product, duplicative, or insufficiently distinctive.",not indexable / removed,
energy-systems-explained.html,Site,REMOVE,"Outside the focused healthy-fast-food and macro-tools product, duplicative, or insufficiently distinctive.",not indexable / removed,
enzyme-kinetics-explained.html,Site,REMOVE,"Outside the focused healthy-fast-food and macro-tools product, duplicative, or insufficiently distinctive.",not indexable / removed,
enzymes-explained.html,Site,REMOVE,"Outside the focused healthy-fast-food and macro-tools product, duplicative, or insufficiently distinctive.",not indexable / removed,
es/index.html,Site,REMOVE,Partial translation footprint without equivalent translated tools and guides.,not indexable / removed,
everyday-nutrition-guides.html,Site,REMOVE,"Outside the focused healthy-fast-food and macro-tools product, duplicative, or insufficiently distinctive.",not indexable / removed,
exercise-physiology-quiz.html,Site,REMOVE,"Outside the focused healthy-fast-food and macro-tools product, duplicative, or insufficiently distinctive.",not indexable / removed,
extended-fasting-and-omad.html,Site,REMOVE,"Outside the focused healthy-fast-food and macro-tools product, duplicative, or insufficiently distinctive.",not indexable / removed,
family-meal-planning.html,Site,REMOVE,"Outside the focused healthy-fast-food and macro-tools product, duplicative, or insufficiently distinctive.",not indexable / removed,
famous-athlete-diets-fact-checked.html,Site,REMOVE,"Outside the focused healthy-fast-food and macro-tools product, duplicative, or insufficiently distinctive.",not indexable / removed,
fasted-cardio-fat-loss.html,Site,REMOVE,"Outside the focused healthy-fast-food and macro-tools product, duplicative, or insufficiently distinctive.",not indexable / removed,
fat-quiz.html,Site,REMOVE,"Outside the focused healthy-fast-food and macro-tools product, duplicative, or insufficiently distinctive.",not indexable / removed,
fat-soluble-vitamins-explained.html,Site,REMOVE,"Outside the focused healthy-fast-food and macro-tools product, duplicative, or insufficiently distinctive.",not indexable / removed,
fats.html,Macros and goals,SUPPORT,Focused practical guidance that explains or supports a core GetMacros task.,indexable,
fermented-foods-prebiotics-probiotics.html,Site,REMOVE,"Outside the focused healthy-fast-food and macro-tools product, duplicative, or insufficiently distinctive.",not indexable / removed,
fiber-and-gut-microbiome.html,Site,REMOVE,"Outside the focused healthy-fast-food and macro-tools product, duplicative, or insufficiently distinctive.",not indexable / removed,
fiber-benefits.html,Site,REMOVE,"Outside the focused healthy-fast-food and macro-tools product, duplicative, or insufficiently distinctive.",not indexable / removed,
fiber-without-the-hype.html,Site,REMOVE,"Outside the focused healthy-fast-food and macro-tools product, duplicative, or insufficiently distinctive.",not indexable / removed,
fish-mercury-pregnancy-breastfeeding.html,Site,REMOVE,"Outside the focused healthy-fast-food and macro-tools product, duplicative, or insufficiently distinctive.",not indexable / removed,
folate-vs-folic-acid.html,Site,REMOVE,"Outside the focused healthy-fast-food and macro-tools product, duplicative, or insufficiently distinctive.",not indexable / removed,
food-allergy-label-safety-guides.html,Site,REMOVE,"Outside the focused healthy-fast-food and macro-tools product, duplicative, or insufficiently distinctive.",not indexable / removed,
food-date-labels-safety-quality.html,Site,REMOVE,"Outside the focused healthy-fast-food and macro-tools product, duplicative, or insufficiently distinctive.",not indexable / removed,
food-labels-serving-size-traps.html,Site,REMOVE,"Outside the focused healthy-fast-food and macro-tools product, duplicative, or insufficiently distinctive.",not indexable / removed,
food-literacy-guides.html,Site,REMOVE,"Outside the focused healthy-fast-food and macro-tools product, duplicative, or insufficiently distinctive.",not indexable / removed,
food-measurement-guides.html,Site,REMOVE,"Outside the focused healthy-fast-food and macro-tools product, duplicative, or insufficiently distinctive.",not indexable / removed,
food-safety-for-older-adults.html,Site,REMOVE,"Outside the focused healthy-fast-food and macro-tools product, duplicative, or insufficiently distinctive.",not indexable / removed,
food-safety-storage-guides.html,Site,REMOVE,"Outside the focused healthy-fast-food and macro-tools product, duplicative, or insufficiently distinctive.",not indexable / removed,
food-storage-decision-helper.html,Site,REMOVE,"Outside the focused healthy-fast-food and macro-tools product, duplicative, or insufficiently distinctive.",not indexable / removed,
fr/index.html,Site,REMOVE,Partial translation footprint without equivalent translated tools and guides.,not indexable / removed,
freezer-meals-balanced-nutrition.html,Site,REMOVE,"Outside the focused healthy-fast-food and macro-tools product, duplicative, or insufficiently distinctive.",not indexable / removed,
freezer-safety-and-refreezing.html,Site,REMOVE,"Outside the focused healthy-fast-food and macro-tools product, duplicative, or insufficiently distinctive.",not indexable / removed,
fresh-vs-frozen-vs-canned.html,Site,REMOVE,"Outside the focused healthy-fast-food and macro-tools product, duplicative, or insufficiently distinctive.",not indexable / removed,
front-of-package-food-claims.html,Site,REMOVE,"Outside the focused healthy-fast-food and macro-tools product, duplicative, or insufficiently distinctive.",not indexable / removed,
glossary.html,Site,REMOVE,"Outside the focused healthy-fast-food and macro-tools product, duplicative, or insufficiently distinctive.",not indexable / removed,
gluten-free-labels-celiac-disease.html,Site,REMOVE,"Outside the focused healthy-fast-food and macro-tools product, duplicative, or insufficiently distinctive.",not indexable / removed,
glycemic-index-explained.html,Site,REMOVE,"Outside the focused healthy-fast-food and macro-tools product, duplicative, or insufficiently distinctive.",not indexable / removed,
glycolysis-explained.html,Site,REMOVE,"Outside the focused healthy-fast-food and macro-tools product, duplicative, or insufficiently distinctive.",not indexable / removed,
grocery-list-for-balanced-meals.html,Site,REMOVE,"Outside the focused healthy-fast-food and macro-tools product, duplicative, or insufficiently distinctive.",not indexable / removed,
gut-health-myth-game.html,Site,REMOVE,"Outside the focused healthy-fast-food and macro-tools product, duplicative, or insufficiently distinctive.",not indexable / removed,
gut-microbiome-myths.html,Site,REMOVE,"Outside the focused healthy-fast-food and macro-tools product, duplicative, or insufficiently distinctive.",not indexable / removed,
hashimotos-diet-gluten-selenium-myths.html,Site,REMOVE,"Outside the focused healthy-fast-food and macro-tools product, duplicative, or insufficiently distinctive.",not indexable / removed,
healthy-aging-nutrition-guides.html,Site,REMOVE,"Outside the focused healthy-fast-food and macro-tools product, duplicative, or insufficiently distinctive.",not indexable / removed,
healthy-breakfasts-for-teens.html,Site,REMOVE,"Outside the focused healthy-fast-food and macro-tools product, duplicative, or insufficiently distinctive.",not indexable / removed,
healthy-fast-food.html,Healthy fast food,CORE,"Directly supports healthy fast-food discovery, macro tools, or site trust.",indexable,
healthy-high-fat-foods.html,Site,REMOVE,"Outside the focused healthy-fast-food and macro-tools product, duplicative, or insufficiently distinctive.",not indexable / removed,
healthy-packed-lunch-ideas.html,Site,REMOVE,"Outside the focused healthy-fast-food and macro-tools product, duplicative, or insufficiently distinctive.",not indexable / removed,
heart-health-food-myth-game.html,Site,REMOVE,"Outside the focused healthy-fast-food and macro-tools product, duplicative, or insufficiently distinctive.",not indexable / removed,
heart-health-nutrition-guides.html,Site,REMOVE,"Outside the focused healthy-fast-food and macro-tools product, duplicative, or insufficiently distinctive.",not indexable / removed,
heavy-periods-blood-loss-iron-deficiency.html,Site,REMOVE,"Outside the focused healthy-fast-food and macro-tools product, duplicative, or insufficiently distinctive.",not indexable / removed,
high-fiber-foods-list.html,Site,REMOVE,"Outside the focused healthy-fast-food and macro-tools product, duplicative, or insufficiently distinctive.",not indexable / removed,
high-protein-breakfast-ideas.html,Site,REMOVE,"Outside the focused healthy-fast-food and macro-tools product, duplicative, or insufficiently distinctive.",not indexable / removed,
high-protein-foods-list.html,Protein and food,SUPPORT,Focused practical guidance that explains or supports a core GetMacros task.,indexable,
high-protein-snacks-real-food.html,Site,REMOVE,"Outside the focused healthy-fast-food and macro-tools product, duplicative, or insufficiently distinctive.",not indexable / removed,
homeostasis-explained.html,Site,REMOVE,"Outside the focused healthy-fast-food and macro-tools product, duplicative, or insufficiently distinctive.",not indexable / removed,
hot-flashes-food-caffeine-alcohol-triggers.html,Site,REMOVE,"Outside the focused healthy-fast-food and macro-tools product, duplicative, or insufficiently distinctive.",not indexable / removed,
hot-weather-exercise-fueling.html,Site,REMOVE,"Outside the focused healthy-fast-food and macro-tools product, duplicative, or insufficiently distinctive.",not indexable / removed,
how-digestion-works.html,Site,REMOVE,"Outside the focused healthy-fast-food and macro-tools product, duplicative, or insufficiently distinctive.",not indexable / removed,
how-industry-funding-shapes-nutrition-research.html,Site,REMOVE,"Outside the focused healthy-fast-food and macro-tools product, duplicative, or insufficiently distinctive.",not indexable / removed,
how-many-calories-should-i-eat-a-day.html,Macros and goals,SUPPORT,Focused practical guidance that explains or supports a core GetMacros task.,indexable,
how-many-carbs-per-day.html,Site,REMOVE,"Outside the focused healthy-fast-food and macro-tools product, duplicative, or insufficiently distinctive.",not indexable / removed,
how-much-fat-per-day.html,Site,REMOVE,"Outside the focused healthy-fast-food and macro-tools product, duplicative, or insufficiently distinctive.",not indexable / removed,
how-much-fiber-per-day.html,Nutrients to watch,SUPPORT,Focused practical guidance that explains or supports a core GetMacros task.,indexable,
how-much-protein-can-your-body-absorb.html,Journal,SUPPORT,Focused practical guidance that explains or supports a core GetMacros task.,indexable,
how-much-protein-per-day.html,Macros and goals,SUPPORT,Focused practical guidance that explains or supports a core GetMacros task.,indexable,
how-much-sodium-per-day.html,Nutrients to watch,SUPPORT,Focused practical guidance that explains or supports a core GetMacros task.,indexable,
how-much-water-should-you-drink-per-day.html,Site,REMOVE,"Outside the focused healthy-fast-food and macro-tools product, duplicative, or insufficiently distinctive.",not indexable / removed,
how-to-build-a-balanced-meal.html,Site,REMOVE,"Outside the focused healthy-fast-food and macro-tools product, duplicative, or insufficiently distinctive.",not indexable / removed,
how-to-calculate-macros-by-hand.html,Macros and goals,SUPPORT,Focused practical guidance that explains or supports a core GetMacros task.,indexable,
how-to-calculate-recipe-nutrition.html,Labels and recipes,SUPPORT,Focused practical guidance that explains or supports a core GetMacros task.,indexable,
how-to-compare-grocery-unit-prices.html,Site,REMOVE,"Outside the focused healthy-fast-food and macro-tools product, duplicative, or insufficiently distinctive.",not indexable / removed,
how-to-eat-out-without-wrecking-your-goal.html,Eating out,SUPPORT,Focused practical guidance that explains or supports a core GetMacros task.,indexable,
how-to-measure-sweat-rate.html,Site,REMOVE,"Outside the focused healthy-fast-food and macro-tools product, duplicative, or insufficiently distinctive.",not indexable / removed,
how-to-read-a-meta-analysis.html,Site,REMOVE,"Outside the focused healthy-fast-food and macro-tools product, duplicative, or insufficiently distinctive.",not indexable / removed,
how-to-read-a-nutrition-label.html,Labels and recipes,SUPPORT,Focused practical guidance that explains or supports a core GetMacros task.,indexable,
how-to-read-a-nutrition-study.html,Site,REMOVE,"Outside the focused healthy-fast-food and macro-tools product, duplicative, or insufficiently distinctive.",not indexable / removed,
how-to-read-food-allergen-labels.html,Site,REMOVE,"Outside the focused healthy-fast-food and macro-tools product, duplicative, or insufficiently distinctive.",not indexable / removed,
how-to-track-your-macros.html,Site,REMOVE,"Outside the focused healthy-fast-food and macro-tools product, duplicative, or insufficiently distinctive.",not indexable / removed,
hunger-fullness-and-satiety.html,Site,REMOVE,"Outside the focused healthy-fast-food and macro-tools product, duplicative, or insufficiently distinctive.",not indexable / removed,
hydration-and-performance.html,Site,REMOVE,"Outside the focused healthy-fast-food and macro-tools product, duplicative, or insufficiently distinctive.",not indexable / removed,
hydration-electrolyte-guides.html,Site,REMOVE,"Outside the focused healthy-fast-food and macro-tools product, duplicative, or insufficiently distinctive.",not indexable / removed,
hydration-for-older-adults.html,Site,REMOVE,"Outside the focused healthy-fast-food and macro-tools product, duplicative, or insufficiently distinctive.",not indexable / removed,
hydration-in-hot-weather.html,Site,REMOVE,"Outside the focused healthy-fast-food and macro-tools product, duplicative, or insufficiently distinctive.",not indexable / removed,
hydration-needs-not-eight-glasses.html,Site,REMOVE,"Outside the focused healthy-fast-food and macro-tools product, duplicative, or insufficiently distinctive.",not indexable / removed,
hydration-scenario-game.html,Site,REMOVE,"Outside the focused healthy-fast-food and macro-tools product, duplicative, or insufficiently distinctive.",not indexable / removed,
hyperthyroidism-nutrition-weight-bone-health.html,Site,REMOVE,"Outside the focused healthy-fast-food and macro-tools product, duplicative, or insufficiently distinctive.",not indexable / removed,
hypoglycemia-food-treatment-safety.html,Site,REMOVE,"Outside the focused healthy-fast-food and macro-tools product, duplicative, or insufficiently distinctive.",not indexable / removed,
hypothyroidism-food-nutrition-basics.html,Site,REMOVE,"Outside the focused healthy-fast-food and macro-tools product, duplicative, or insufficiently distinctive.",not indexable / removed,
iifym-flexible-dieting.html,Site,REMOVE,"Outside the focused healthy-fast-food and macro-tools product, duplicative, or insufficiently distinctive.",not indexable / removed,
index.html,Site,CORE,"Directly supports healthy fast-food discovery, macro tools, or site trust.",indexable,
ingredient-list-order.html,Site,REMOVE,"Outside the focused healthy-fast-food and macro-tools product, duplicative, or insufficiently distinctive.",not indexable / removed,
insulin-and-glucagon.html,Site,REMOVE,"Outside the focused healthy-fast-food and macro-tools product, duplicative, or insufficiently distinctive.",not indexable / removed,
intermittent-fasting-and-macros.html,Site,REMOVE,"Outside the focused healthy-fast-food and macro-tools product, duplicative, or insufficiently distinctive.",not indexable / removed,
intuitive-eating-explained.html,Site,REMOVE,"Outside the focused healthy-fast-food and macro-tools product, duplicative, or insufficiently distinctive.",not indexable / removed,
iodine-thyroid-and-food-sources.html,Site,REMOVE,"Outside the focused healthy-fast-food and macro-tools product, duplicative, or insufficiently distinctive.",not indexable / removed,
iron-absorption-vitamin-c-tea-calcium.html,Site,REMOVE,"Outside the focused healthy-fast-food and macro-tools product, duplicative, or insufficiently distinctive.",not indexable / removed,
iron-anemia-nutrition-guides.html,Site,REMOVE,"Outside the focused healthy-fast-food and macro-tools product, duplicative, or insufficiently distinctive.",not indexable / removed,
iron-anemia-safety-game.html,Site,REMOVE,"Outside the focused healthy-fast-food and macro-tools product, duplicative, or insufficiently distinctive.",not indexable / removed,
iron-deficiency-and-athletes.html,Site,REMOVE,"Outside the focused healthy-fast-food and macro-tools product, duplicative, or insufficiently distinctive.",not indexable / removed,
iron-deficiency-anemia-tests-ferritin-guide.html,Site,REMOVE,"Outside the focused healthy-fast-food and macro-tools product, duplicative, or insufficiently distinctive.",not indexable / removed,
iron-for-teenagers.html,Site,REMOVE,"Outside the focused healthy-fast-food and macro-tools product, duplicative, or insufficiently distinctive.",not indexable / removed,
iron-label-and-test-question-builder.html,Site,REMOVE,"Outside the focused healthy-fast-food and macro-tools product, duplicative, or insufficiently distinctive.",not indexable / removed,
iron-overload-hemochromatosis-food-supplements.html,Site,REMOVE,"Outside the focused healthy-fast-food and macro-tools product, duplicative, or insufficiently distinctive.",not indexable / removed,
iron-rich-foods-heme-nonheme-guide.html,Site,REMOVE,"Outside the focused healthy-fast-food and macro-tools product, duplicative, or insufficiently distinctive.",not indexable / removed,
iron-supplements-elemental-iron-safety.html,Site,REMOVE,"Outside the focused healthy-fast-food and macro-tools product, duplicative, or insufficiently distinctive.",not indexable / removed,
jersey-mikes-healthy-subs-macros.html,Healthy fast food,CORE,"Directly supports healthy fast-food discovery, macro tools, or site trust.",indexable,
keto-flu-explained.html,Site,REMOVE,"Outside the focused healthy-fast-food and macro-tools product, duplicative, or insufficiently distinctive.",not indexable / removed,
ketogenic-diet-explained.html,Site,REMOVE,"Outside the focused healthy-fast-food and macro-tools product, duplicative, or insufficiently distinctive.",not indexable / removed,
kfc-healthy-meals-macros.html,Healthy fast food,CORE,"Directly supports healthy fast-food discovery, macro tools, or site trust.",indexable,
kidney-function-explained.html,Site,REMOVE,"Outside the focused healthy-fast-food and macro-tools product, duplicative, or insufficiently distinctive.",not indexable / removed,
kidney-health-nutrition-guides.html,Site,REMOVE,"Outside the focused healthy-fast-food and macro-tools product, duplicative, or insufficiently distinctive.",not indexable / removed,
kidney-nutrition-safety-game.html,Site,REMOVE,"Outside the focused healthy-fast-food and macro-tools product, duplicative, or insufficiently distinctive.",not indexable / removed,
kidney-stone-food-fluid-guide.html,Site,REMOVE,"Outside the focused healthy-fast-food and macro-tools product, duplicative, or insufficiently distinctive.",not indexable / removed,
kitchen-food-safety-game.html,Site,REMOVE,"Outside the focused healthy-fast-food and macro-tools product, duplicative, or insufficiently distinctive.",not indexable / removed,
krebs-cycle-explained.html,Site,REMOVE,"Outside the focused healthy-fast-food and macro-tools product, duplicative, or insufficiently distinctive.",not indexable / removed,
leftover-safety-two-hour-four-day-rule.html,Site,REMOVE,"Outside the focused healthy-fast-food and macro-tools product, duplicative, or insufficiently distinctive.",not indexable / removed,
leftovers-food-safety-and-nutrition.html,Site,REMOVE,"Outside the focused healthy-fast-food and macro-tools product, duplicative, or insufficiently distinctive.",not indexable / removed,
levothyroxine-food-coffee-calcium-iron-timing.html,Site,REMOVE,"Outside the focused healthy-fast-food and macro-tools product, duplicative, or insufficiently distinctive.",not indexable / removed,
liver-detox-myth-safety-game.html,Site,REMOVE,"Outside the focused healthy-fast-food and macro-tools product, duplicative, or insufficiently distinctive.",not indexable / removed,
liver-detox-supplements-herbal-injury.html,Site,REMOVE,"Outside the focused healthy-fast-food and macro-tools product, duplicative, or insufficiently distinctive.",not indexable / removed,
liver-enzymes-food-and-test-context.html,Site,REMOVE,"Outside the focused healthy-fast-food and macro-tools product, duplicative, or insufficiently distinctive.",not indexable / removed,
liver-health-nutrition-guides.html,Site,REMOVE,"Outside the focused healthy-fast-food and macro-tools product, duplicative, or insufficiently distinctive.",not indexable / removed,
liver-health-visit-question-builder.html,Site,REMOVE,"Outside the focused healthy-fast-food and macro-tools product, duplicative, or insufficiently distinctive.",not indexable / removed,
low-carb-diet-effects.html,Site,REMOVE,"Outside the focused healthy-fast-food and macro-tools product, duplicative, or insufficiently distinctive.",not indexable / removed,
low-fat-diet-risks.html,Site,REMOVE,"Outside the focused healthy-fast-food and macro-tools product, duplicative, or insufficiently distinctive.",not indexable / removed,
low-fodmap-diet-three-steps.html,Site,REMOVE,"Outside the focused healthy-fast-food and macro-tools product, duplicative, or insufficiently distinctive.",not indexable / removed,
macro-master-quiz.html,Site,REMOVE,"Outside the focused healthy-fast-food and macro-tools product, duplicative, or insufficiently distinctive.",not indexable / removed,
macro-memory-game.html,Site,REMOVE,"Outside the focused healthy-fast-food and macro-tools product, duplicative, or insufficiently distinctive.",not indexable / removed,
macro-sprint-game.html,Site,REMOVE,"Outside the focused healthy-fast-food and macro-tools product, duplicative, or insufficiently distinctive.",not indexable / removed,
macros-for-endurance-vs-strength-athletes.html,Site,REMOVE,"Outside the focused healthy-fast-food and macro-tools product, duplicative, or insufficiently distinctive.",not indexable / removed,
macros-for-muscle-gain.html,Macros and goals,SUPPORT,Focused practical guidance that explains or supports a core GetMacros task.,indexable,
macros-for-vegetarians.html,Site,REMOVE,"Outside the focused healthy-fast-food and macro-tools product, duplicative, or insufficiently distinctive.",not indexable / removed,
macros-for-weight-loss.html,Macros and goals,SUPPORT,Focused practical guidance that explains or supports a core GetMacros task.,indexable,
macros-without-tracking.html,Site,REMOVE,"Outside the focused healthy-fast-food and macro-tools product, duplicative, or insufficiently distinctive.",not indexable / removed,
magnesium-explained.html,Site,REMOVE,"Outside the focused healthy-fast-food and macro-tools product, duplicative, or insufficiently distinctive.",not indexable / removed,
manganese-foods-functions-safety.html,Site,REMOVE,"Outside the focused healthy-fast-food and macro-tools product, duplicative, or insufficiently distinctive.",not indexable / removed,
masld-fatty-liver-food-pattern-guide.html,Site,REMOVE,"Outside the focused healthy-fast-food and macro-tools product, duplicative, or insufficiently distinctive.",not indexable / removed,
mcdonalds-healthy-meals-macros.html,Healthy fast food,CORE,"Directly supports healthy fast-food discovery, macro tools, or site trust.",indexable,
meal-building-guides.html,Site,REMOVE,"Outside the focused healthy-fast-food and macro-tools product, duplicative, or insufficiently distinctive.",not indexable / removed,
meal-frequency-and-metabolism.html,Site,REMOVE,"Outside the focused healthy-fast-food and macro-tools product, duplicative, or insufficiently distinctive.",not indexable / removed,
meal-math-challenge.html,Site,REMOVE,"Outside the focused healthy-fast-food and macro-tools product, duplicative, or insufficiently distinctive.",not indexable / removed,
meal-prep-food-storage-guide.html,Site,REMOVE,"Outside the focused healthy-fast-food and macro-tools product, duplicative, or insufficiently distinctive.",not indexable / removed,
meal-prep-for-macros.html,Site,REMOVE,"Outside the focused healthy-fast-food and macro-tools product, duplicative, or insufficiently distinctive.",not indexable / removed,
mediterranean-diet-explained.html,Site,REMOVE,"Outside the focused healthy-fast-food and macro-tools product, duplicative, or insufficiently distinctive.",not indexable / removed,
menopause-calcium-vitamin-d-bone-health.html,Site,REMOVE,"Outside the focused healthy-fast-food and macro-tools product, duplicative, or insufficiently distinctive.",not indexable / removed,
menopause-nutrition-guides.html,Site,REMOVE,"Outside the focused healthy-fast-food and macro-tools product, duplicative, or insufficiently distinctive.",not indexable / removed,
menopause-nutrition-myth-game.html,Site,REMOVE,"Outside the focused healthy-fast-food and macro-tools product, duplicative, or insufficiently distinctive.",not indexable / removed,
menopause-protein-strength-muscle-guide.html,Site,REMOVE,"Outside the focused healthy-fast-food and macro-tools product, duplicative, or insufficiently distinctive.",not indexable / removed,
menopause-supplements-phytoestrogens-safety.html,Site,REMOVE,"Outside the focused healthy-fast-food and macro-tools product, duplicative, or insufficiently distinctive.",not indexable / removed,
menopause-weight-body-composition-without-crash-diets.html,Site,REMOVE,"Outside the focused healthy-fast-food and macro-tools product, duplicative, or insufficiently distinctive.",not indexable / removed,
metabolic-damage-is-it-real.html,Site,REMOVE,"Outside the focused healthy-fast-food and macro-tools product, duplicative, or insufficiently distinctive.",not indexable / removed,
metabolic-syndrome-explained.html,Site,REMOVE,"Outside the focused healthy-fast-food and macro-tools product, duplicative, or insufficiently distinctive.",not indexable / removed,
micronutrient-finder.html,Site,REMOVE,"Outside the focused healthy-fast-food and macro-tools product, duplicative, or insufficiently distinctive.",not indexable / removed,
micronutrient-guides.html,Site,REMOVE,"Outside the focused healthy-fast-food and macro-tools product, duplicative, or insufficiently distinctive.",not indexable / removed,
micronutrients-vs-macronutrients.html,Site,REMOVE,"Outside the focused healthy-fast-food and macro-tools product, duplicative, or insufficiently distinctive.",not indexable / removed,
midlife-nutrition-visit-planner.html,Site,REMOVE,"Outside the focused healthy-fast-food and macro-tools product, duplicative, or insufficiently distinctive.",not indexable / removed,
migraine-caffeine-coffee-withdrawal-guide.html,Site,REMOVE,"Outside the focused healthy-fast-food and macro-tools product, duplicative, or insufficiently distinctive.",not indexable / removed,
migraine-diet-balanced-meals-guide.html,Site,REMOVE,"Outside the focused healthy-fast-food and macro-tools product, duplicative, or insufficiently distinctive.",not indexable / removed,
migraine-food-trigger-diary-elimination-diets.html,Site,REMOVE,"Outside the focused healthy-fast-food and macro-tools product, duplicative, or insufficiently distinctive.",not indexable / removed,
migraine-hydration-electrolytes-guide.html,Site,REMOVE,"Outside the focused healthy-fast-food and macro-tools product, duplicative, or insufficiently distinctive.",not indexable / removed,
migraine-magnesium-riboflavin-coq10-supplements.html,Site,REMOVE,"Outside the focused healthy-fast-food and macro-tools product, duplicative, or insufficiently distinctive.",not indexable / removed,
migraine-nausea-vomiting-flare-foods.html,Site,REMOVE,"Outside the focused healthy-fast-food and macro-tools product, duplicative, or insufficiently distinctive.",not indexable / removed,
migraine-nutrition-guides.html,Site,REMOVE,"Outside the focused healthy-fast-food and macro-tools product, duplicative, or insufficiently distinctive.",not indexable / removed,
migraine-pattern-diary.html,Site,REMOVE,"Outside the focused healthy-fast-food and macro-tools product, duplicative, or insufficiently distinctive.",not indexable / removed,
migraine-trigger-myth-game.html,Site,REMOVE,"Outside the focused healthy-fast-food and macro-tools product, duplicative, or insufficiently distinctive.",not indexable / removed,
milk-allergy-vs-lactose-intolerance.html,Site,REMOVE,"Outside the focused healthy-fast-food and macro-tools product, duplicative, or insufficiently distinctive.",not indexable / removed,
muscle-contraction-explained.html,Site,REMOVE,"Outside the focused healthy-fast-food and macro-tools product, duplicative, or insufficiently distinctive.",not indexable / removed,
muscle-fiber-types-and-nutrition.html,Site,REMOVE,"Outside the focused healthy-fast-food and macro-tools product, duplicative, or insufficiently distinctive.",not indexable / removed,
muscle-soreness-and-recovery-nutrition.html,Site,REMOVE,"Outside the focused healthy-fast-food and macro-tools product, duplicative, or insufficiently distinctive.",not indexable / removed,
nausea-vomiting-pregnancy-food-strategies.html,Site,REMOVE,"Outside the focused healthy-fast-food and macro-tools product, duplicative, or insufficiently distinctive.",not indexable / removed,
net-carbs-vs-total-carbs.html,Site,REMOVE,"Outside the focused healthy-fast-food and macro-tools product, duplicative, or insufficiently distinctive.",not indexable / removed,
niacin-vitamin-b3-foods-functions.html,Site,REMOVE,"Outside the focused healthy-fast-food and macro-tools product, duplicative, or insufficiently distinctive.",not indexable / removed,
nitrogen-balance-explained.html,Site,REMOVE,"Outside the focused healthy-fast-food and macro-tools product, duplicative, or insufficiently distinctive.",not indexable / removed,
nutrient-dense-meals-for-smaller-appetites.html,Site,REMOVE,"Outside the focused healthy-fast-food and macro-tools product, duplicative, or insufficiently distinctive.",not indexable / removed,
nutrient-density-explained.html,Site,REMOVE,"Outside the focused healthy-fast-food and macro-tools product, duplicative, or insufficiently distinctive.",not indexable / removed,
nutrition-during-pregnancy.html,Site,REMOVE,"Outside the focused healthy-fast-food and macro-tools product, duplicative, or insufficiently distinctive.",not indexable / removed,
nutrition-for-children-and-teens.html,Site,REMOVE,"Outside the focused healthy-fast-food and macro-tools product, duplicative, or insufficiently distinctive.",not indexable / removed,
nutrition-label-comparison-tool.html,Tools,CORE,"Directly supports healthy fast-food discovery, macro tools, or site trust.",indexable,
nutrition-label-detective-game.html,Site,REMOVE,"Outside the focused healthy-fast-food and macro-tools product, duplicative, or insufficiently distinctive.",not indexable / removed,
nutrition-label-rounding-explained.html,Site,REMOVE,"Outside the focused healthy-fast-food and macro-tools product, duplicative, or insufficiently distinctive.",not indexable / removed,
nutrition-myth-or-context-game.html,Site,REMOVE,"Outside the focused healthy-fast-food and macro-tools product, duplicative, or insufficiently distinctive.",not indexable / removed,
nutrition-while-traveling.html,Site,REMOVE,"Outside the focused healthy-fast-food and macro-tools product, duplicative, or insufficiently distinctive.",not indexable / removed,
older-adult-meal-support-planner.html,Site,REMOVE,"Outside the focused healthy-fast-food and macro-tools product, duplicative, or insufficiently distinctive.",not indexable / removed,
omega-3-foods-list.html,Site,REMOVE,"Outside the focused healthy-fast-food and macro-tools product, duplicative, or insufficiently distinctive.",not indexable / removed,
omega-3-vs-omega-6.html,Site,REMOVE,"Outside the focused healthy-fast-food and macro-tools product, duplicative, or insufficiently distinctive.",not indexable / removed,
osteoporosis-bone-health-guides.html,Site,REMOVE,"Outside the focused healthy-fast-food and macro-tools product, duplicative, or insufficiently distinctive.",not indexable / removed,
osteoporosis-calcium-food-supplement-guide.html,Site,REMOVE,"Outside the focused healthy-fast-food and macro-tools product, duplicative, or insufficiently distinctive.",not indexable / removed,
osteoporosis-medications-food-timing-dental-care.html,Site,REMOVE,"Outside the focused healthy-fast-food and macro-tools product, duplicative, or insufficiently distinctive.",not indexable / removed,
osteoporosis-myth-safety-game.html,Site,REMOVE,"Outside the focused healthy-fast-food and macro-tools product, duplicative, or insufficiently distinctive.",not indexable / removed,
osteoporosis-protein-strength-balance-fall-prevention.html,Site,REMOVE,"Outside the focused healthy-fast-food and macro-tools product, duplicative, or insufficiently distinctive.",not indexable / removed,
osteoporosis-screening-dxa-t-score-guide.html,Site,REMOVE,"Outside the focused healthy-fast-food and macro-tools product, duplicative, or insufficiently distinctive.",not indexable / removed,
osteoporosis-vitamin-d-testing-supplements.html,Site,REMOVE,"Outside the focused healthy-fast-food and macro-tools product, duplicative, or insufficiently distinctive.",not indexable / removed,
overhydration-and-hyponatremia.html,Site,REMOVE,"Outside the focused healthy-fast-food and macro-tools product, duplicative, or insufficiently distinctive.",not indexable / removed,
paleo-diet-explained.html,Site,REMOVE,"Outside the focused healthy-fast-food and macro-tools product, duplicative, or insufficiently distinctive.",not indexable / removed,
panda-express-healthy-meals-macros.html,Healthy fast food,CORE,"Directly supports healthy fast-food discovery, macro tools, or site trust.",indexable,
panera-healthy-meals-macros.html,Healthy fast food,CORE,"Directly supports healthy fast-food discovery, macro tools, or site trust.",indexable,
pantothenic-acid-vitamin-b5-foods.html,Site,REMOVE,"Outside the focused healthy-fast-food and macro-tools product, duplicative, or insufficiently distinctive.",not indexable / removed,
pcos-fertility-pregnancy-nutrition.html,Site,REMOVE,"Outside the focused healthy-fast-food and macro-tools product, duplicative, or insufficiently distinctive.",not indexable / removed,
pcos-inositol-berberine-supplement-safety.html,Site,REMOVE,"Outside the focused healthy-fast-food and macro-tools product, duplicative, or insufficiently distinctive.",not indexable / removed,
pcos-insulin-resistance-carbohydrates-guide.html,Site,REMOVE,"Outside the focused healthy-fast-food and macro-tools product, duplicative, or insufficiently distinctive.",not indexable / removed,
pcos-metformin-b12-food-timing.html,Site,REMOVE,"Outside the focused healthy-fast-food and macro-tools product, duplicative, or insufficiently distinctive.",not indexable / removed,
pcos-nutrition-balanced-meals-guide.html,Site,REMOVE,"Outside the focused healthy-fast-food and macro-tools product, duplicative, or insufficiently distinctive.",not indexable / removed,
pcos-nutrition-guides.html,Site,REMOVE,"Outside the focused healthy-fast-food and macro-tools product, duplicative, or insufficiently distinctive.",not indexable / removed,
pcos-nutrition-myth-game.html,Site,REMOVE,"Outside the focused healthy-fast-food and macro-tools product, duplicative, or insufficiently distinctive.",not indexable / removed,
pcos-visit-question-builder.html,Site,REMOVE,"Outside the focused healthy-fast-food and macro-tools product, duplicative, or insufficiently distinctive.",not indexable / removed,
pcos-weight-stigma-body-image-eating-disorders.html,Site,REMOVE,"Outside the focused healthy-fast-food and macro-tools product, duplicative, or insufficiently distinctive.",not indexable / removed,
performance-recovery-guides.html,Site,REMOVE,"Outside the focused healthy-fast-food and macro-tools product, duplicative, or insufficiently distinctive.",not indexable / removed,
perimenopause-menopause-nutrition-guide.html,Site,REMOVE,"Outside the focused healthy-fast-food and macro-tools product, duplicative, or insufficiently distinctive.",not indexable / removed,
pescatarian-diet-explained.html,Site,REMOVE,"Outside the focused healthy-fast-food and macro-tools product, duplicative, or insufficiently distinctive.",not indexable / removed,
phosphorus-foods-and-kidney-health.html,Site,REMOVE,"Outside the focused healthy-fast-food and macro-tools product, duplicative, or insufficiently distinctive.",not indexable / removed,
physiology-quiz.html,Site,REMOVE,"Outside the focused healthy-fast-food and macro-tools product, duplicative, or insufficiently distinctive.",not indexable / removed,
picky-eating-without-pressure.html,Site,REMOVE,"Outside the focused healthy-fast-food and macro-tools product, duplicative, or insufficiently distinctive.",not indexable / removed,
plant-based-protein-sources.html,Site,REMOVE,"Outside the focused healthy-fast-food and macro-tools product, duplicative, or insufficiently distinctive.",not indexable / removed,
plant-based-vs-vegan-diet.html,Site,REMOVE,"Outside the focused healthy-fast-food and macro-tools product, duplicative, or insufficiently distinctive.",not indexable / removed,
plant-milk-comparison-guide.html,Site,REMOVE,"Outside the focused healthy-fast-food and macro-tools product, duplicative, or insufficiently distinctive.",not indexable / removed,
popeyes-healthy-meals-macros.html,Healthy fast food,CORE,"Directly supports healthy fast-food discovery, macro tools, or site trust.",indexable,
portion-estimation-game.html,Site,REMOVE,"Outside the focused healthy-fast-food and macro-tools product, duplicative, or insufficiently distinctive.",not indexable / removed,
portion-sizes-without-a-scale.html,Site,REMOVE,"Outside the focused healthy-fast-food and macro-tools product, duplicative, or insufficiently distinctive.",not indexable / removed,
post-workout-anabolic-window.html,Site,REMOVE,"Outside the focused healthy-fast-food and macro-tools product, duplicative, or insufficiently distinctive.",not indexable / removed,
post-workout-meal-guide.html,Site,REMOVE,"Outside the focused healthy-fast-food and macro-tools product, duplicative, or insufficiently distinctive.",not indexable / removed,
potassium-blood-pressure-kidney-caution.html,Site,REMOVE,"Outside the focused healthy-fast-food and macro-tools product, duplicative, or insufficiently distinctive.",not indexable / removed,
potassium-foods-and-functions.html,Site,REMOVE,"Outside the focused healthy-fast-food and macro-tools product, duplicative, or insufficiently distinctive.",not indexable / removed,
power-outage-refrigerator-freezer-food-safety.html,Site,REMOVE,"Outside the focused healthy-fast-food and macro-tools product, duplicative, or insufficiently distinctive.",not indexable / removed,
pre-workout-meal-timing.html,Site,REMOVE,"Outside the focused healthy-fast-food and macro-tools product, duplicative, or insufficiently distinctive.",not indexable / removed,
prediabetes-food-changes-without-extremes.html,Site,REMOVE,"Outside the focused healthy-fast-food and macro-tools product, duplicative, or insufficiently distinctive.",not indexable / removed,
pregnancy-breastfeeding-nutrition-guides.html,Site,REMOVE,"Outside the focused healthy-fast-food and macro-tools product, duplicative, or insufficiently distinctive.",not indexable / removed,
pregnancy-food-safety-listeria.html,Site,REMOVE,"Outside the focused healthy-fast-food and macro-tools product, duplicative, or insufficiently distinctive.",not indexable / removed,
pregnancy-nutrition-safety-game.html,Site,REMOVE,"Outside the focused healthy-fast-food and macro-tools product, duplicative, or insufficiently distinctive.",not indexable / removed,
prenatal-supplement-label-checker.html,Site,REMOVE,"Outside the focused healthy-fast-food and macro-tools product, duplicative, or insufficiently distinctive.",not indexable / removed,
prenatal-vitamins-folate-iron-iodine-choline.html,Site,REMOVE,"Outside the focused healthy-fast-food and macro-tools product, duplicative, or insufficiently distinctive.",not indexable / removed,
privacy.html,Trust,CORE,"Directly supports healthy fast-food discovery, macro tools, or site trust.",indexable,
probiotics-and-gut-health.html,Site,REMOVE,"Outside the focused healthy-fast-food and macro-tools product, duplicative, or insufficiently distinctive.",not indexable / removed,
protein-and-kidney-health.html,Site,REMOVE,"Outside the focused healthy-fast-food and macro-tools product, duplicative, or insufficiently distinctive.",not indexable / removed,
protein-before-bed.html,Site,REMOVE,"Outside the focused healthy-fast-food and macro-tools product, duplicative, or insufficiently distinctive.",not indexable / removed,
protein-deficiency-symptoms.html,Site,REMOVE,"Outside the focused healthy-fast-food and macro-tools product, duplicative, or insufficiently distinctive.",not indexable / removed,
protein-for-endurance-athletes.html,Site,REMOVE,"Outside the focused healthy-fast-food and macro-tools product, duplicative, or insufficiently distinctive.",not indexable / removed,
protein-for-muscle-growth.html,Site,REMOVE,"Outside the focused healthy-fast-food and macro-tools product, duplicative, or insufficiently distinctive.",not indexable / removed,
protein-for-older-adults.html,Site,REMOVE,"Outside the focused healthy-fast-food and macro-tools product, duplicative, or insufficiently distinctive.",not indexable / removed,
protein-intake-for-women.html,Site,REMOVE,"Outside the focused healthy-fast-food and macro-tools product, duplicative, or insufficiently distinctive.",not indexable / removed,
protein-on-a-budget.html,Site,REMOVE,"Outside the focused healthy-fast-food and macro-tools product, duplicative, or insufficiently distinctive.",not indexable / removed,
protein-per-meal-guide.html,Site,REMOVE,"Outside the focused healthy-fast-food and macro-tools product, duplicative, or insufficiently distinctive.",not indexable / removed,
protein-powder-101.html,Site,REMOVE,"Outside the focused healthy-fast-food and macro-tools product, duplicative, or insufficiently distinctive.",not indexable / removed,
protein-quality-scores-pdcaas-diaas.html,Site,REMOVE,"Outside the focused healthy-fast-food and macro-tools product, duplicative, or insufficiently distinctive.",not indexable / removed,
protein-quiz.html,Site,REMOVE,"Outside the focused healthy-fast-food and macro-tools product, duplicative, or insufficiently distinctive.",not indexable / removed,
protein-structure-levels.html,Site,REMOVE,"Outside the focused healthy-fast-food and macro-tools product, duplicative, or insufficiently distinctive.",not indexable / removed,
protein-timing.html,Site,REMOVE,"Outside the focused healthy-fast-food and macro-tools product, duplicative, or insufficiently distinctive.",not indexable / removed,
protein-value-calculator.html,Tools,CORE,"Directly supports healthy fast-food discovery, macro tools, or site trust.",indexable,
protein.html,Macros and goals,SUPPORT,Focused practical guidance that explains or supports a core GetMacros task.,indexable,
quiz.html,Site,REMOVE,"Outside the focused healthy-fast-food and macro-tools product, duplicative, or insufficiently distinctive.",not indexable / removed,
raw-vs-cooked-food-weight.html,Site,REMOVE,"Outside the focused healthy-fast-food and macro-tools product, duplicative, or insufficiently distinctive.",not indexable / removed,
rda-vs-dri-vs-amdr.html,Site,REMOVE,"Outside the focused healthy-fast-food and macro-tools product, duplicative, or insufficiently distinctive.",not indexable / removed,
recipe-macro-scaler.html,Tools,CORE,"Directly supports healthy fast-food discovery, macro tools, or site trust.",indexable,
reduce-food-waste-meal-planning.html,Site,REMOVE,"Outside the focused healthy-fast-food and macro-tools product, duplicative, or insufficiently distinctive.",not indexable / removed,
refeed-days-explained.html,Site,REMOVE,"Outside the focused healthy-fast-food and macro-tools product, duplicative, or insufficiently distinctive.",not indexable / removed,
refrigerator-organization-food-safety.html,Site,REMOVE,"Outside the focused healthy-fast-food and macro-tools product, duplicative, or insufficiently distinctive.",not indexable / removed,
relative-risk-vs-absolute-risk.html,Site,REMOVE,"Outside the focused healthy-fast-food and macro-tools product, duplicative, or insufficiently distinctive.",not indexable / removed,
renal-label-question-builder.html,Site,REMOVE,"Outside the focused healthy-fast-food and macro-tools product, duplicative, or insufficiently distinctive.",not indexable / removed,
resistant-starch-explained.html,Site,REMOVE,"Outside the focused healthy-fast-food and macro-tools product, duplicative, or insufficiently distinctive.",not indexable / removed,
rest-day-nutrition.html,Site,REMOVE,"Outside the focused healthy-fast-food and macro-tools product, duplicative, or insufficiently distinctive.",not indexable / removed,
restaurant-food-allergy-communication.html,Site,REMOVE,"Outside the focused healthy-fast-food and macro-tools product, duplicative, or insufficiently distinctive.",not indexable / removed,
restaurant-meal-finder.html,Healthy fast food,CORE,"Directly supports healthy fast-food discovery, macro tools, or site trust.",indexable,
restaurant-meal-guides.html,Healthy fast food,CORE,"Directly supports healthy fast-food discovery, macro tools, or site trust.",indexable,
restaurant-meals-every-diet-guide.html,Site,REMOVE,"Outside the focused healthy-fast-food and macro-tools product, duplicative, or insufficiently distinctive.",not indexable / removed,
restaurant-nutrition-information.html,Site,REMOVE,"Outside the focused healthy-fast-food and macro-tools product, duplicative, or insufficiently distinctive.",not indexable / removed,
riboflavin-vitamin-b2-foods-functions.html,Site,REMOVE,"Outside the focused healthy-fast-food and macro-tools product, duplicative, or insufficiently distinctive.",not indexable / removed,
safe-cooking-temperatures-guide.html,Site,REMOVE,"Outside the focused healthy-fast-food and macro-tools product, duplicative, or insufficiently distinctive.",not indexable / removed,
safe-thawing-methods.html,Site,REMOVE,"Outside the focused healthy-fast-food and macro-tools product, duplicative, or insufficiently distinctive.",not indexable / removed,
satisfying-salad-formula.html,Site,REMOVE,"Outside the focused healthy-fast-food and macro-tools product, duplicative, or insufficiently distinctive.",not indexable / removed,
saturated-unsaturated-fat-heart-health.html,Site,REMOVE,"Outside the focused healthy-fast-food and macro-tools product, duplicative, or insufficiently distinctive.",not indexable / removed,
saturated-vs-unsaturated-fat.html,Site,REMOVE,"Outside the focused healthy-fast-food and macro-tools product, duplicative, or insufficiently distinctive.",not indexable / removed,
school-food-allergy-planning.html,Site,REMOVE,"Outside the focused healthy-fast-food and macro-tools product, duplicative, or insufficiently distinctive.",not indexable / removed,
school-lunch-builder.html,Site,REMOVE,"Outside the focused healthy-fast-food and macro-tools product, duplicative, or insufficiently distinctive.",not indexable / removed,
search.html,Site,CORE,"Directly supports healthy fast-food discovery, macro tools, or site trust.",indexable,
secondary-osteoporosis-nutrition-eating-disorders-steroids.html,Site,REMOVE,"Outside the focused healthy-fast-food and macro-tools product, duplicative, or insufficiently distinctive.",not indexable / removed,
seed-oils-explained.html,Site,REMOVE,"Outside the focused healthy-fast-food and macro-tools product, duplicative, or insufficiently distinctive.",not indexable / removed,
selenium-foods-and-upper-limit.html,Site,REMOVE,"Outside the focused healthy-fast-food and macro-tools product, duplicative, or insufficiently distinctive.",not indexable / removed,
serving-size-vs-portion-size.html,Labels and recipes,SUPPORT,Focused practical guidance that explains or supports a core GetMacros task.,indexable,
shelf-stable-balanced-pantry.html,Site,REMOVE,"Outside the focused healthy-fast-food and macro-tools product, duplicative, or insufficiently distinctive.",not indexable / removed,
shift-work-meal-timing.html,Site,REMOVE,"Outside the focused healthy-fast-food and macro-tools product, duplicative, or insufficiently distinctive.",not indexable / removed,
simple-vs-complex-carbs.html,Site,REMOVE,"Outside the focused healthy-fast-food and macro-tools product, duplicative, or insufficiently distinctive.",not indexable / removed,
sleep-and-nutrition.html,Site,REMOVE,"Outside the focused healthy-fast-food and macro-tools product, duplicative, or insufficiently distinctive.",not indexable / removed,
sleep-loss-hunger-and-food-choices.html,Site,REMOVE,"Outside the focused healthy-fast-food and macro-tools product, duplicative, or insufficiently distinctive.",not indexable / removed,
smart-snacks-for-kids-and-teens.html,Site,REMOVE,"Outside the focused healthy-fast-food and macro-tools product, duplicative, or insufficiently distinctive.",not indexable / removed,
sodium-food-label-blood-pressure-guide.html,Site,REMOVE,"Outside the focused healthy-fast-food and macro-tools product, duplicative, or insufficiently distinctive.",not indexable / removed,
sodium-how-much-do-you-need.html,Site,REMOVE,"Outside the focused healthy-fast-food and macro-tools product, duplicative, or insufficiently distinctive.",not indexable / removed,
sodium-label-comparison-tool.html,Tools,CORE,"Directly supports healthy fast-food discovery, macro tools, or site trust.",indexable,
soluble-fiber-foods-ldl-cholesterol.html,Site,REMOVE,"Outside the focused healthy-fast-food and macro-tools product, duplicative, or insufficiently distinctive.",not indexable / removed,
soluble-vs-insoluble-fiber.html,Site,REMOVE,"Outside the focused healthy-fast-food and macro-tools product, duplicative, or insufficiently distinctive.",not indexable / removed,
sources.html,Trust,CORE,"Directly supports healthy fast-food discovery, macro tools, or site trust.",indexable,
soy-and-testosterone.html,Site,REMOVE,"Outside the focused healthy-fast-food and macro-tools product, duplicative, or insufficiently distinctive.",not indexable / removed,
sports-drinks-vs-water.html,Site,REMOVE,"Outside the focused healthy-fast-food and macro-tools product, duplicative, or insufficiently distinctive.",not indexable / removed,
starbucks-healthy-food-meals-macros.html,Healthy fast food,CORE,"Directly supports healthy fast-food discovery, macro tools, or site trust.",indexable,
subway-healthy-meals-macros.html,Healthy fast food,CORE,"Directly supports healthy fast-food discovery, macro tools, or site trust.",indexable,
sugar-addiction-is-it-real.html,Site,REMOVE,"Outside the focused healthy-fast-food and macro-tools product, duplicative, or insufficiently distinctive.",not indexable / removed,
sugar-vs-starch.html,Site,REMOVE,"Outside the focused healthy-fast-food and macro-tools product, duplicative, or insufficiently distinctive.",not indexable / removed,
supplement-label-terms-explained.html,Site,REMOVE,"Outside the focused healthy-fast-food and macro-tools product, duplicative, or insufficiently distinctive.",not indexable / removed,
sweat-rate-calculator.html,Tools,CORE,"Directly supports healthy fast-food discovery, macro tools, or site trust.",indexable,
sweetgreen-healthy-meals-macros.html,Healthy fast food,CORE,"Directly supports healthy fast-food discovery, macro tools, or site trust.",indexable,
taco-bell-healthy-meals-macros.html,Healthy fast food,CORE,"Directly supports healthy fast-food discovery, macro tools, or site trust.",indexable,
takeout-macro-challenge.html,Site,REMOVE,"Outside the focused healthy-fast-food and macro-tools product, duplicative, or insufficiently distinctive.",not indexable / removed,
tdee-vs-bmr.html,Site,REMOVE,"Outside the focused healthy-fast-food and macro-tools product, duplicative, or insufficiently distinctive.",not indexable / removed,
terms.html,Trust,CORE,"Directly supports healthy fast-food discovery, macro tools, or site trust.",indexable,
thermic-effect-of-food-explained.html,Site,REMOVE,"Outside the focused healthy-fast-food and macro-tools product, duplicative, or insufficiently distinctive.",not indexable / removed,
thiamin-vitamin-b1-foods-functions.html,Site,REMOVE,"Outside the focused healthy-fast-food and macro-tools product, duplicative, or insufficiently distinctive.",not indexable / removed,
thyroid-medication-routine-question-builder.html,Site,REMOVE,"Outside the focused healthy-fast-food and macro-tools product, duplicative, or insufficiently distinctive.",not indexable / removed,
thyroid-nutrition-guides.html,Site,REMOVE,"Outside the focused healthy-fast-food and macro-tools product, duplicative, or insufficiently distinctive.",not indexable / removed,
thyroid-nutrition-myth-game.html,Site,REMOVE,"Outside the focused healthy-fast-food and macro-tools product, duplicative, or insufficiently distinctive.",not indexable / removed,
thyroid-support-supplements-kelp-glandular-safety.html,Site,REMOVE,"Outside the focused healthy-fast-food and macro-tools product, duplicative, or insufficiently distinctive.",not indexable / removed,
topics.html,Site,REMOVE,"Outside the focused healthy-fast-food and macro-tools product, duplicative, or insufficiently distinctive.",not indexable / removed,
trans-fat-explained.html,Site,REMOVE,"Outside the focused healthy-fast-food and macro-tools product, duplicative, or insufficiently distinctive.",not indexable / removed,
triglycerides-food-alcohol-added-sugar.html,Site,REMOVE,"Outside the focused healthy-fast-food and macro-tools product, duplicative, or insufficiently distinctive.",not indexable / removed,
ultra-processed-foods-explained.html,Site,REMOVE,"Outside the focused healthy-fast-food and macro-tools product, duplicative, or insufficiently distinctive.",not indexable / removed,
understanding-a-lipid-panel.html,Site,REMOVE,"Outside the focused healthy-fast-food and macro-tools product, duplicative, or insufficiently distinctive.",not indexable / removed,
unintentional-weight-loss-older-adults.html,Site,REMOVE,"Outside the focused healthy-fast-food and macro-tools product, duplicative, or insufficiently distinctive.",not indexable / removed,
units-and-conversions-cheat-sheet.html,Site,REMOVE,"Outside the focused healthy-fast-food and macro-tools product, duplicative, or insufficiently distinctive.",not indexable / removed,
urine-color-thirst-hydration.html,Site,REMOVE,"Outside the focused healthy-fast-food and macro-tools product, duplicative, or insufficiently distinctive.",not indexable / removed,
vegan-macros-guide.html,Site,REMOVE,"Outside the focused healthy-fast-food and macro-tools product, duplicative, or insufficiently distinctive.",not indexable / removed,
vitamin-a-foods-and-safety.html,Site,REMOVE,"Outside the focused healthy-fast-food and macro-tools product, duplicative, or insufficiently distinctive.",not indexable / removed,
vitamin-b12-after-age-50.html,Site,REMOVE,"Outside the focused healthy-fast-food and macro-tools product, duplicative, or insufficiently distinctive.",not indexable / removed,
vitamin-b12-and-vegan-diets.html,Site,REMOVE,"Outside the focused healthy-fast-food and macro-tools product, duplicative, or insufficiently distinctive.",not indexable / removed,
vitamin-b6-foods-functions-safety.html,Site,REMOVE,"Outside the focused healthy-fast-food and macro-tools product, duplicative, or insufficiently distinctive.",not indexable / removed,
vitamin-c-and-immunity.html,Site,REMOVE,"Outside the focused healthy-fast-food and macro-tools product, duplicative, or insufficiently distinctive.",not indexable / removed,
vitamin-d-explained.html,Site,REMOVE,"Outside the focused healthy-fast-food and macro-tools product, duplicative, or insufficiently distinctive.",not indexable / removed,
vitamin-e-foods-and-functions.html,Site,REMOVE,"Outside the focused healthy-fast-food and macro-tools product, duplicative, or insufficiently distinctive.",not indexable / removed,
vitamin-k-foods-and-medications.html,Site,REMOVE,"Outside the focused healthy-fast-food and macro-tools product, duplicative, or insufficiently distinctive.",not indexable / removed,
water-weight-vs-fat-loss.html,Site,REMOVE,"Outside the focused healthy-fast-food and macro-tools product, duplicative, or insufficiently distinctive.",not indexable / removed,
weighing-cooking-oils-and-sauces.html,Site,REMOVE,"Outside the focused healthy-fast-food and macro-tools product, duplicative, or insufficiently distinctive.",not indexable / removed,
weight-goal-timeline-calculator.html,Tools,CORE,"Directly supports healthy fast-food discovery, macro tools, or site trust.",indexable,
wendys-healthy-meals-macros.html,Healthy fast food,CORE,"Directly supports healthy fast-food discovery, macro tools, or site trust.",indexable,
what-are-macros.html,Macros and goals,SUPPORT,Focused practical guidance that explains or supports a core GetMacros task.,indexable,
what-is-glycogen.html,Site,REMOVE,"Outside the focused healthy-fast-food and macro-tools product, duplicative, or insufficiently distinctive.",not indexable / removed,
when-do-you-need-electrolytes.html,Site,REMOVE,"Outside the focused healthy-fast-food and macro-tools product, duplicative, or insufficiently distinctive.",not indexable / removed,
whey-vs-casein-protein.html,Site,REMOVE,"Outside the focused healthy-fast-food and macro-tools product, duplicative, or insufficiently distinctive.",not indexable / removed,
why-nutrition-studies-contradict-each-other.html,Site,REMOVE,"Outside the focused healthy-fast-food and macro-tools product, duplicative, or insufficiently distinctive.",not indexable / removed,
world-cup-2026-team-nutrition.html,Site,REMOVE,"Outside the focused healthy-fast-food and macro-tools product, duplicative, or insufficiently distinctive.",not indexable / removed,
young-athlete-fueling-safety.html,Site,REMOVE,"Outside the focused healthy-fast-food and macro-tools product, duplicative, or insufficiently distinctive.",not indexable / removed,
youth-nutrition-scenario-game.html,Site,REMOVE,"Outside the focused healthy-fast-food and macro-tools product, duplicative, or insufficiently distinctive.",not indexable / removed,
zinc-explained.html,Site,REMOVE,"Outside the focused healthy-fast-food and macro-tools product, duplicative, or insufficiently distinctive.",not indexable / removed,
zone-diet-explained.html,Site,REMOVE,"Outside the focused healthy-fast-food and macro-tools product, duplicative, or insufficiently distinctive.",not indexable / removed,
