old URL/path,action,reason,redirect target if any
/a1c-cgm-food-patterns-context.html,404 (file removed),"Outside the focused healthy-fast-food and macro-tools product, duplicative, or insufficiently distinctive.",
/added-sugar-vs-natural-sugar.html,404 (file removed),"Outside the focused healthy-fast-food and macro-tools product, duplicative, or insufficiently distinctive.",
/alcohol-and-macros.html,404 (file removed),"Outside the focused healthy-fast-food and macro-tools product, duplicative, or insufficiently distinctive.",
/alcohol-associated-liver-disease-nutrition.html,404 (file removed),"Outside the focused healthy-fast-food and macro-tools product, duplicative, or insufficiently distinctive.",
/allergen-cross-contact-explained.html,404 (file removed),"Outside the focused healthy-fast-food and macro-tools product, duplicative, or insufficiently distinctive.",
/allergen-label-practice-game.html,404 (file removed),"Outside the focused healthy-fast-food and macro-tools product, duplicative, or insufficiently distinctive.",
/animal-based-diet-explained.html,404 (file removed),"Outside the focused healthy-fast-food and macro-tools product, duplicative, or insufficiently distinctive.",
/antioxidants-and-free-radicals.html,404 (file removed),"Outside the focused healthy-fast-food and macro-tools product, duplicative, or insufficiently distinctive.",
/appetite-changes-in-older-adults.html,404 (file removed),"Outside the focused healthy-fast-food and macro-tools product, duplicative, or insufficiently distinctive.",
/are-protein-bars-actually-healthy.html,404 (file removed),"Outside the focused healthy-fast-food and macro-tools product, duplicative, or insufficiently distinctive.",
/artificial-sweeteners-explained.html,404 (file removed),"Outside the focused healthy-fast-food and macro-tools product, duplicative, or insufficiently distinctive.",
/athlete-diets-quiz.html,404 (file removed),"Outside the focused healthy-fast-food and macro-tools product, duplicative, or insufficiently distinctive.",
/atp-explained.html,404 (file removed),"Outside the focused healthy-fast-food and macro-tools product, duplicative, or insufficiently distinctive.",
/b-vitamins-and-metabolism.html,404 (file removed),"Outside the focused healthy-fast-food and macro-tools product, duplicative, or insufficiently distinctive.",
/balanced-breakfast-formula.html,404 (file removed),"Outside the focused healthy-fast-food and macro-tools product, duplicative, or insufficiently distinctive.",
/balanced-meals-for-growing-kids.html,404 (file removed),"Outside the focused healthy-fast-food and macro-tools product, duplicative, or insufficiently distinctive.",
/balanced-vegetarian-meal-formula.html,404 (file removed),"Outside the focused healthy-fast-food and macro-tools product, duplicative, or insufficiently distinctive.",
/batch-cooking-on-a-budget.html,404 (file removed),"Outside the focused healthy-fast-food and macro-tools product, duplicative, or insufficiently distinctive.",
/bcaas-explained.html,404 (file removed),"Outside the focused healthy-fast-food and macro-tools product, duplicative, or insufficiently distinctive.",
/best-breakfast-for-muscle-gain.html,404 (file removed),"Outside the focused healthy-fast-food and macro-tools product, duplicative, or insufficiently distinctive.",
/best-time-to-eat-carbs.html,404 (file removed),"Outside the focused healthy-fast-food and macro-tools product, duplicative, or insufficiently distinctive.",
/beta-oxidation-explained.html,404 (file removed),"Outside the focused healthy-fast-food and macro-tools product, duplicative, or insufficiently distinctive.",
/biochemistry-quiz.html,404 (file removed),"Outside the focused healthy-fast-food and macro-tools product, duplicative, or insufficiently distinctive.",
/biotin-foods-lab-test-interference.html,404 (file removed),"Outside the focused healthy-fast-food and macro-tools product, duplicative, or insufficiently distinctive.",
/biotin-thyroid-tests-supplement-interference.html,404 (file removed),"Outside the focused healthy-fast-food and macro-tools product, duplicative, or insufficiently distinctive.",
/bloating-and-gas-food-guide.html,404 (file removed),"Outside the focused healthy-fast-food and macro-tools product, duplicative, or insufficiently distinctive.",
/blood-sugar-safety-scenario-game.html,404 (file removed),"Outside the focused healthy-fast-food and macro-tools product, duplicative, or insufficiently distinctive.",
/body-types-somatotypes-macros.html,404 (file removed),"Outside the focused healthy-fast-food and macro-tools product, duplicative, or insufficiently distinctive.",
/bone-health-visit-planner.html,404 (file removed),"Outside the focused healthy-fast-food and macro-tools product, duplicative, or insufficiently distinctive.",
/breastfeeding-nutrition-hydration-guide.html,404 (file removed),"Outside the focused healthy-fast-food and macro-tools product, duplicative, or insufficiently distinctive.",
/budget-friendly-fruit-vegetables.html,404 (file removed),"Outside the focused healthy-fast-food and macro-tools product, duplicative, or insufficiently distinctive.",
/budget-pantry-guides.html,404 (file removed),"Outside the focused healthy-fast-food and macro-tools product, duplicative, or insufficiently distinctive.",
/build-a-plate-game.html,404 (file removed),"Outside the focused healthy-fast-food and macro-tools product, duplicative, or insufficiently distinctive.",
/bulking-without-gaining-fat.html,404 (file removed),"Outside the focused healthy-fast-food and macro-tools product, duplicative, or insufficiently distinctive.",
/caffeine-and-athletic-performance.html,404 (file removed),"Outside the focused healthy-fast-food and macro-tools product, duplicative, or insufficiently distinctive.",
/caffeine-cutoff-before-bed.html,404 (file removed),"Outside the focused healthy-fast-food and macro-tools product, duplicative, or insufficiently distinctive.",
/calcium-and-bone-health.html,404 (file removed),"Outside the focused healthy-fast-food and macro-tools product, duplicative, or insufficiently distinctive.",
/calcium-vitamin-d-for-teens.html,404 (file removed),"Outside the focused healthy-fast-food and macro-tools product, duplicative, or insufficiently distinctive.",
/carb-cycling-explained.html,404 (file removed),"Outside the focused healthy-fast-food and macro-tools product, duplicative, or insufficiently distinctive.",
/carb-loading-for-athletes.html,404 (file removed),"Outside the focused healthy-fast-food and macro-tools product, duplicative, or insufficiently distinctive.",
/carbohydrate-counting-food-labels-diabetes.html,404 (file removed),"Outside the focused healthy-fast-food and macro-tools product, duplicative, or insufficiently distinctive.",
/carbohydrate-quality-guide.html,404 (file removed),"Outside the focused healthy-fast-food and macro-tools product, duplicative, or insufficiently distinctive.",
/carbohydrates-for-strength-training.html,404 (file removed),"Outside the focused healthy-fast-food and macro-tools product, duplicative, or insufficiently distinctive.",
/carbs-quiz.html,404 (file removed),"Outside the focused healthy-fast-food and macro-tools product, duplicative, or insufficiently distinctive.",
/carnivore-diet-explained.html,404 (file removed),"Outside the focused healthy-fast-food and macro-tools product, duplicative, or insufficiently distinctive.",
/catabolism-vs-anabolism.html,404 (file removed),"Outside the focused healthy-fast-food and macro-tools product, duplicative, or insufficiently distinctive.",
/cell-biology-quiz.html,404 (file removed),"Outside the focused healthy-fast-food and macro-tools product, duplicative, or insufficiently distinctive.",
/cell-membrane-transport.html,404 (file removed),"Outside the focused healthy-fast-food and macro-tools product, duplicative, or insufficiently distinctive.",
/cheat-days-do-they-help-or-hurt.html,404 (file removed),"Outside the focused healthy-fast-food and macro-tools product, duplicative, or insufficiently distinctive.",
/chewing-swallowing-barriers-nutrition.html,404 (file removed),"Outside the focused healthy-fast-food and macro-tools product, duplicative, or insufficiently distinctive.",
/children-teen-nutrition-guides.html,404 (file removed),"Outside the focused healthy-fast-food and macro-tools product, duplicative, or insufficiently distinctive.",
/cholesterol-explained.html,404 (file removed),"Outside the focused healthy-fast-food and macro-tools product, duplicative, or insufficiently distinctive.",
/choline-foods-and-functions.html,404 (file removed),"Outside the focused healthy-fast-food and macro-tools product, duplicative, or insufficiently distinctive.",
/choosing-food-database-entry.html,404 (file removed),"Outside the focused healthy-fast-food and macro-tools product, duplicative, or insufficiently distinctive.",
/chromium-foods-supplements-evidence.html,404 (file removed),"Outside the focused healthy-fast-food and macro-tools product, duplicative, or insufficiently distinctive.",
/chronic-kidney-disease-nutrition-basics.html,404 (file removed),"Outside the focused healthy-fast-food and macro-tools product, duplicative, or insufficiently distinctive.",
/cirrhosis-protein-meals-malnutrition.html,404 (file removed),"Outside the focused healthy-fast-food and macro-tools product, duplicative, or insufficiently distinctive.",
/cirrhosis-sodium-ascites-fluid-guide.html,404 (file removed),"Outside the focused healthy-fast-food and macro-tools product, duplicative, or insufficiently distinctive.",
/ckd-phosphorus-additives-labels-binders.html,404 (file removed),"Outside the focused healthy-fast-food and macro-tools product, duplicative, or insufficiently distinctive.",
/ckd-potassium-foods-labs-medicines.html,404 (file removed),"Outside the focused healthy-fast-food and macro-tools product, duplicative, or insufficiently distinctive.",
/ckd-sodium-fluid-swelling-guide.html,404 (file removed),"Outside the focused healthy-fast-food and macro-tools product, duplicative, or insufficiently distinctive.",
/collagen-supplements-explained.html,404 (file removed),"Outside the focused healthy-fast-food and macro-tools product, duplicative, or insufficiently distinctive.",
/common-nutrition-myths-debunked.html,404 (file removed),"Outside the focused healthy-fast-food and macro-tools product, duplicative, or insufficiently distinctive.",
/complete-vs-incomplete-protein.html,404 (file removed),"Outside the focused healthy-fast-food and macro-tools product, duplicative, or insufficiently distinctive.",
/constipation-food-and-routine-guide.html,404 (file removed),"Outside the focused healthy-fast-food and macro-tools product, duplicative, or insufficiently distinctive.",
/cooking-fats-guide.html,404 (file removed),"Outside the focused healthy-fast-food and macro-tools product, duplicative, or insufficiently distinctive.",
/copper-foods-and-functions.html,404 (file removed),"Outside the focused healthy-fast-food and macro-tools product, duplicative, or insufficiently distinctive.",
/correlation-vs-causation-in-nutrition.html,404 (file removed),"Outside the focused healthy-fast-food and macro-tools product, duplicative, or insufficiently distinctive.",
/creatine-explained.html,404 (file removed),"Outside the focused healthy-fast-food and macro-tools product, duplicative, or insufficiently distinctive.",
/dairy-free-calcium-foods.html,404 (file removed),"Outside the focused healthy-fast-food and macro-tools product, duplicative, or insufficiently distinctive.",
/dash-diet-explained.html,404 (file removed),"Outside the focused healthy-fast-food and macro-tools product, duplicative, or insufficiently distinctive.",
/dash-diet-practical-beginners-guide.html,404 (file removed),"Outside the focused healthy-fast-food and macro-tools product, duplicative, or insufficiently distinctive.",
/diabetes-alcohol-exercise-meal-timing.html,404 (file removed),"Outside the focused healthy-fast-food and macro-tools product, duplicative, or insufficiently distinctive.",
/diabetes-blood-sugar-nutrition-guides.html,404 (file removed),"Outside the focused healthy-fast-food and macro-tools product, duplicative, or insufficiently distinctive.",
/diabetes-plate-method-practical-guide.html,404 (file removed),"Outside the focused healthy-fast-food and macro-tools product, duplicative, or insufficiently distinctive.",
/dialysis-nutrition-protein-fluid-basics.html,404 (file removed),"Outside the focused healthy-fast-food and macro-tools product, duplicative, or insufficiently distinctive.",
/diarrhea-foods-hydration-recovery.html,404 (file removed),"Outside the focused healthy-fast-food and macro-tools product, duplicative, or insufficiently distinctive.",
/diet-sorter-game.html,404 (file removed),"Outside the focused healthy-fast-food and macro-tools product, duplicative, or insufficiently distinctive.",
/diets-explained.html,404 (file removed),"Outside the focused healthy-fast-food and macro-tools product, duplicative, or insufficiently distinctive.",
/diets-quiz.html,404 (file removed),"Outside the focused healthy-fast-food and macro-tools product, duplicative, or insufficiently distinctive.",
/digestion-quiz.html,404 (file removed),"Outside the focused healthy-fast-food and macro-tools product, duplicative, or insufficiently distinctive.",
/digestive-health-guides.html,404 (file removed),"Outside the focused healthy-fast-food and macro-tools product, duplicative, or insufficiently distinctive.",
/digestive-pattern-worksheet.html,404 (file removed),"Outside the focused healthy-fast-food and macro-tools product, duplicative, or insufficiently distinctive.",
/digestive-symptoms-red-flags.html,404 (file removed),"Outside the focused healthy-fast-food and macro-tools product, duplicative, or insufficiently distinctive.",
/do-elimination-diets-improve-performance.html,404 (file removed),"Outside the focused healthy-fast-food and macro-tools product, duplicative, or insufficiently distinctive.",
/does-caffeine-dehydrate-you.html,404 (file removed),"Outside the focused healthy-fast-food and macro-tools product, duplicative, or insufficiently distinctive.",
/does-eating-fat-make-you-fat.html,404 (file removed),"Outside the focused healthy-fast-food and macro-tools product, duplicative, or insufficiently distinctive.",
/eating-late-at-night-weight-gain.html,404 (file removed),"Outside the focused healthy-fast-food and macro-tools product, duplicative, or insufficiently distinctive.",
/egg-yolks-cholesterol-myth.html,404 (file removed),"Outside the focused healthy-fast-food and macro-tools product, duplicative, or insufficiently distinctive.",
/electrolytes-explained.html,404 (file removed),"Outside the focused healthy-fast-food and macro-tools product, duplicative, or insufficiently distinctive.",
/electron-transport-chain-explained.html,404 (file removed),"Outside the focused healthy-fast-food and macro-tools product, duplicative, or insufficiently distinctive.",
/emergency-pantry-meals.html,404 (file removed),"Outside the focused healthy-fast-food and macro-tools product, duplicative, or insufficiently distinctive.",
/endometriosis-bloating-bowel-symptoms-low-fodmap.html,404 (file removed),"Outside the focused healthy-fast-food and macro-tools product, duplicative, or insufficiently distinctive.",
/endometriosis-diet-evidence-balanced-eating.html,404 (file removed),"Outside the focused healthy-fast-food and macro-tools product, duplicative, or insufficiently distinctive.",
/endometriosis-fertility-pregnancy-nutrition.html,404 (file removed),"Outside the focused healthy-fast-food and macro-tools product, duplicative, or insufficiently distinctive.",
/endometriosis-heavy-periods-iron-anemia.html,404 (file removed),"Outside the focused healthy-fast-food and macro-tools product, duplicative, or insufficiently distinctive.",
/endometriosis-nutrition-guides.html,404 (file removed),"Outside the focused healthy-fast-food and macro-tools product, duplicative, or insufficiently distinctive.",
/endometriosis-nutrition-myth-game.html,404 (file removed),"Outside the focused healthy-fast-food and macro-tools product, duplicative, or insufficiently distinctive.",
/endometriosis-pain-flare-nausea-low-appetite-foods.html,404 (file removed),"Outside the focused healthy-fast-food and macro-tools product, duplicative, or insufficiently distinctive.",
/endometriosis-supplements-estrogen-detox-myths.html,404 (file removed),"Outside the focused healthy-fast-food and macro-tools product, duplicative, or insufficiently distinctive.",
/endometriosis-visit-question-builder.html,404 (file removed),"Outside the focused healthy-fast-food and macro-tools product, duplicative, or insufficiently distinctive.",
/energy-systems-explained.html,404 (file removed),"Outside the focused healthy-fast-food and macro-tools product, duplicative, or insufficiently distinctive.",
/enzyme-kinetics-explained.html,404 (file removed),"Outside the focused healthy-fast-food and macro-tools product, duplicative, or insufficiently distinctive.",
/enzymes-explained.html,404 (file removed),"Outside the focused healthy-fast-food and macro-tools product, duplicative, or insufficiently distinctive.",
/es/index.html,404 (file removed),Partial translation footprint without equivalent translated tools and guides.,
/everyday-nutrition-guides.html,404 (file removed),"Outside the focused healthy-fast-food and macro-tools product, duplicative, or insufficiently distinctive.",
/exercise-physiology-quiz.html,404 (file removed),"Outside the focused healthy-fast-food and macro-tools product, duplicative, or insufficiently distinctive.",
/extended-fasting-and-omad.html,404 (file removed),"Outside the focused healthy-fast-food and macro-tools product, duplicative, or insufficiently distinctive.",
/family-meal-planning.html,404 (file removed),"Outside the focused healthy-fast-food and macro-tools product, duplicative, or insufficiently distinctive.",
/famous-athlete-diets-fact-checked.html,404 (file removed),"Outside the focused healthy-fast-food and macro-tools product, duplicative, or insufficiently distinctive.",
/fasted-cardio-fat-loss.html,404 (file removed),"Outside the focused healthy-fast-food and macro-tools product, duplicative, or insufficiently distinctive.",
/fat-quiz.html,404 (file removed),"Outside the focused healthy-fast-food and macro-tools product, duplicative, or insufficiently distinctive.",
/fat-soluble-vitamins-explained.html,404 (file removed),"Outside the focused healthy-fast-food and macro-tools product, duplicative, or insufficiently distinctive.",
/fermented-foods-prebiotics-probiotics.html,404 (file removed),"Outside the focused healthy-fast-food and macro-tools product, duplicative, or insufficiently distinctive.",
/fiber-and-gut-microbiome.html,404 (file removed),"Outside the focused healthy-fast-food and macro-tools product, duplicative, or insufficiently distinctive.",
/fiber-benefits.html,404 (file removed),"Outside the focused healthy-fast-food and macro-tools product, duplicative, or insufficiently distinctive.",
/fiber-without-the-hype.html,404 (file removed),"Outside the focused healthy-fast-food and macro-tools product, duplicative, or insufficiently distinctive.",
/fish-mercury-pregnancy-breastfeeding.html,404 (file removed),"Outside the focused healthy-fast-food and macro-tools product, duplicative, or insufficiently distinctive.",
/folate-vs-folic-acid.html,404 (file removed),"Outside the focused healthy-fast-food and macro-tools product, duplicative, or insufficiently distinctive.",
/food-allergy-label-safety-guides.html,404 (file removed),"Outside the focused healthy-fast-food and macro-tools product, duplicative, or insufficiently distinctive.",
/food-date-labels-safety-quality.html,404 (file removed),"Outside the focused healthy-fast-food and macro-tools product, duplicative, or insufficiently distinctive.",
/food-labels-serving-size-traps.html,404 (file removed),"Outside the focused healthy-fast-food and macro-tools product, duplicative, or insufficiently distinctive.",
/food-literacy-guides.html,404 (file removed),"Outside the focused healthy-fast-food and macro-tools product, duplicative, or insufficiently distinctive.",
/food-measurement-guides.html,404 (file removed),"Outside the focused healthy-fast-food and macro-tools product, duplicative, or insufficiently distinctive.",
/food-safety-for-older-adults.html,404 (file removed),"Outside the focused healthy-fast-food and macro-tools product, duplicative, or insufficiently distinctive.",
/food-safety-storage-guides.html,404 (file removed),"Outside the focused healthy-fast-food and macro-tools product, duplicative, or insufficiently distinctive.",
/food-storage-decision-helper.html,404 (file removed),"Outside the focused healthy-fast-food and macro-tools product, duplicative, or insufficiently distinctive.",
/fr/index.html,404 (file removed),Partial translation footprint without equivalent translated tools and guides.,
/freezer-meals-balanced-nutrition.html,404 (file removed),"Outside the focused healthy-fast-food and macro-tools product, duplicative, or insufficiently distinctive.",
/freezer-safety-and-refreezing.html,404 (file removed),"Outside the focused healthy-fast-food and macro-tools product, duplicative, or insufficiently distinctive.",
/fresh-vs-frozen-vs-canned.html,404 (file removed),"Outside the focused healthy-fast-food and macro-tools product, duplicative, or insufficiently distinctive.",
/front-of-package-food-claims.html,404 (file removed),"Outside the focused healthy-fast-food and macro-tools product, duplicative, or insufficiently distinctive.",
/glossary.html,404 (file removed),"Outside the focused healthy-fast-food and macro-tools product, duplicative, or insufficiently distinctive.",
/gluten-free-labels-celiac-disease.html,404 (file removed),"Outside the focused healthy-fast-food and macro-tools product, duplicative, or insufficiently distinctive.",
/glycemic-index-explained.html,404 (file removed),"Outside the focused healthy-fast-food and macro-tools product, duplicative, or insufficiently distinctive.",
/glycolysis-explained.html,404 (file removed),"Outside the focused healthy-fast-food and macro-tools product, duplicative, or insufficiently distinctive.",
/grocery-list-for-balanced-meals.html,404 (file removed),"Outside the focused healthy-fast-food and macro-tools product, duplicative, or insufficiently distinctive.",
/gut-health-myth-game.html,404 (file removed),"Outside the focused healthy-fast-food and macro-tools product, duplicative, or insufficiently distinctive.",
/gut-microbiome-myths.html,404 (file removed),"Outside the focused healthy-fast-food and macro-tools product, duplicative, or insufficiently distinctive.",
/hashimotos-diet-gluten-selenium-myths.html,404 (file removed),"Outside the focused healthy-fast-food and macro-tools product, duplicative, or insufficiently distinctive.",
/healthy-aging-nutrition-guides.html,404 (file removed),"Outside the focused healthy-fast-food and macro-tools product, duplicative, or insufficiently distinctive.",
/healthy-breakfasts-for-teens.html,404 (file removed),"Outside the focused healthy-fast-food and macro-tools product, duplicative, or insufficiently distinctive.",
/healthy-high-fat-foods.html,404 (file removed),"Outside the focused healthy-fast-food and macro-tools product, duplicative, or insufficiently distinctive.",
/healthy-packed-lunch-ideas.html,404 (file removed),"Outside the focused healthy-fast-food and macro-tools product, duplicative, or insufficiently distinctive.",
/heart-health-food-myth-game.html,404 (file removed),"Outside the focused healthy-fast-food and macro-tools product, duplicative, or insufficiently distinctive.",
/heart-health-nutrition-guides.html,404 (file removed),"Outside the focused healthy-fast-food and macro-tools product, duplicative, or insufficiently distinctive.",
/heavy-periods-blood-loss-iron-deficiency.html,404 (file removed),"Outside the focused healthy-fast-food and macro-tools product, duplicative, or insufficiently distinctive.",
/high-fiber-foods-list.html,404 (file removed),"Outside the focused healthy-fast-food and macro-tools product, duplicative, or insufficiently distinctive.",
/high-protein-breakfast-ideas.html,404 (file removed),"Outside the focused healthy-fast-food and macro-tools product, duplicative, or insufficiently distinctive.",
/high-protein-snacks-real-food.html,404 (file removed),"Outside the focused healthy-fast-food and macro-tools product, duplicative, or insufficiently distinctive.",
/homeostasis-explained.html,404 (file removed),"Outside the focused healthy-fast-food and macro-tools product, duplicative, or insufficiently distinctive.",
/hot-flashes-food-caffeine-alcohol-triggers.html,404 (file removed),"Outside the focused healthy-fast-food and macro-tools product, duplicative, or insufficiently distinctive.",
/hot-weather-exercise-fueling.html,404 (file removed),"Outside the focused healthy-fast-food and macro-tools product, duplicative, or insufficiently distinctive.",
/how-digestion-works.html,404 (file removed),"Outside the focused healthy-fast-food and macro-tools product, duplicative, or insufficiently distinctive.",
/how-industry-funding-shapes-nutrition-research.html,404 (file removed),"Outside the focused healthy-fast-food and macro-tools product, duplicative, or insufficiently distinctive.",
/how-many-carbs-per-day.html,404 (file removed),"Outside the focused healthy-fast-food and macro-tools product, duplicative, or insufficiently distinctive.",
/how-much-fat-per-day.html,404 (file removed),"Outside the focused healthy-fast-food and macro-tools product, duplicative, or insufficiently distinctive.",
/how-much-water-should-you-drink-per-day.html,404 (file removed),"Outside the focused healthy-fast-food and macro-tools product, duplicative, or insufficiently distinctive.",
/how-to-build-a-balanced-meal.html,404 (file removed),"Outside the focused healthy-fast-food and macro-tools product, duplicative, or insufficiently distinctive.",
/how-to-compare-grocery-unit-prices.html,404 (file removed),"Outside the focused healthy-fast-food and macro-tools product, duplicative, or insufficiently distinctive.",
/how-to-measure-sweat-rate.html,404 (file removed),"Outside the focused healthy-fast-food and macro-tools product, duplicative, or insufficiently distinctive.",
/how-to-read-a-meta-analysis.html,404 (file removed),"Outside the focused healthy-fast-food and macro-tools product, duplicative, or insufficiently distinctive.",
/how-to-read-a-nutrition-study.html,404 (file removed),"Outside the focused healthy-fast-food and macro-tools product, duplicative, or insufficiently distinctive.",
/how-to-read-food-allergen-labels.html,404 (file removed),"Outside the focused healthy-fast-food and macro-tools product, duplicative, or insufficiently distinctive.",
/how-to-track-your-macros.html,404 (file removed),"Outside the focused healthy-fast-food and macro-tools product, duplicative, or insufficiently distinctive.",
/hunger-fullness-and-satiety.html,404 (file removed),"Outside the focused healthy-fast-food and macro-tools product, duplicative, or insufficiently distinctive.",
/hydration-and-performance.html,404 (file removed),"Outside the focused healthy-fast-food and macro-tools product, duplicative, or insufficiently distinctive.",
/hydration-electrolyte-guides.html,404 (file removed),"Outside the focused healthy-fast-food and macro-tools product, duplicative, or insufficiently distinctive.",
/hydration-for-older-adults.html,404 (file removed),"Outside the focused healthy-fast-food and macro-tools product, duplicative, or insufficiently distinctive.",
/hydration-in-hot-weather.html,404 (file removed),"Outside the focused healthy-fast-food and macro-tools product, duplicative, or insufficiently distinctive.",
/hydration-needs-not-eight-glasses.html,404 (file removed),"Outside the focused healthy-fast-food and macro-tools product, duplicative, or insufficiently distinctive.",
/hydration-scenario-game.html,404 (file removed),"Outside the focused healthy-fast-food and macro-tools product, duplicative, or insufficiently distinctive.",
/hyperthyroidism-nutrition-weight-bone-health.html,404 (file removed),"Outside the focused healthy-fast-food and macro-tools product, duplicative, or insufficiently distinctive.",
/hypoglycemia-food-treatment-safety.html,404 (file removed),"Outside the focused healthy-fast-food and macro-tools product, duplicative, or insufficiently distinctive.",
/hypothyroidism-food-nutrition-basics.html,404 (file removed),"Outside the focused healthy-fast-food and macro-tools product, duplicative, or insufficiently distinctive.",
/iifym-flexible-dieting.html,404 (file removed),"Outside the focused healthy-fast-food and macro-tools product, duplicative, or insufficiently distinctive.",
/ingredient-list-order.html,404 (file removed),"Outside the focused healthy-fast-food and macro-tools product, duplicative, or insufficiently distinctive.",
/insulin-and-glucagon.html,404 (file removed),"Outside the focused healthy-fast-food and macro-tools product, duplicative, or insufficiently distinctive.",
/intermittent-fasting-and-macros.html,404 (file removed),"Outside the focused healthy-fast-food and macro-tools product, duplicative, or insufficiently distinctive.",
/intuitive-eating-explained.html,404 (file removed),"Outside the focused healthy-fast-food and macro-tools product, duplicative, or insufficiently distinctive.",
/iodine-thyroid-and-food-sources.html,404 (file removed),"Outside the focused healthy-fast-food and macro-tools product, duplicative, or insufficiently distinctive.",
/iron-absorption-vitamin-c-tea-calcium.html,404 (file removed),"Outside the focused healthy-fast-food and macro-tools product, duplicative, or insufficiently distinctive.",
/iron-anemia-nutrition-guides.html,404 (file removed),"Outside the focused healthy-fast-food and macro-tools product, duplicative, or insufficiently distinctive.",
/iron-anemia-safety-game.html,404 (file removed),"Outside the focused healthy-fast-food and macro-tools product, duplicative, or insufficiently distinctive.",
/iron-deficiency-and-athletes.html,404 (file removed),"Outside the focused healthy-fast-food and macro-tools product, duplicative, or insufficiently distinctive.",
/iron-deficiency-anemia-tests-ferritin-guide.html,404 (file removed),"Outside the focused healthy-fast-food and macro-tools product, duplicative, or insufficiently distinctive.",
/iron-for-teenagers.html,404 (file removed),"Outside the focused healthy-fast-food and macro-tools product, duplicative, or insufficiently distinctive.",
/iron-label-and-test-question-builder.html,404 (file removed),"Outside the focused healthy-fast-food and macro-tools product, duplicative, or insufficiently distinctive.",
/iron-overload-hemochromatosis-food-supplements.html,404 (file removed),"Outside the focused healthy-fast-food and macro-tools product, duplicative, or insufficiently distinctive.",
/iron-rich-foods-heme-nonheme-guide.html,404 (file removed),"Outside the focused healthy-fast-food and macro-tools product, duplicative, or insufficiently distinctive.",
/iron-supplements-elemental-iron-safety.html,404 (file removed),"Outside the focused healthy-fast-food and macro-tools product, duplicative, or insufficiently distinctive.",
/keto-flu-explained.html,404 (file removed),"Outside the focused healthy-fast-food and macro-tools product, duplicative, or insufficiently distinctive.",
/ketogenic-diet-explained.html,404 (file removed),"Outside the focused healthy-fast-food and macro-tools product, duplicative, or insufficiently distinctive.",
/kidney-function-explained.html,404 (file removed),"Outside the focused healthy-fast-food and macro-tools product, duplicative, or insufficiently distinctive.",
/kidney-health-nutrition-guides.html,404 (file removed),"Outside the focused healthy-fast-food and macro-tools product, duplicative, or insufficiently distinctive.",
/kidney-nutrition-safety-game.html,404 (file removed),"Outside the focused healthy-fast-food and macro-tools product, duplicative, or insufficiently distinctive.",
/kidney-stone-food-fluid-guide.html,404 (file removed),"Outside the focused healthy-fast-food and macro-tools product, duplicative, or insufficiently distinctive.",
/kitchen-food-safety-game.html,404 (file removed),"Outside the focused healthy-fast-food and macro-tools product, duplicative, or insufficiently distinctive.",
/krebs-cycle-explained.html,404 (file removed),"Outside the focused healthy-fast-food and macro-tools product, duplicative, or insufficiently distinctive.",
/leftover-safety-two-hour-four-day-rule.html,404 (file removed),"Outside the focused healthy-fast-food and macro-tools product, duplicative, or insufficiently distinctive.",
/leftovers-food-safety-and-nutrition.html,404 (file removed),"Outside the focused healthy-fast-food and macro-tools product, duplicative, or insufficiently distinctive.",
/levothyroxine-food-coffee-calcium-iron-timing.html,404 (file removed),"Outside the focused healthy-fast-food and macro-tools product, duplicative, or insufficiently distinctive.",
/liver-detox-myth-safety-game.html,404 (file removed),"Outside the focused healthy-fast-food and macro-tools product, duplicative, or insufficiently distinctive.",
/liver-detox-supplements-herbal-injury.html,404 (file removed),"Outside the focused healthy-fast-food and macro-tools product, duplicative, or insufficiently distinctive.",
/liver-enzymes-food-and-test-context.html,404 (file removed),"Outside the focused healthy-fast-food and macro-tools product, duplicative, or insufficiently distinctive.",
/liver-health-nutrition-guides.html,404 (file removed),"Outside the focused healthy-fast-food and macro-tools product, duplicative, or insufficiently distinctive.",
/liver-health-visit-question-builder.html,404 (file removed),"Outside the focused healthy-fast-food and macro-tools product, duplicative, or insufficiently distinctive.",
/low-carb-diet-effects.html,404 (file removed),"Outside the focused healthy-fast-food and macro-tools product, duplicative, or insufficiently distinctive.",
/low-fat-diet-risks.html,404 (file removed),"Outside the focused healthy-fast-food and macro-tools product, duplicative, or insufficiently distinctive.",
/low-fodmap-diet-three-steps.html,404 (file removed),"Outside the focused healthy-fast-food and macro-tools product, duplicative, or insufficiently distinctive.",
/macro-master-quiz.html,404 (file removed),"Outside the focused healthy-fast-food and macro-tools product, duplicative, or insufficiently distinctive.",
/macro-memory-game.html,404 (file removed),"Outside the focused healthy-fast-food and macro-tools product, duplicative, or insufficiently distinctive.",
/macro-sprint-game.html,404 (file removed),"Outside the focused healthy-fast-food and macro-tools product, duplicative, or insufficiently distinctive.",
/macros-for-endurance-vs-strength-athletes.html,404 (file removed),"Outside the focused healthy-fast-food and macro-tools product, duplicative, or insufficiently distinctive.",
/macros-for-vegetarians.html,404 (file removed),"Outside the focused healthy-fast-food and macro-tools product, duplicative, or insufficiently distinctive.",
/macros-without-tracking.html,404 (file removed),"Outside the focused healthy-fast-food and macro-tools product, duplicative, or insufficiently distinctive.",
/magnesium-explained.html,404 (file removed),"Outside the focused healthy-fast-food and macro-tools product, duplicative, or insufficiently distinctive.",
/manganese-foods-functions-safety.html,404 (file removed),"Outside the focused healthy-fast-food and macro-tools product, duplicative, or insufficiently distinctive.",
/masld-fatty-liver-food-pattern-guide.html,404 (file removed),"Outside the focused healthy-fast-food and macro-tools product, duplicative, or insufficiently distinctive.",
/meal-building-guides.html,404 (file removed),"Outside the focused healthy-fast-food and macro-tools product, duplicative, or insufficiently distinctive.",
/meal-frequency-and-metabolism.html,404 (file removed),"Outside the focused healthy-fast-food and macro-tools product, duplicative, or insufficiently distinctive.",
/meal-math-challenge.html,404 (file removed),"Outside the focused healthy-fast-food and macro-tools product, duplicative, or insufficiently distinctive.",
/meal-prep-food-storage-guide.html,404 (file removed),"Outside the focused healthy-fast-food and macro-tools product, duplicative, or insufficiently distinctive.",
/meal-prep-for-macros.html,404 (file removed),"Outside the focused healthy-fast-food and macro-tools product, duplicative, or insufficiently distinctive.",
/mediterranean-diet-explained.html,404 (file removed),"Outside the focused healthy-fast-food and macro-tools product, duplicative, or insufficiently distinctive.",
/menopause-calcium-vitamin-d-bone-health.html,404 (file removed),"Outside the focused healthy-fast-food and macro-tools product, duplicative, or insufficiently distinctive.",
/menopause-nutrition-guides.html,404 (file removed),"Outside the focused healthy-fast-food and macro-tools product, duplicative, or insufficiently distinctive.",
/menopause-nutrition-myth-game.html,404 (file removed),"Outside the focused healthy-fast-food and macro-tools product, duplicative, or insufficiently distinctive.",
/menopause-protein-strength-muscle-guide.html,404 (file removed),"Outside the focused healthy-fast-food and macro-tools product, duplicative, or insufficiently distinctive.",
/menopause-supplements-phytoestrogens-safety.html,404 (file removed),"Outside the focused healthy-fast-food and macro-tools product, duplicative, or insufficiently distinctive.",
/menopause-weight-body-composition-without-crash-diets.html,404 (file removed),"Outside the focused healthy-fast-food and macro-tools product, duplicative, or insufficiently distinctive.",
/metabolic-damage-is-it-real.html,404 (file removed),"Outside the focused healthy-fast-food and macro-tools product, duplicative, or insufficiently distinctive.",
/metabolic-syndrome-explained.html,404 (file removed),"Outside the focused healthy-fast-food and macro-tools product, duplicative, or insufficiently distinctive.",
/micronutrient-finder.html,404 (file removed),"Outside the focused healthy-fast-food and macro-tools product, duplicative, or insufficiently distinctive.",
/micronutrient-guides.html,404 (file removed),"Outside the focused healthy-fast-food and macro-tools product, duplicative, or insufficiently distinctive.",
/micronutrients-vs-macronutrients.html,404 (file removed),"Outside the focused healthy-fast-food and macro-tools product, duplicative, or insufficiently distinctive.",
/midlife-nutrition-visit-planner.html,404 (file removed),"Outside the focused healthy-fast-food and macro-tools product, duplicative, or insufficiently distinctive.",
/migraine-caffeine-coffee-withdrawal-guide.html,404 (file removed),"Outside the focused healthy-fast-food and macro-tools product, duplicative, or insufficiently distinctive.",
/migraine-diet-balanced-meals-guide.html,404 (file removed),"Outside the focused healthy-fast-food and macro-tools product, duplicative, or insufficiently distinctive.",
/migraine-food-trigger-diary-elimination-diets.html,404 (file removed),"Outside the focused healthy-fast-food and macro-tools product, duplicative, or insufficiently distinctive.",
/migraine-hydration-electrolytes-guide.html,404 (file removed),"Outside the focused healthy-fast-food and macro-tools product, duplicative, or insufficiently distinctive.",
/migraine-magnesium-riboflavin-coq10-supplements.html,404 (file removed),"Outside the focused healthy-fast-food and macro-tools product, duplicative, or insufficiently distinctive.",
/migraine-nausea-vomiting-flare-foods.html,404 (file removed),"Outside the focused healthy-fast-food and macro-tools product, duplicative, or insufficiently distinctive.",
/migraine-nutrition-guides.html,404 (file removed),"Outside the focused healthy-fast-food and macro-tools product, duplicative, or insufficiently distinctive.",
/migraine-pattern-diary.html,404 (file removed),"Outside the focused healthy-fast-food and macro-tools product, duplicative, or insufficiently distinctive.",
/migraine-trigger-myth-game.html,404 (file removed),"Outside the focused healthy-fast-food and macro-tools product, duplicative, or insufficiently distinctive.",
/milk-allergy-vs-lactose-intolerance.html,404 (file removed),"Outside the focused healthy-fast-food and macro-tools product, duplicative, or insufficiently distinctive.",
/muscle-contraction-explained.html,404 (file removed),"Outside the focused healthy-fast-food and macro-tools product, duplicative, or insufficiently distinctive.",
/muscle-fiber-types-and-nutrition.html,404 (file removed),"Outside the focused healthy-fast-food and macro-tools product, duplicative, or insufficiently distinctive.",
/muscle-soreness-and-recovery-nutrition.html,404 (file removed),"Outside the focused healthy-fast-food and macro-tools product, duplicative, or insufficiently distinctive.",
/nausea-vomiting-pregnancy-food-strategies.html,404 (file removed),"Outside the focused healthy-fast-food and macro-tools product, duplicative, or insufficiently distinctive.",
/net-carbs-vs-total-carbs.html,404 (file removed),"Outside the focused healthy-fast-food and macro-tools product, duplicative, or insufficiently distinctive.",
/niacin-vitamin-b3-foods-functions.html,404 (file removed),"Outside the focused healthy-fast-food and macro-tools product, duplicative, or insufficiently distinctive.",
/nitrogen-balance-explained.html,404 (file removed),"Outside the focused healthy-fast-food and macro-tools product, duplicative, or insufficiently distinctive.",
/nutrient-dense-meals-for-smaller-appetites.html,404 (file removed),"Outside the focused healthy-fast-food and macro-tools product, duplicative, or insufficiently distinctive.",
/nutrient-density-explained.html,404 (file removed),"Outside the focused healthy-fast-food and macro-tools product, duplicative, or insufficiently distinctive.",
/nutrition-during-pregnancy.html,404 (file removed),"Outside the focused healthy-fast-food and macro-tools product, duplicative, or insufficiently distinctive.",
/nutrition-for-children-and-teens.html,404 (file removed),"Outside the focused healthy-fast-food and macro-tools product, duplicative, or insufficiently distinctive.",
/nutrition-label-detective-game.html,404 (file removed),"Outside the focused healthy-fast-food and macro-tools product, duplicative, or insufficiently distinctive.",
/nutrition-label-rounding-explained.html,404 (file removed),"Outside the focused healthy-fast-food and macro-tools product, duplicative, or insufficiently distinctive.",
/nutrition-myth-or-context-game.html,404 (file removed),"Outside the focused healthy-fast-food and macro-tools product, duplicative, or insufficiently distinctive.",
/nutrition-while-traveling.html,404 (file removed),"Outside the focused healthy-fast-food and macro-tools product, duplicative, or insufficiently distinctive.",
/older-adult-meal-support-planner.html,404 (file removed),"Outside the focused healthy-fast-food and macro-tools product, duplicative, or insufficiently distinctive.",
/omega-3-foods-list.html,404 (file removed),"Outside the focused healthy-fast-food and macro-tools product, duplicative, or insufficiently distinctive.",
/omega-3-vs-omega-6.html,404 (file removed),"Outside the focused healthy-fast-food and macro-tools product, duplicative, or insufficiently distinctive.",
/osteoporosis-bone-health-guides.html,404 (file removed),"Outside the focused healthy-fast-food and macro-tools product, duplicative, or insufficiently distinctive.",
/osteoporosis-calcium-food-supplement-guide.html,404 (file removed),"Outside the focused healthy-fast-food and macro-tools product, duplicative, or insufficiently distinctive.",
/osteoporosis-medications-food-timing-dental-care.html,404 (file removed),"Outside the focused healthy-fast-food and macro-tools product, duplicative, or insufficiently distinctive.",
/osteoporosis-myth-safety-game.html,404 (file removed),"Outside the focused healthy-fast-food and macro-tools product, duplicative, or insufficiently distinctive.",
/osteoporosis-protein-strength-balance-fall-prevention.html,404 (file removed),"Outside the focused healthy-fast-food and macro-tools product, duplicative, or insufficiently distinctive.",
/osteoporosis-screening-dxa-t-score-guide.html,404 (file removed),"Outside the focused healthy-fast-food and macro-tools product, duplicative, or insufficiently distinctive.",
/osteoporosis-vitamin-d-testing-supplements.html,404 (file removed),"Outside the focused healthy-fast-food and macro-tools product, duplicative, or insufficiently distinctive.",
/overhydration-and-hyponatremia.html,404 (file removed),"Outside the focused healthy-fast-food and macro-tools product, duplicative, or insufficiently distinctive.",
/paleo-diet-explained.html,404 (file removed),"Outside the focused healthy-fast-food and macro-tools product, duplicative, or insufficiently distinctive.",
/pantothenic-acid-vitamin-b5-foods.html,404 (file removed),"Outside the focused healthy-fast-food and macro-tools product, duplicative, or insufficiently distinctive.",
/pcos-fertility-pregnancy-nutrition.html,404 (file removed),"Outside the focused healthy-fast-food and macro-tools product, duplicative, or insufficiently distinctive.",
/pcos-inositol-berberine-supplement-safety.html,404 (file removed),"Outside the focused healthy-fast-food and macro-tools product, duplicative, or insufficiently distinctive.",
/pcos-insulin-resistance-carbohydrates-guide.html,404 (file removed),"Outside the focused healthy-fast-food and macro-tools product, duplicative, or insufficiently distinctive.",
/pcos-metformin-b12-food-timing.html,404 (file removed),"Outside the focused healthy-fast-food and macro-tools product, duplicative, or insufficiently distinctive.",
/pcos-nutrition-balanced-meals-guide.html,404 (file removed),"Outside the focused healthy-fast-food and macro-tools product, duplicative, or insufficiently distinctive.",
/pcos-nutrition-guides.html,404 (file removed),"Outside the focused healthy-fast-food and macro-tools product, duplicative, or insufficiently distinctive.",
/pcos-nutrition-myth-game.html,404 (file removed),"Outside the focused healthy-fast-food and macro-tools product, duplicative, or insufficiently distinctive.",
/pcos-visit-question-builder.html,404 (file removed),"Outside the focused healthy-fast-food and macro-tools product, duplicative, or insufficiently distinctive.",
/pcos-weight-stigma-body-image-eating-disorders.html,404 (file removed),"Outside the focused healthy-fast-food and macro-tools product, duplicative, or insufficiently distinctive.",
/performance-recovery-guides.html,404 (file removed),"Outside the focused healthy-fast-food and macro-tools product, duplicative, or insufficiently distinctive.",
/perimenopause-menopause-nutrition-guide.html,404 (file removed),"Outside the focused healthy-fast-food and macro-tools product, duplicative, or insufficiently distinctive.",
/pescatarian-diet-explained.html,404 (file removed),"Outside the focused healthy-fast-food and macro-tools product, duplicative, or insufficiently distinctive.",
/phosphorus-foods-and-kidney-health.html,404 (file removed),"Outside the focused healthy-fast-food and macro-tools product, duplicative, or insufficiently distinctive.",
/physiology-quiz.html,404 (file removed),"Outside the focused healthy-fast-food and macro-tools product, duplicative, or insufficiently distinctive.",
/picky-eating-without-pressure.html,404 (file removed),"Outside the focused healthy-fast-food and macro-tools product, duplicative, or insufficiently distinctive.",
/plant-based-protein-sources.html,404 (file removed),"Outside the focused healthy-fast-food and macro-tools product, duplicative, or insufficiently distinctive.",
/plant-based-vs-vegan-diet.html,404 (file removed),"Outside the focused healthy-fast-food and macro-tools product, duplicative, or insufficiently distinctive.",
/plant-milk-comparison-guide.html,404 (file removed),"Outside the focused healthy-fast-food and macro-tools product, duplicative, or insufficiently distinctive.",
/portion-estimation-game.html,404 (file removed),"Outside the focused healthy-fast-food and macro-tools product, duplicative, or insufficiently distinctive.",
/portion-sizes-without-a-scale.html,404 (file removed),"Outside the focused healthy-fast-food and macro-tools product, duplicative, or insufficiently distinctive.",
/post-workout-anabolic-window.html,404 (file removed),"Outside the focused healthy-fast-food and macro-tools product, duplicative, or insufficiently distinctive.",
/post-workout-meal-guide.html,404 (file removed),"Outside the focused healthy-fast-food and macro-tools product, duplicative, or insufficiently distinctive.",
/potassium-blood-pressure-kidney-caution.html,404 (file removed),"Outside the focused healthy-fast-food and macro-tools product, duplicative, or insufficiently distinctive.",
/potassium-foods-and-functions.html,404 (file removed),"Outside the focused healthy-fast-food and macro-tools product, duplicative, or insufficiently distinctive.",
/power-outage-refrigerator-freezer-food-safety.html,404 (file removed),"Outside the focused healthy-fast-food and macro-tools product, duplicative, or insufficiently distinctive.",
/pre-workout-meal-timing.html,404 (file removed),"Outside the focused healthy-fast-food and macro-tools product, duplicative, or insufficiently distinctive.",
/prediabetes-food-changes-without-extremes.html,404 (file removed),"Outside the focused healthy-fast-food and macro-tools product, duplicative, or insufficiently distinctive.",
/pregnancy-breastfeeding-nutrition-guides.html,404 (file removed),"Outside the focused healthy-fast-food and macro-tools product, duplicative, or insufficiently distinctive.",
/pregnancy-food-safety-listeria.html,404 (file removed),"Outside the focused healthy-fast-food and macro-tools product, duplicative, or insufficiently distinctive.",
/pregnancy-nutrition-safety-game.html,404 (file removed),"Outside the focused healthy-fast-food and macro-tools product, duplicative, or insufficiently distinctive.",
/prenatal-supplement-label-checker.html,404 (file removed),"Outside the focused healthy-fast-food and macro-tools product, duplicative, or insufficiently distinctive.",
/prenatal-vitamins-folate-iron-iodine-choline.html,404 (file removed),"Outside the focused healthy-fast-food and macro-tools product, duplicative, or insufficiently distinctive.",
/probiotics-and-gut-health.html,404 (file removed),"Outside the focused healthy-fast-food and macro-tools product, duplicative, or insufficiently distinctive.",
/protein-and-kidney-health.html,404 (file removed),"Outside the focused healthy-fast-food and macro-tools product, duplicative, or insufficiently distinctive.",
/protein-before-bed.html,404 (file removed),"Outside the focused healthy-fast-food and macro-tools product, duplicative, or insufficiently distinctive.",
/protein-deficiency-symptoms.html,404 (file removed),"Outside the focused healthy-fast-food and macro-tools product, duplicative, or insufficiently distinctive.",
/protein-for-endurance-athletes.html,404 (file removed),"Outside the focused healthy-fast-food and macro-tools product, duplicative, or insufficiently distinctive.",
/protein-for-muscle-growth.html,404 (file removed),"Outside the focused healthy-fast-food and macro-tools product, duplicative, or insufficiently distinctive.",
/protein-for-older-adults.html,404 (file removed),"Outside the focused healthy-fast-food and macro-tools product, duplicative, or insufficiently distinctive.",
/protein-intake-for-women.html,404 (file removed),"Outside the focused healthy-fast-food and macro-tools product, duplicative, or insufficiently distinctive.",
/protein-on-a-budget.html,404 (file removed),"Outside the focused healthy-fast-food and macro-tools product, duplicative, or insufficiently distinctive.",
/protein-per-meal-guide.html,404 (file removed),"Outside the focused healthy-fast-food and macro-tools product, duplicative, or insufficiently distinctive.",
/protein-powder-101.html,404 (file removed),"Outside the focused healthy-fast-food and macro-tools product, duplicative, or insufficiently distinctive.",
/protein-quality-scores-pdcaas-diaas.html,404 (file removed),"Outside the focused healthy-fast-food and macro-tools product, duplicative, or insufficiently distinctive.",
/protein-quiz.html,404 (file removed),"Outside the focused healthy-fast-food and macro-tools product, duplicative, or insufficiently distinctive.",
/protein-structure-levels.html,404 (file removed),"Outside the focused healthy-fast-food and macro-tools product, duplicative, or insufficiently distinctive.",
/protein-timing.html,404 (file removed),"Outside the focused healthy-fast-food and macro-tools product, duplicative, or insufficiently distinctive.",
/quiz.html,404 (file removed),"Outside the focused healthy-fast-food and macro-tools product, duplicative, or insufficiently distinctive.",
/raw-vs-cooked-food-weight.html,404 (file removed),"Outside the focused healthy-fast-food and macro-tools product, duplicative, or insufficiently distinctive.",
/rda-vs-dri-vs-amdr.html,404 (file removed),"Outside the focused healthy-fast-food and macro-tools product, duplicative, or insufficiently distinctive.",
/reduce-food-waste-meal-planning.html,404 (file removed),"Outside the focused healthy-fast-food and macro-tools product, duplicative, or insufficiently distinctive.",
/refeed-days-explained.html,404 (file removed),"Outside the focused healthy-fast-food and macro-tools product, duplicative, or insufficiently distinctive.",
/refrigerator-organization-food-safety.html,404 (file removed),"Outside the focused healthy-fast-food and macro-tools product, duplicative, or insufficiently distinctive.",
/relative-risk-vs-absolute-risk.html,404 (file removed),"Outside the focused healthy-fast-food and macro-tools product, duplicative, or insufficiently distinctive.",
/renal-label-question-builder.html,404 (file removed),"Outside the focused healthy-fast-food and macro-tools product, duplicative, or insufficiently distinctive.",
/resistant-starch-explained.html,404 (file removed),"Outside the focused healthy-fast-food and macro-tools product, duplicative, or insufficiently distinctive.",
/rest-day-nutrition.html,404 (file removed),"Outside the focused healthy-fast-food and macro-tools product, duplicative, or insufficiently distinctive.",
/restaurant-food-allergy-communication.html,404 (file removed),"Outside the focused healthy-fast-food and macro-tools product, duplicative, or insufficiently distinctive.",
/restaurant-meals-every-diet-guide.html,404 (file removed),"Outside the focused healthy-fast-food and macro-tools product, duplicative, or insufficiently distinctive.",
/restaurant-nutrition-information.html,404 (file removed),"Outside the focused healthy-fast-food and macro-tools product, duplicative, or insufficiently distinctive.",
/riboflavin-vitamin-b2-foods-functions.html,404 (file removed),"Outside the focused healthy-fast-food and macro-tools product, duplicative, or insufficiently distinctive.",
/safe-cooking-temperatures-guide.html,404 (file removed),"Outside the focused healthy-fast-food and macro-tools product, duplicative, or insufficiently distinctive.",
/safe-thawing-methods.html,404 (file removed),"Outside the focused healthy-fast-food and macro-tools product, duplicative, or insufficiently distinctive.",
/satisfying-salad-formula.html,404 (file removed),"Outside the focused healthy-fast-food and macro-tools product, duplicative, or insufficiently distinctive.",
/saturated-unsaturated-fat-heart-health.html,404 (file removed),"Outside the focused healthy-fast-food and macro-tools product, duplicative, or insufficiently distinctive.",
/saturated-vs-unsaturated-fat.html,404 (file removed),"Outside the focused healthy-fast-food and macro-tools product, duplicative, or insufficiently distinctive.",
/school-food-allergy-planning.html,404 (file removed),"Outside the focused healthy-fast-food and macro-tools product, duplicative, or insufficiently distinctive.",
/school-lunch-builder.html,404 (file removed),"Outside the focused healthy-fast-food and macro-tools product, duplicative, or insufficiently distinctive.",
/secondary-osteoporosis-nutrition-eating-disorders-steroids.html,404 (file removed),"Outside the focused healthy-fast-food and macro-tools product, duplicative, or insufficiently distinctive.",
/seed-oils-explained.html,404 (file removed),"Outside the focused healthy-fast-food and macro-tools product, duplicative, or insufficiently distinctive.",
/selenium-foods-and-upper-limit.html,404 (file removed),"Outside the focused healthy-fast-food and macro-tools product, duplicative, or insufficiently distinctive.",
/shelf-stable-balanced-pantry.html,404 (file removed),"Outside the focused healthy-fast-food and macro-tools product, duplicative, or insufficiently distinctive.",
/shift-work-meal-timing.html,404 (file removed),"Outside the focused healthy-fast-food and macro-tools product, duplicative, or insufficiently distinctive.",
/simple-vs-complex-carbs.html,404 (file removed),"Outside the focused healthy-fast-food and macro-tools product, duplicative, or insufficiently distinctive.",
/sleep-and-nutrition.html,404 (file removed),"Outside the focused healthy-fast-food and macro-tools product, duplicative, or insufficiently distinctive.",
/sleep-loss-hunger-and-food-choices.html,404 (file removed),"Outside the focused healthy-fast-food and macro-tools product, duplicative, or insufficiently distinctive.",
/smart-snacks-for-kids-and-teens.html,404 (file removed),"Outside the focused healthy-fast-food and macro-tools product, duplicative, or insufficiently distinctive.",
/sodium-food-label-blood-pressure-guide.html,404 (file removed),"Outside the focused healthy-fast-food and macro-tools product, duplicative, or insufficiently distinctive.",
/sodium-how-much-do-you-need.html,404 (file removed),"Outside the focused healthy-fast-food and macro-tools product, duplicative, or insufficiently distinctive.",
/soluble-fiber-foods-ldl-cholesterol.html,404 (file removed),"Outside the focused healthy-fast-food and macro-tools product, duplicative, or insufficiently distinctive.",
/soluble-vs-insoluble-fiber.html,404 (file removed),"Outside the focused healthy-fast-food and macro-tools product, duplicative, or insufficiently distinctive.",
/soy-and-testosterone.html,404 (file removed),"Outside the focused healthy-fast-food and macro-tools product, duplicative, or insufficiently distinctive.",
/sports-drinks-vs-water.html,404 (file removed),"Outside the focused healthy-fast-food and macro-tools product, duplicative, or insufficiently distinctive.",
/sugar-addiction-is-it-real.html,404 (file removed),"Outside the focused healthy-fast-food and macro-tools product, duplicative, or insufficiently distinctive.",
/sugar-vs-starch.html,404 (file removed),"Outside the focused healthy-fast-food and macro-tools product, duplicative, or insufficiently distinctive.",
/supplement-label-terms-explained.html,404 (file removed),"Outside the focused healthy-fast-food and macro-tools product, duplicative, or insufficiently distinctive.",
/takeout-macro-challenge.html,404 (file removed),"Outside the focused healthy-fast-food and macro-tools product, duplicative, or insufficiently distinctive.",
/tdee-vs-bmr.html,404 (file removed),"Outside the focused healthy-fast-food and macro-tools product, duplicative, or insufficiently distinctive.",
/thermic-effect-of-food-explained.html,404 (file removed),"Outside the focused healthy-fast-food and macro-tools product, duplicative, or insufficiently distinctive.",
/thiamin-vitamin-b1-foods-functions.html,404 (file removed),"Outside the focused healthy-fast-food and macro-tools product, duplicative, or insufficiently distinctive.",
/thyroid-medication-routine-question-builder.html,404 (file removed),"Outside the focused healthy-fast-food and macro-tools product, duplicative, or insufficiently distinctive.",
/thyroid-nutrition-guides.html,404 (file removed),"Outside the focused healthy-fast-food and macro-tools product, duplicative, or insufficiently distinctive.",
/thyroid-nutrition-myth-game.html,404 (file removed),"Outside the focused healthy-fast-food and macro-tools product, duplicative, or insufficiently distinctive.",
/thyroid-support-supplements-kelp-glandular-safety.html,404 (file removed),"Outside the focused healthy-fast-food and macro-tools product, duplicative, or insufficiently distinctive.",
/topics.html,404 (file removed),"Outside the focused healthy-fast-food and macro-tools product, duplicative, or insufficiently distinctive.",
/trans-fat-explained.html,404 (file removed),"Outside the focused healthy-fast-food and macro-tools product, duplicative, or insufficiently distinctive.",
/triglycerides-food-alcohol-added-sugar.html,404 (file removed),"Outside the focused healthy-fast-food and macro-tools product, duplicative, or insufficiently distinctive.",
/ultra-processed-foods-explained.html,404 (file removed),"Outside the focused healthy-fast-food and macro-tools product, duplicative, or insufficiently distinctive.",
/understanding-a-lipid-panel.html,404 (file removed),"Outside the focused healthy-fast-food and macro-tools product, duplicative, or insufficiently distinctive.",
/unintentional-weight-loss-older-adults.html,404 (file removed),"Outside the focused healthy-fast-food and macro-tools product, duplicative, or insufficiently distinctive.",
/units-and-conversions-cheat-sheet.html,404 (file removed),"Outside the focused healthy-fast-food and macro-tools product, duplicative, or insufficiently distinctive.",
/urine-color-thirst-hydration.html,404 (file removed),"Outside the focused healthy-fast-food and macro-tools product, duplicative, or insufficiently distinctive.",
/vegan-macros-guide.html,404 (file removed),"Outside the focused healthy-fast-food and macro-tools product, duplicative, or insufficiently distinctive.",
/vitamin-a-foods-and-safety.html,404 (file removed),"Outside the focused healthy-fast-food and macro-tools product, duplicative, or insufficiently distinctive.",
/vitamin-b12-after-age-50.html,404 (file removed),"Outside the focused healthy-fast-food and macro-tools product, duplicative, or insufficiently distinctive.",
/vitamin-b12-and-vegan-diets.html,404 (file removed),"Outside the focused healthy-fast-food and macro-tools product, duplicative, or insufficiently distinctive.",
/vitamin-b6-foods-functions-safety.html,404 (file removed),"Outside the focused healthy-fast-food and macro-tools product, duplicative, or insufficiently distinctive.",
/vitamin-c-and-immunity.html,404 (file removed),"Outside the focused healthy-fast-food and macro-tools product, duplicative, or insufficiently distinctive.",
/vitamin-d-explained.html,404 (file removed),"Outside the focused healthy-fast-food and macro-tools product, duplicative, or insufficiently distinctive.",
/vitamin-e-foods-and-functions.html,404 (file removed),"Outside the focused healthy-fast-food and macro-tools product, duplicative, or insufficiently distinctive.",
/vitamin-k-foods-and-medications.html,404 (file removed),"Outside the focused healthy-fast-food and macro-tools product, duplicative, or insufficiently distinctive.",
/water-weight-vs-fat-loss.html,404 (file removed),"Outside the focused healthy-fast-food and macro-tools product, duplicative, or insufficiently distinctive.",
/weighing-cooking-oils-and-sauces.html,404 (file removed),"Outside the focused healthy-fast-food and macro-tools product, duplicative, or insufficiently distinctive.",
/what-is-glycogen.html,404 (file removed),"Outside the focused healthy-fast-food and macro-tools product, duplicative, or insufficiently distinctive.",
/when-do-you-need-electrolytes.html,404 (file removed),"Outside the focused healthy-fast-food and macro-tools product, duplicative, or insufficiently distinctive.",
/whey-vs-casein-protein.html,404 (file removed),"Outside the focused healthy-fast-food and macro-tools product, duplicative, or insufficiently distinctive.",
/why-nutrition-studies-contradict-each-other.html,404 (file removed),"Outside the focused healthy-fast-food and macro-tools product, duplicative, or insufficiently distinctive.",
/world-cup-2026-team-nutrition.html,404 (file removed),"Outside the focused healthy-fast-food and macro-tools product, duplicative, or insufficiently distinctive.",
/young-athlete-fueling-safety.html,404 (file removed),"Outside the focused healthy-fast-food and macro-tools product, duplicative, or insufficiently distinctive.",
/youth-nutrition-scenario-game.html,404 (file removed),"Outside the focused healthy-fast-food and macro-tools product, duplicative, or insufficiently distinctive.",
/zinc-explained.html,404 (file removed),"Outside the focused healthy-fast-food and macro-tools product, duplicative, or insufficiently distinctive.",
/zone-diet-explained.html,404 (file removed),"Outside the focused healthy-fast-food and macro-tools product, duplicative, or insufficiently distinctive.",
