route,template,visual_status,copy_status,SEO_status,responsive_status,interaction_status,verification_performed,remaining_issues
/,home,Visually inspected: light 390; light 1440; dark 1440; home state light 1440; navigation state light 390,Authored corpus reviewed; useful sourced language retained; see copy-review.md,Metadata/canonical/sitemap/internal-link checks passed; intent mapped; no current ranking data,Passed 320/390/768/1024/1440 in light and dark; see render-checks.json,Shared keyboard/navigation/theme tested; route runtime and labels checked; relevant functional journey exercised,"10 route renders; H1, overflow, header clipping, images, controls, runtime; 3876-link site audit; visual review logged",Production/CDN and real-device assistive-technology checks not performed; no new verification of all nutrition sources
/404.html,error,Visually inspected: dark 1440; light 390,Authored corpus reviewed; useful sourced language retained; see copy-review.md,Metadata/canonical/sitemap/internal-link checks passed; intent mapped; no current ranking data,Passed 320/390/768/1024/1440 in light and dark; see render-checks.json,Shared keyboard/navigation/theme tested; route runtime and labels checked,"10 route renders; H1, overflow, header clipping, images, controls, runtime; 3876-link site audit; visual review logged",Production/CDN and real-device assistive-technology checks not performed; no new verification of all nutrition sources
/about.html,trust,Visually inspected: light 390; dark 1440,Authored corpus reviewed; useful sourced language retained; see copy-review.md,Metadata/canonical/sitemap/internal-link checks passed; intent mapped; no current ranking data,Passed 320/390/768/1024/1440 in light and dark; see render-checks.json,Shared keyboard/navigation/theme tested; route runtime and labels checked,"10 route renders; H1, overflow, header clipping, images, controls, runtime; 3876-link site audit; visual review logged",Production/CDN and real-device assistive-technology checks not performed; no new verification of all nutrition sources
/accessibility.html,legal,Automated render checked; shared family reviewed; this individual page not manually inspected,Authored corpus reviewed; useful sourced language retained; see copy-review.md,Metadata/canonical/sitemap/internal-link checks passed; intent mapped; no current ranking data,Passed 320/390/768/1024/1440 in light and dark; see render-checks.json,Shared keyboard/navigation/theme tested; route runtime and labels checked,"10 route renders; H1, overflow, header clipping, images, controls, runtime; 3876-link site audit; no individual visual-review claim",Production/CDN and real-device assistive-technology checks not performed; no new verification of all nutrition sources
/are-diet-drinks-bad-for-you.html,article,Automated render checked; shared family reviewed; this individual page not manually inspected,Authored corpus reviewed; useful sourced language retained; see copy-review.md,Metadata/canonical/sitemap/internal-link checks passed; intent mapped; no current ranking data,Passed 320/390/768/1024/1440 in light and dark; see render-checks.json,Shared keyboard/navigation/theme tested; route runtime and labels checked,"10 route renders; H1, overflow, header clipping, images, controls, runtime; 3876-link site audit; no individual visual-review claim",Production/CDN and real-device assistive-technology checks not performed; no new verification of all nutrition sources
/articles.html,reference-index,Visually inspected: light 1440; dark 390,Authored corpus reviewed; useful sourced language retained; see copy-review.md,Metadata/canonical/sitemap/internal-link checks passed; intent mapped; no current ranking data,Passed 320/390/768/1024/1440 in light and dark; see render-checks.json,Shared keyboard/navigation/theme tested; route runtime and labels checked,"10 route renders; H1, overflow, header clipping, images, controls, runtime; 3876-link site audit; visual review logged",Production/CDN and real-device assistive-technology checks not performed; no new verification of all nutrition sources
/best-fast-food-restaurants-for-your-goals.html,article,Automated render checked; shared family reviewed; this individual page not manually inspected,Authored corpus reviewed; useful sourced language retained; see copy-review.md,Metadata/canonical/sitemap/internal-link checks passed; intent mapped; no current ranking data,Passed 320/390/768/1024/1440 in light and dark; see render-checks.json,Shared keyboard/navigation/theme tested; route runtime and labels checked,"10 route renders; H1, overflow, header clipping, images, controls, runtime; 3876-link site audit; no individual visual-review claim",Production/CDN and real-device assistive-technology checks not performed; no new verification of all nutrition sources
/blog.html,journal,Visually inspected: light 390; light 1440,Authored corpus reviewed; useful sourced language retained; see copy-review.md,Metadata/canonical/sitemap/internal-link checks passed; intent mapped; no current ranking data,Passed 320/390/768/1024/1440 in light and dark; see render-checks.json,Shared keyboard/navigation/theme tested; route runtime and labels checked,"10 route renders; H1, overflow, header clipping, images, controls, runtime; 3876-link site audit; visual review logged",Production/CDN and real-device assistive-technology checks not performed; no new verification of all nutrition sources
/body-recomposition-explained.html,article,Automated render checked; shared family reviewed; this individual page not manually inspected,Authored corpus reviewed; useful sourced language retained; see copy-review.md,Metadata/canonical/sitemap/internal-link checks passed; intent mapped; no current ranking data,Passed 320/390/768/1024/1440 in light and dark; see render-checks.json,Shared keyboard/navigation/theme tested; route runtime and labels checked,"10 route renders; H1, overflow, header clipping, images, controls, runtime; 3876-link site audit; no individual visual-review claim",Production/CDN and real-device assistive-technology checks not performed; no new verification of all nutrition sources
/budget-meal-builder.html,meal-ideas,Visually inspected: dark 390 after illustration fix; light 1440,Authored corpus reviewed; useful sourced language retained; see copy-review.md,Metadata/canonical/sitemap/internal-link checks passed; intent mapped; no current ranking data,Passed 320/390/768/1024/1440 in light and dark; see render-checks.json,Shared keyboard/navigation/theme tested; route runtime and labels checked; relevant functional journey exercised,"10 route renders; H1, overflow, header clipping, images, controls, runtime; 3876-link site audit; visual review logged",Production/CDN and real-device assistive-technology checks not performed; no new verification of all nutrition sources
/calculators.html,calculator-hub,Visually inspected: light 390; light 1440; calculated results dark 390 after hierarchy fix,Authored corpus reviewed; useful sourced language retained; see copy-review.md,Metadata/canonical/sitemap/internal-link checks passed; intent mapped; no current ranking data,Passed 320/390/768/1024/1440 in light and dark; see render-checks.json,Shared keyboard/navigation/theme tested; route runtime and labels checked; relevant functional journey exercised,"10 route renders; H1, overflow, header clipping, images, controls, runtime; 3876-link site audit; visual review logged",Production/CDN and real-device assistive-technology checks not performed; no new verification of all nutrition sources
/calories-on-rest-days.html,article,Automated render checked; shared family reviewed; this individual page not manually inspected,Authored corpus reviewed; useful sourced language retained; see copy-review.md,Metadata/canonical/sitemap/internal-link checks passed; intent mapped; no current ranking data,Passed 320/390/768/1024/1440 in light and dark; see render-checks.json,Shared keyboard/navigation/theme tested; route runtime and labels checked,"10 route renders; H1, overflow, header clipping, images, controls, runtime; 3876-link site audit; no individual visual-review claim",Production/CDN and real-device assistive-technology checks not performed; no new verification of all nutrition sources
/calories-vs-macros-what-matters-more.html,article,Automated render checked; shared family reviewed; this individual page not manually inspected,Authored corpus reviewed; useful sourced language retained; see copy-review.md,Metadata/canonical/sitemap/internal-link checks passed; intent mapped; no current ranking data,Passed 320/390/768/1024/1440 in light and dark; see render-checks.json,Shared keyboard/navigation/theme tested; route runtime and labels checked,"10 route renders; H1, overflow, header clipping, images, controls, runtime; 3876-link site audit; no individual visual-review claim",Production/CDN and real-device assistive-technology checks not performed; no new verification of all nutrition sources
/can-you-build-muscle-in-a-calorie-deficit.html,article,Automated render checked; shared family reviewed; this individual page not manually inspected,Authored corpus reviewed; useful sourced language retained; see copy-review.md,Metadata/canonical/sitemap/internal-link checks passed; intent mapped; no current ranking data,Passed 320/390/768/1024/1440 in light and dark; see render-checks.json,Shared keyboard/navigation/theme tested; route runtime and labels checked,"10 route renders; H1, overflow, header clipping, images, controls, runtime; 3876-link site audit; no individual visual-review claim",Production/CDN and real-device assistive-technology checks not performed; no new verification of all nutrition sources
/carbohydrate-label-portion-tool.html,calculator,Visually inspected: dark 390,Authored corpus reviewed; useful sourced language retained; see copy-review.md,Metadata/canonical/sitemap/internal-link checks passed; intent mapped; no current ranking data,Passed 320/390/768/1024/1440 in light and dark; see render-checks.json,Shared keyboard/navigation/theme tested; route runtime and labels checked; relevant functional journey exercised,"10 route renders; H1, overflow, header clipping, images, controls, runtime; 3876-link site audit; visual review logged",Production/CDN and real-device assistive-technology checks not performed; no new verification of all nutrition sources
/carbs.html,article,Automated render checked; shared family reviewed; this individual page not manually inspected,Authored corpus reviewed; useful sourced language retained; see copy-review.md,Metadata/canonical/sitemap/internal-link checks passed; intent mapped; no current ranking data,Passed 320/390/768/1024/1440 in light and dark; see render-checks.json,Shared keyboard/navigation/theme tested; route runtime and labels checked,"10 route renders; H1, overflow, header clipping, images, controls, runtime; 3876-link site audit; no individual visual-review claim",Production/CDN and real-device assistive-technology checks not performed; no new verification of all nutrition sources
/cava-healthy-meals-macros.html,restaurant,Automated render checked; shared family reviewed; this individual page not manually inspected,Authored corpus reviewed; useful sourced language retained; see copy-review.md,Metadata/canonical/sitemap/internal-link checks passed; intent mapped; no current ranking data,Passed 320/390/768/1024/1440 in light and dark; see render-checks.json,"Shared keyboard/navigation/theme tested; route runtime and labels checked; shared chain finder exercised on Chipotle, all chain data/source labels validated","10 route renders; H1, overflow, header clipping, images, controls, runtime; 3876-link site audit; no individual visual-review claim",Production/CDN and real-device assistive-technology checks not performed; no new verification of all nutrition sources
/chick-fil-a-healthy-meals-macros.html,restaurant,Automated render checked; shared family reviewed; this individual page not manually inspected,Authored corpus reviewed; useful sourced language retained; see copy-review.md,Metadata/canonical/sitemap/internal-link checks passed; intent mapped; no current ranking data,Passed 320/390/768/1024/1440 in light and dark; see render-checks.json,"Shared keyboard/navigation/theme tested; route runtime and labels checked; shared chain finder exercised on Chipotle, all chain data/source labels validated","10 route renders; H1, overflow, header clipping, images, controls, runtime; 3876-link site audit; no individual visual-review claim",Production/CDN and real-device assistive-technology checks not performed; no new verification of all nutrition sources
/chipotle-healthy-meals-macros.html,restaurant,Visually inspected: dark 1280; dark 1440 after form layout fix,Authored corpus reviewed; useful sourced language retained; see copy-review.md,Metadata/canonical/sitemap/internal-link checks passed; intent mapped; no current ranking data,Passed 320/390/768/1024/1440 in light and dark; see render-checks.json,"Shared keyboard/navigation/theme tested; route runtime and labels checked; shared chain finder exercised on Chipotle, all chain data/source labels validated","10 route renders; H1, overflow, header clipping, images, controls, runtime; 3876-link site audit; visual review logged",Production/CDN and real-device assistive-technology checks not performed; no new verification of all nutrition sources
/contact.html,contact,Visually inspected: light 1440; dark 390,Authored corpus reviewed; useful sourced language retained; see copy-review.md,Metadata/canonical/sitemap/internal-link checks passed; intent mapped; no current ranking data,Passed 320/390/768/1024/1440 in light and dark; see render-checks.json,Shared keyboard/navigation/theme tested; route runtime and labels checked; relevant functional journey exercised,"10 route renders; H1, overflow, header clipping, images, controls, runtime; 3876-link site audit; visual review logged",Production/CDN and real-device assistive-technology checks not performed; no new verification of all nutrition sources
/corrections.html,trust,Automated render checked; shared family reviewed; this individual page not manually inspected,Authored corpus reviewed; useful sourced language retained; see copy-review.md,Metadata/canonical/sitemap/internal-link checks passed; intent mapped; no current ranking data,Passed 320/390/768/1024/1440 in light and dark; see render-checks.json,Shared keyboard/navigation/theme tested; route runtime and labels checked,"10 route renders; H1, overflow, header clipping, images, controls, runtime; 3876-link site audit; no individual visual-review claim",Production/CDN and real-device assistive-technology checks not performed; no new verification of all nutrition sources
/cutting-bulking-maintenance-explained.html,article,Automated render checked; shared family reviewed; this individual page not manually inspected,Authored corpus reviewed; useful sourced language retained; see copy-review.md,Metadata/canonical/sitemap/internal-link checks passed; intent mapped; no current ranking data,Passed 320/390/768/1024/1440 in light and dark; see render-checks.json,Shared keyboard/navigation/theme tested; route runtime and labels checked,"10 route renders; H1, overflow, header clipping, images, controls, runtime; 3876-link site audit; no individual visual-review claim",Production/CDN and real-device assistive-technology checks not performed; no new verification of all nutrition sources
/does-creatine-cause-hair-loss.html,article,Automated render checked; shared family reviewed; this individual page not manually inspected,Authored corpus reviewed; useful sourced language retained; see copy-review.md,Metadata/canonical/sitemap/internal-link checks passed; intent mapped; no current ranking data,Passed 320/390/768/1024/1440 in light and dark; see render-checks.json,Shared keyboard/navigation/theme tested; route runtime and labels checked,"10 route renders; H1, overflow, header clipping, images, controls, runtime; 3876-link site audit; no individual visual-review claim",Production/CDN and real-device assistive-technology checks not performed; no new verification of all nutrition sources
/dunkin-healthy-breakfast-macros.html,restaurant,Automated render checked; shared family reviewed; this individual page not manually inspected,Authored corpus reviewed; useful sourced language retained; see copy-review.md,Metadata/canonical/sitemap/internal-link checks passed; intent mapped; no current ranking data,Passed 320/390/768/1024/1440 in light and dark; see render-checks.json,"Shared keyboard/navigation/theme tested; route runtime and labels checked; shared chain finder exercised on Chipotle, all chain data/source labels validated","10 route renders; H1, overflow, header clipping, images, controls, runtime; 3876-link site audit; no individual visual-review claim",Production/CDN and real-device assistive-technology checks not performed; no new verification of all nutrition sources
/editorial-policy.html,trust,Automated render checked; shared family reviewed; this individual page not manually inspected,Authored corpus reviewed; useful sourced language retained; see copy-review.md,Metadata/canonical/sitemap/internal-link checks passed; intent mapped; no current ranking data,Passed 320/390/768/1024/1440 in light and dark; see render-checks.json,Shared keyboard/navigation/theme tested; route runtime and labels checked,"10 route renders; H1, overflow, header clipping, images, controls, runtime; 3876-link site audit; no individual visual-review claim",Production/CDN and real-device assistive-technology checks not performed; no new verification of all nutrition sources
/fats.html,article,Automated render checked; shared family reviewed; this individual page not manually inspected,Authored corpus reviewed; useful sourced language retained; see copy-review.md,Metadata/canonical/sitemap/internal-link checks passed; intent mapped; no current ranking data,Passed 320/390/768/1024/1440 in light and dark; see render-checks.json,Shared keyboard/navigation/theme tested; route runtime and labels checked,"10 route renders; H1, overflow, header clipping, images, controls, runtime; 3876-link site audit; no individual visual-review claim",Production/CDN and real-device assistive-technology checks not performed; no new verification of all nutrition sources
/healthy-fast-food.html,reference-index,Visually inspected: light 390,Authored corpus reviewed; useful sourced language retained; see copy-review.md,Metadata/canonical/sitemap/internal-link checks passed; intent mapped; no current ranking data,Passed 320/390/768/1024/1440 in light and dark; see render-checks.json,Shared keyboard/navigation/theme tested; route runtime and labels checked,"10 route renders; H1, overflow, header clipping, images, controls, runtime; 3876-link site audit; visual review logged",Production/CDN and real-device assistive-technology checks not performed; no new verification of all nutrition sources
/high-protein-foods-list.html,reference-index,Visually inspected: light 1440,Authored corpus reviewed; useful sourced language retained; see copy-review.md,Metadata/canonical/sitemap/internal-link checks passed; intent mapped; no current ranking data,Passed 320/390/768/1024/1440 in light and dark; see render-checks.json,Shared keyboard/navigation/theme tested; route runtime and labels checked,"10 route renders; H1, overflow, header clipping, images, controls, runtime; 3876-link site audit; visual review logged",Production/CDN and real-device assistive-technology checks not performed; no new verification of all nutrition sources
/how-many-calories-should-i-eat-a-day.html,article,Automated render checked; shared family reviewed; this individual page not manually inspected,Authored corpus reviewed; useful sourced language retained; see copy-review.md,Metadata/canonical/sitemap/internal-link checks passed; intent mapped; no current ranking data,Passed 320/390/768/1024/1440 in light and dark; see render-checks.json,Shared keyboard/navigation/theme tested; route runtime and labels checked,"10 route renders; H1, overflow, header clipping, images, controls, runtime; 3876-link site audit; no individual visual-review claim",Production/CDN and real-device assistive-technology checks not performed; no new verification of all nutrition sources
/how-much-fiber-per-day.html,article,Automated render checked; shared family reviewed; this individual page not manually inspected,Authored corpus reviewed; useful sourced language retained; see copy-review.md,Metadata/canonical/sitemap/internal-link checks passed; intent mapped; no current ranking data,Passed 320/390/768/1024/1440 in light and dark; see render-checks.json,Shared keyboard/navigation/theme tested; route runtime and labels checked,"10 route renders; H1, overflow, header clipping, images, controls, runtime; 3876-link site audit; no individual visual-review claim",Production/CDN and real-device assistive-technology checks not performed; no new verification of all nutrition sources
/how-much-protein-can-your-body-absorb.html,article,Automated render checked; shared family reviewed; this individual page not manually inspected,Authored corpus reviewed; useful sourced language retained; see copy-review.md,Metadata/canonical/sitemap/internal-link checks passed; intent mapped; no current ranking data,Passed 320/390/768/1024/1440 in light and dark; see render-checks.json,Shared keyboard/navigation/theme tested; route runtime and labels checked,"10 route renders; H1, overflow, header clipping, images, controls, runtime; 3876-link site audit; no individual visual-review claim",Production/CDN and real-device assistive-technology checks not performed; no new verification of all nutrition sources
/how-much-protein-per-day.html,article,Automated render checked; shared family reviewed; this individual page not manually inspected,Authored corpus reviewed; useful sourced language retained; see copy-review.md,Metadata/canonical/sitemap/internal-link checks passed; intent mapped; no current ranking data,Passed 320/390/768/1024/1440 in light and dark; see render-checks.json,Shared keyboard/navigation/theme tested; route runtime and labels checked,"10 route renders; H1, overflow, header clipping, images, controls, runtime; 3876-link site audit; no individual visual-review claim",Production/CDN and real-device assistive-technology checks not performed; no new verification of all nutrition sources
/how-much-sodium-per-day.html,article,Automated render checked; shared family reviewed; this individual page not manually inspected,Authored corpus reviewed; useful sourced language retained; see copy-review.md,Metadata/canonical/sitemap/internal-link checks passed; intent mapped; no current ranking data,Passed 320/390/768/1024/1440 in light and dark; see render-checks.json,Shared keyboard/navigation/theme tested; route runtime and labels checked,"10 route renders; H1, overflow, header clipping, images, controls, runtime; 3876-link site audit; no individual visual-review claim",Production/CDN and real-device assistive-technology checks not performed; no new verification of all nutrition sources
/how-to-build-a-balanced-meal-with-macros.html,article,Automated render checked; shared family reviewed; this individual page not manually inspected,Authored corpus reviewed; useful sourced language retained; see copy-review.md,Metadata/canonical/sitemap/internal-link checks passed; intent mapped; no current ranking data,Passed 320/390/768/1024/1440 in light and dark; see render-checks.json,Shared keyboard/navigation/theme tested; route runtime and labels checked,"10 route renders; H1, overflow, header clipping, images, controls, runtime; 3876-link site audit; no individual visual-review claim",Production/CDN and real-device assistive-technology checks not performed; no new verification of all nutrition sources
/how-to-calculate-macros-by-hand.html,article,Automated render checked; shared family reviewed; this individual page not manually inspected,Authored corpus reviewed; useful sourced language retained; see copy-review.md,Metadata/canonical/sitemap/internal-link checks passed; intent mapped; no current ranking data,Passed 320/390/768/1024/1440 in light and dark; see render-checks.json,Shared keyboard/navigation/theme tested; route runtime and labels checked,"10 route renders; H1, overflow, header clipping, images, controls, runtime; 3876-link site audit; no individual visual-review claim",Production/CDN and real-device assistive-technology checks not performed; no new verification of all nutrition sources
/how-to-calculate-maintenance-calories.html,article,Automated render checked; shared family reviewed; this individual page not manually inspected,Authored corpus reviewed; useful sourced language retained; see copy-review.md,Metadata/canonical/sitemap/internal-link checks passed; intent mapped; no current ranking data,Passed 320/390/768/1024/1440 in light and dark; see render-checks.json,Shared keyboard/navigation/theme tested; route runtime and labels checked,"10 route renders; H1, overflow, header clipping, images, controls, runtime; 3876-link site audit; no individual visual-review claim",Production/CDN and real-device assistive-technology checks not performed; no new verification of all nutrition sources
/how-to-calculate-recipe-nutrition.html,article,Automated render checked; shared family reviewed; this individual page not manually inspected,Authored corpus reviewed; useful sourced language retained; see copy-review.md,Metadata/canonical/sitemap/internal-link checks passed; intent mapped; no current ranking data,Passed 320/390/768/1024/1440 in light and dark; see render-checks.json,Shared keyboard/navigation/theme tested; route runtime and labels checked,"10 route renders; H1, overflow, header clipping, images, controls, runtime; 3876-link site audit; no individual visual-review claim",Production/CDN and real-device assistive-technology checks not performed; no new verification of all nutrition sources
/how-to-eat-out-without-wrecking-your-goal.html,article,Automated render checked; shared family reviewed; this individual page not manually inspected,Authored corpus reviewed; useful sourced language retained; see copy-review.md,Metadata/canonical/sitemap/internal-link checks passed; intent mapped; no current ranking data,Passed 320/390/768/1024/1440 in light and dark; see render-checks.json,Shared keyboard/navigation/theme tested; route runtime and labels checked,"10 route renders; H1, overflow, header clipping, images, controls, runtime; 3876-link site audit; no individual visual-review claim",Production/CDN and real-device assistive-technology checks not performed; no new verification of all nutrition sources
/how-to-hit-protein-goal-on-budget.html,article,Automated render checked; shared family reviewed; this individual page not manually inspected,Authored corpus reviewed; useful sourced language retained; see copy-review.md,Metadata/canonical/sitemap/internal-link checks passed; intent mapped; no current ranking data,Passed 320/390/768/1024/1440 in light and dark; see render-checks.json,Shared keyboard/navigation/theme tested; route runtime and labels checked,"10 route renders; H1, overflow, header clipping, images, controls, runtime; 3876-link site audit; no individual visual-review claim",Production/CDN and real-device assistive-technology checks not performed; no new verification of all nutrition sources
/how-to-read-a-nutrition-label.html,article,Visually inspected: light 1280,Authored corpus reviewed; useful sourced language retained; see copy-review.md,Metadata/canonical/sitemap/internal-link checks passed; intent mapped; no current ranking data,Passed 320/390/768/1024/1440 in light and dark; see render-checks.json,Shared keyboard/navigation/theme tested; route runtime and labels checked,"10 route renders; H1, overflow, header clipping, images, controls, runtime; 3876-link site audit; visual review logged",Production/CDN and real-device assistive-technology checks not performed; no new verification of all nutrition sources
/index.html,home,Visually inspected: light 390; light 1440; dark 1440; home state light 1440; navigation state light 390,Authored corpus reviewed; useful sourced language retained; see copy-review.md,Metadata/canonical/sitemap/internal-link checks passed; intent mapped; no current ranking data,Passed 320/390/768/1024/1440 in light and dark; see render-checks.json,Shared keyboard/navigation/theme tested; route runtime and labels checked; relevant functional journey exercised,"10 route renders; H1, overflow, header clipping, images, controls, runtime; 3876-link site audit; visual review logged",Production/CDN and real-device assistive-technology checks not performed; no new verification of all nutrition sources
/jersey-mikes-healthy-subs-macros.html,restaurant,Automated render checked; shared family reviewed; this individual page not manually inspected,Authored corpus reviewed; useful sourced language retained; see copy-review.md,Metadata/canonical/sitemap/internal-link checks passed; intent mapped; no current ranking data,Passed 320/390/768/1024/1440 in light and dark; see render-checks.json,"Shared keyboard/navigation/theme tested; route runtime and labels checked; shared chain finder exercised on Chipotle, all chain data/source labels validated","10 route renders; H1, overflow, header clipping, images, controls, runtime; 3876-link site audit; no individual visual-review claim",Production/CDN and real-device assistive-technology checks not performed; no new verification of all nutrition sources
/kfc-healthy-meals-macros.html,restaurant,Automated render checked; shared family reviewed; this individual page not manually inspected,Authored corpus reviewed; useful sourced language retained; see copy-review.md,Metadata/canonical/sitemap/internal-link checks passed; intent mapped; no current ranking data,Passed 320/390/768/1024/1440 in light and dark; see render-checks.json,"Shared keyboard/navigation/theme tested; route runtime and labels checked; shared chain finder exercised on Chipotle, all chain data/source labels validated","10 route renders; H1, overflow, header clipping, images, controls, runtime; 3876-link site audit; no individual visual-review claim",Production/CDN and real-device assistive-technology checks not performed; no new verification of all nutrition sources
/macros-for-muscle-gain.html,article,Automated render checked; shared family reviewed; this individual page not manually inspected,Authored corpus reviewed; useful sourced language retained; see copy-review.md,Metadata/canonical/sitemap/internal-link checks passed; intent mapped; no current ranking data,Passed 320/390/768/1024/1440 in light and dark; see render-checks.json,Shared keyboard/navigation/theme tested; route runtime and labels checked,"10 route renders; H1, overflow, header clipping, images, controls, runtime; 3876-link site audit; no individual visual-review claim",Production/CDN and real-device assistive-technology checks not performed; no new verification of all nutrition sources
/macros-for-weight-loss.html,article,Automated render checked; shared family reviewed; this individual page not manually inspected,Authored corpus reviewed; useful sourced language retained; see copy-review.md,Metadata/canonical/sitemap/internal-link checks passed; intent mapped; no current ranking data,Passed 320/390/768/1024/1440 in light and dark; see render-checks.json,Shared keyboard/navigation/theme tested; route runtime and labels checked,"10 route renders; H1, overflow, header clipping, images, controls, runtime; 3876-link site audit; no individual visual-review claim",Production/CDN and real-device assistive-technology checks not performed; no new verification of all nutrition sources
/mcdonalds-healthy-meals-macros.html,restaurant,Automated render checked; shared family reviewed; this individual page not manually inspected,Authored corpus reviewed; useful sourced language retained; see copy-review.md,Metadata/canonical/sitemap/internal-link checks passed; intent mapped; no current ranking data,Passed 320/390/768/1024/1440 in light and dark; see render-checks.json,"Shared keyboard/navigation/theme tested; route runtime and labels checked; shared chain finder exercised on Chipotle, all chain data/source labels validated","10 route renders; H1, overflow, header clipping, images, controls, runtime; 3876-link site audit; no individual visual-review claim",Production/CDN and real-device assistive-technology checks not performed; no new verification of all nutrition sources
/nutrition-label-comparison-tool.html,calculator,Visually inspected: light 390 after comparison grid fix,Authored corpus reviewed; useful sourced language retained; see copy-review.md,Metadata/canonical/sitemap/internal-link checks passed; intent mapped; no current ranking data,Passed 320/390/768/1024/1440 in light and dark; see render-checks.json,Shared keyboard/navigation/theme tested; route runtime and labels checked; relevant functional journey exercised,"10 route renders; H1, overflow, header clipping, images, controls, runtime; 3876-link site audit; visual review logged",Production/CDN and real-device assistive-technology checks not performed; no new verification of all nutrition sources
/panda-express-healthy-meals-macros.html,restaurant,Automated render checked; shared family reviewed; this individual page not manually inspected,Authored corpus reviewed; useful sourced language retained; see copy-review.md,Metadata/canonical/sitemap/internal-link checks passed; intent mapped; no current ranking data,Passed 320/390/768/1024/1440 in light and dark; see render-checks.json,"Shared keyboard/navigation/theme tested; route runtime and labels checked; shared chain finder exercised on Chipotle, all chain data/source labels validated","10 route renders; H1, overflow, header clipping, images, controls, runtime; 3876-link site audit; no individual visual-review claim",Production/CDN and real-device assistive-technology checks not performed; no new verification of all nutrition sources
/panera-healthy-meals-macros.html,restaurant,Automated render checked; shared family reviewed; this individual page not manually inspected,Authored corpus reviewed; useful sourced language retained; see copy-review.md,Metadata/canonical/sitemap/internal-link checks passed; intent mapped; no current ranking data,Passed 320/390/768/1024/1440 in light and dark; see render-checks.json,"Shared keyboard/navigation/theme tested; route runtime and labels checked; shared chain finder exercised on Chipotle, all chain data/source labels validated","10 route renders; H1, overflow, header clipping, images, controls, runtime; 3876-link site audit; no individual visual-review claim",Production/CDN and real-device assistive-technology checks not performed; no new verification of all nutrition sources
/popeyes-healthy-meals-macros.html,restaurant,Automated render checked; shared family reviewed; this individual page not manually inspected,Authored corpus reviewed; useful sourced language retained; see copy-review.md,Metadata/canonical/sitemap/internal-link checks passed; intent mapped; no current ranking data,Passed 320/390/768/1024/1440 in light and dark; see render-checks.json,"Shared keyboard/navigation/theme tested; route runtime and labels checked; shared chain finder exercised on Chipotle, all chain data/source labels validated","10 route renders; H1, overflow, header clipping, images, controls, runtime; 3876-link site audit; no individual visual-review claim",Production/CDN and real-device assistive-technology checks not performed; no new verification of all nutrition sources
/privacy.html,legal,Visually inspected: dark 1440; light 390,Authored corpus reviewed; useful sourced language retained; see copy-review.md,Metadata/canonical/sitemap/internal-link checks passed; intent mapped; no current ranking data,Passed 320/390/768/1024/1440 in light and dark; see render-checks.json,Shared keyboard/navigation/theme tested; route runtime and labels checked,"10 route renders; H1, overflow, header clipping, images, controls, runtime; 3876-link site audit; visual review logged",Production/CDN and real-device assistive-technology checks not performed; no new verification of all nutrition sources
/protein-value-calculator.html,calculator,Visually inspected: dark 1440 after numeric layout fix,Authored corpus reviewed; useful sourced language retained; see copy-review.md,Metadata/canonical/sitemap/internal-link checks passed; intent mapped; no current ranking data,Passed 320/390/768/1024/1440 in light and dark; see render-checks.json,Shared keyboard/navigation/theme tested; route runtime and labels checked; relevant functional journey exercised,"10 route renders; H1, overflow, header clipping, images, controls, runtime; 3876-link site audit; visual review logged",Production/CDN and real-device assistive-technology checks not performed; no new verification of all nutrition sources
/protein.html,article,Automated render checked; shared family reviewed; this individual page not manually inspected,Authored corpus reviewed; useful sourced language retained; see copy-review.md,Metadata/canonical/sitemap/internal-link checks passed; intent mapped; no current ranking data,Passed 320/390/768/1024/1440 in light and dark; see render-checks.json,Shared keyboard/navigation/theme tested; route runtime and labels checked,"10 route renders; H1, overflow, header clipping, images, controls, runtime; 3876-link site audit; no individual visual-review claim",Production/CDN and real-device assistive-technology checks not performed; no new verification of all nutrition sources
/recipe-macro-scaler.html,calculator,Visually inspected: light 1440 after numeric layout fix,Authored corpus reviewed; useful sourced language retained; see copy-review.md,Metadata/canonical/sitemap/internal-link checks passed; intent mapped; no current ranking data,Passed 320/390/768/1024/1440 in light and dark; see render-checks.json,Shared keyboard/navigation/theme tested; route runtime and labels checked; relevant functional journey exercised,"10 route renders; H1, overflow, header clipping, images, controls, runtime; 3876-link site audit; visual review logged",Production/CDN and real-device assistive-technology checks not performed; no new verification of all nutrition sources
/restaurant-meal-finder.html,finder,Visually inspected: light 1440 initial quiz; light 390 filtered results; dark 1440 no-match state,Authored corpus reviewed; useful sourced language retained; see copy-review.md,Metadata/canonical/sitemap/internal-link checks passed; intent mapped; no current ranking data,Passed 320/390/768/1024/1440 in light and dark; see render-checks.json,Shared keyboard/navigation/theme tested; route runtime and labels checked; relevant functional journey exercised,"10 route renders; H1, overflow, header clipping, images, controls, runtime; 3876-link site audit; visual review logged",Production/CDN and real-device assistive-technology checks not performed; no new verification of all nutrition sources
/restaurant-meal-guides.html,reference-index,Visually inspected: dark 1440 after name/count layout fix,Authored corpus reviewed; useful sourced language retained; see copy-review.md,Metadata/canonical/sitemap/internal-link checks passed; intent mapped; no current ranking data,Passed 320/390/768/1024/1440 in light and dark; see render-checks.json,Shared keyboard/navigation/theme tested; route runtime and labels checked,"10 route renders; H1, overflow, header clipping, images, controls, runtime; 3876-link site audit; visual review logged",Production/CDN and real-device assistive-technology checks not performed; no new verification of all nutrition sources
/search.html,search,Visually inspected: dark 390; light 1440,Authored corpus reviewed; useful sourced language retained; see copy-review.md,Metadata/canonical/sitemap/internal-link checks passed; intent mapped; no current ranking data,Passed 320/390/768/1024/1440 in light and dark; see render-checks.json,Shared keyboard/navigation/theme tested; route runtime and labels checked; relevant functional journey exercised,"10 route renders; H1, overflow, header clipping, images, controls, runtime; 3876-link site audit; visual review logged",Production/CDN and real-device assistive-technology checks not performed; no new verification of all nutrition sources
/serving-size-vs-portion-size.html,article,Visually inspected: dark 390 after header height fix,Authored corpus reviewed; useful sourced language retained; see copy-review.md,Metadata/canonical/sitemap/internal-link checks passed; intent mapped; no current ranking data,Passed 320/390/768/1024/1440 in light and dark; see render-checks.json,Shared keyboard/navigation/theme tested; route runtime and labels checked,"10 route renders; H1, overflow, header clipping, images, controls, runtime; 3876-link site audit; visual review logged",Production/CDN and real-device assistive-technology checks not performed; no new verification of all nutrition sources
/sodium-label-comparison-tool.html,calculator,Visually inspected: dark 390 calculated output,Authored corpus reviewed; useful sourced language retained; see copy-review.md,Metadata/canonical/sitemap/internal-link checks passed; intent mapped; no current ranking data,Passed 320/390/768/1024/1440 in light and dark; see render-checks.json,Shared keyboard/navigation/theme tested; route runtime and labels checked; relevant functional journey exercised,"10 route renders; H1, overflow, header clipping, images, controls, runtime; 3876-link site audit; visual review logged",Production/CDN and real-device assistive-technology checks not performed; no new verification of all nutrition sources
/sources.html,trust,Visually inspected: dark 390; dark 1440,Authored corpus reviewed; useful sourced language retained; see copy-review.md,Metadata/canonical/sitemap/internal-link checks passed; intent mapped; no current ranking data,Passed 320/390/768/1024/1440 in light and dark; see render-checks.json,Shared keyboard/navigation/theme tested; route runtime and labels checked,"10 route renders; H1, overflow, header clipping, images, controls, runtime; 3876-link site audit; visual review logged",Production/CDN and real-device assistive-technology checks not performed; no new verification of all nutrition sources
/starbucks-healthy-food-meals-macros.html,restaurant,Automated render checked; shared family reviewed; this individual page not manually inspected,Authored corpus reviewed; useful sourced language retained; see copy-review.md,Metadata/canonical/sitemap/internal-link checks passed; intent mapped; no current ranking data,Passed 320/390/768/1024/1440 in light and dark; see render-checks.json,"Shared keyboard/navigation/theme tested; route runtime and labels checked; shared chain finder exercised on Chipotle, all chain data/source labels validated","10 route renders; H1, overflow, header clipping, images, controls, runtime; 3876-link site audit; no individual visual-review claim",Production/CDN and real-device assistive-technology checks not performed; no new verification of all nutrition sources
/subway-healthy-meals-macros.html,restaurant,Automated render checked; shared family reviewed; this individual page not manually inspected,Authored corpus reviewed; useful sourced language retained; see copy-review.md,Metadata/canonical/sitemap/internal-link checks passed; intent mapped; no current ranking data,Passed 320/390/768/1024/1440 in light and dark; see render-checks.json,"Shared keyboard/navigation/theme tested; route runtime and labels checked; shared chain finder exercised on Chipotle, all chain data/source labels validated","10 route renders; H1, overflow, header clipping, images, controls, runtime; 3876-link site audit; no individual visual-review claim",Production/CDN and real-device assistive-technology checks not performed; no new verification of all nutrition sources
/sweat-rate-calculator.html,calculator,Visually inspected: dark 390 calculated output,Authored corpus reviewed; useful sourced language retained; see copy-review.md,Metadata/canonical/sitemap/internal-link checks passed; intent mapped; no current ranking data,Passed 320/390/768/1024/1440 in light and dark; see render-checks.json,Shared keyboard/navigation/theme tested; route runtime and labels checked; relevant functional journey exercised,"10 route renders; H1, overflow, header clipping, images, controls, runtime; 3876-link site audit; visual review logged",Production/CDN and real-device assistive-technology checks not performed; no new verification of all nutrition sources
/sweetgreen-healthy-meals-macros.html,restaurant,Automated render checked; shared family reviewed; this individual page not manually inspected,Authored corpus reviewed; useful sourced language retained; see copy-review.md,Metadata/canonical/sitemap/internal-link checks passed; intent mapped; no current ranking data,Passed 320/390/768/1024/1440 in light and dark; see render-checks.json,"Shared keyboard/navigation/theme tested; route runtime and labels checked; shared chain finder exercised on Chipotle, all chain data/source labels validated","10 route renders; H1, overflow, header clipping, images, controls, runtime; 3876-link site audit; no individual visual-review claim",Production/CDN and real-device assistive-technology checks not performed; no new verification of all nutrition sources
/taco-bell-healthy-meals-macros.html,restaurant,Automated render checked; shared family reviewed; this individual page not manually inspected,Authored corpus reviewed; useful sourced language retained; see copy-review.md,Metadata/canonical/sitemap/internal-link checks passed; intent mapped; no current ranking data,Passed 320/390/768/1024/1440 in light and dark; see render-checks.json,"Shared keyboard/navigation/theme tested; route runtime and labels checked; shared chain finder exercised on Chipotle, all chain data/source labels validated","10 route renders; H1, overflow, header clipping, images, controls, runtime; 3876-link site audit; no individual visual-review claim",Production/CDN and real-device assistive-technology checks not performed; no new verification of all nutrition sources
/terms.html,legal,Automated render checked; shared family reviewed; this individual page not manually inspected,Authored corpus reviewed; useful sourced language retained; see copy-review.md,Metadata/canonical/sitemap/internal-link checks passed; intent mapped; no current ranking data,Passed 320/390/768/1024/1440 in light and dark; see render-checks.json,Shared keyboard/navigation/theme tested; route runtime and labels checked,"10 route renders; H1, overflow, header clipping, images, controls, runtime; 3876-link site audit; no individual visual-review claim",Production/CDN and real-device assistive-technology checks not performed; no new verification of all nutrition sources
/weight-goal-timeline-calculator.html,calculator,Visually inspected: light 1440,Authored corpus reviewed; useful sourced language retained; see copy-review.md,Metadata/canonical/sitemap/internal-link checks passed; intent mapped; no current ranking data,Passed 320/390/768/1024/1440 in light and dark; see render-checks.json,Shared keyboard/navigation/theme tested; route runtime and labels checked; relevant functional journey exercised,"10 route renders; H1, overflow, header clipping, images, controls, runtime; 3876-link site audit; visual review logged",Production/CDN and real-device assistive-technology checks not performed; no new verification of all nutrition sources
/wendys-healthy-meals-macros.html,restaurant,Automated render checked; shared family reviewed; this individual page not manually inspected,Authored corpus reviewed; useful sourced language retained; see copy-review.md,Metadata/canonical/sitemap/internal-link checks passed; intent mapped; no current ranking data,Passed 320/390/768/1024/1440 in light and dark; see render-checks.json,"Shared keyboard/navigation/theme tested; route runtime and labels checked; shared chain finder exercised on Chipotle, all chain data/source labels validated","10 route renders; H1, overflow, header clipping, images, controls, runtime; 3876-link site audit; no individual visual-review claim",Production/CDN and real-device assistive-technology checks not performed; no new verification of all nutrition sources
/what-are-macros.html,article,Automated render checked; shared family reviewed; this individual page not manually inspected,Authored corpus reviewed; useful sourced language retained; see copy-review.md,Metadata/canonical/sitemap/internal-link checks passed; intent mapped; no current ranking data,Passed 320/390/768/1024/1440 in light and dark; see render-checks.json,Shared keyboard/navigation/theme tested; route runtime and labels checked,"10 route renders; H1, overflow, header clipping, images, controls, runtime; 3876-link site audit; no individual visual-review claim",Production/CDN and real-device assistive-technology checks not performed; no new verification of all nutrition sources
/what-is-a-calorie-deficit.html,article,Automated render checked; shared family reviewed; this individual page not manually inspected,Authored corpus reviewed; useful sourced language retained; see copy-review.md,Metadata/canonical/sitemap/internal-link checks passed; intent mapped; no current ranking data,Passed 320/390/768/1024/1440 in light and dark; see render-checks.json,Shared keyboard/navigation/theme tested; route runtime and labels checked,"10 route renders; H1, overflow, header clipping, images, controls, runtime; 3876-link site audit; no individual visual-review claim",Production/CDN and real-device assistive-technology checks not performed; no new verification of all nutrition sources
/what-to-eat-after-a-workout.html,article,Automated render checked; shared family reviewed; this individual page not manually inspected,Authored corpus reviewed; useful sourced language retained; see copy-review.md,Metadata/canonical/sitemap/internal-link checks passed; intent mapped; no current ranking data,Passed 320/390/768/1024/1440 in light and dark; see render-checks.json,Shared keyboard/navigation/theme tested; route runtime and labels checked,"10 route renders; H1, overflow, header clipping, images, controls, runtime; 3876-link site audit; no individual visual-review claim",Production/CDN and real-device assistive-technology checks not performed; no new verification of all nutrition sources
/what-to-eat-before-a-workout.html,article,Automated render checked; shared family reviewed; this individual page not manually inspected,Authored corpus reviewed; useful sourced language retained; see copy-review.md,Metadata/canonical/sitemap/internal-link checks passed; intent mapped; no current ranking data,Passed 320/390/768/1024/1440 in light and dark; see render-checks.json,Shared keyboard/navigation/theme tested; route runtime and labels checked,"10 route renders; H1, overflow, header clipping, images, controls, runtime; 3876-link site audit; no individual visual-review claim",Production/CDN and real-device assistive-technology checks not performed; no new verification of all nutrition sources
/when-to-recalculate-calories-and-macros.html,article,Automated render checked; shared family reviewed; this individual page not manually inspected,Authored corpus reviewed; useful sourced language retained; see copy-review.md,Metadata/canonical/sitemap/internal-link checks passed; intent mapped; no current ranking data,Passed 320/390/768/1024/1440 in light and dark; see render-checks.json,Shared keyboard/navigation/theme tested; route runtime and labels checked,"10 route renders; H1, overflow, header clipping, images, controls, runtime; 3876-link site audit; no individual visual-review claim",Production/CDN and real-device assistive-technology checks not performed; no new verification of all nutrition sources
/why-did-i-gain-weight-overnight.html,article,Automated render checked; shared family reviewed; this individual page not manually inspected,Authored corpus reviewed; useful sourced language retained; see copy-review.md,Metadata/canonical/sitemap/internal-link checks passed; intent mapped; no current ranking data,Passed 320/390/768/1024/1440 in light and dark; see render-checks.json,Shared keyboard/navigation/theme tested; route runtime and labels checked,"10 route renders; H1, overflow, header clipping, images, controls, runtime; 3876-link site audit; no individual visual-review claim",Production/CDN and real-device assistive-technology checks not performed; no new verification of all nutrition sources
/design/Main.dc.html,development artifact,Excluded development preview; not migrated,Not public editorial content,Excluded by _config.yml,Not a public route,Not a public route,Tracked source found; no active public links; publication exclusion added,Production exclusion must be checked after an authorized deployment
/design/Contrast.dc.html,development artifact,Excluded development preview; not migrated,Not public editorial content,Excluded by _config.yml,Not a public route,Not a public route,Tracked source found; no active public links; publication exclusion added,Production exclusion must be checked after an authorized deployment
/design/Soft.dc.html,development artifact,Excluded development preview; not migrated,Not public editorial content,Excluded by _config.yml,Not a public route,Not a public route,Tracked source found; no active public links; publication exclusion added,Production exclusion must be checked after an authorized deployment
