route,primary_user_intent,unique_value,next_action,research_basis
/404.html,This page isn’t here.,"The page you're looking for doesn't exist. Find protein, fat, and carbohydrate guides, calculators, quizzes, and the full glossary on GetMacros.net.","Use contextual tools, sources and related reading",Repository review; broad search intent research applies where relevant; no page-specific keyword metrics claimed
/about.html,About GetMacros,"Learn how GetMacros builds its macro calculators, restaurant nutrition guides and articles, including the data sources and editorial standards.","Use contextual tools, sources and related reading",Repository review; broad search intent research applies where relevant; no page-specific keyword metrics claimed
/accessibility.html,Accessibility at GetMacros,"We want the site to be comfortable to read and use on phones, larger screens and with a keyboard. Tell us when something gets in the way.","Use contextual tools, sources and related reading",Repository review; broad search intent research applies where relevant; no page-specific keyword metrics claimed
/added-sugar-percentage-from-grams.html,Reconcile added-sugar grams and the label reference percentage.,Worked examples for single and multiple portions with total-sugar boundary.,Compare food labels; Explore the reading table,"Inspected primary sources; article-specific qualitative intent, not measured keyword demand"
/arbys-breakfast-bread-format.html,Compare four bacon breakfast formats with printed mass and sodium.,"Original source-defined comparison, fully labeled table and decision limits.",Compare the tracked U.S. meals; Explore the reading table,"Inspected primary sources; article-specific qualitative intent, not measured keyword demand"
/arbys-nutrition-guide.html,Arby’s nutrition,"Compare 53 recorded U.S. Arby’s orders by calories, protein, carbs, fat, fiber and sodium. Check the exact portion and official source.","Use contextual tools, sources and related reading",Repository review; broad search intent research applies where relevant; no page-specific keyword metrics claimed
/arbys-roast-beef-cheddar-french-dip.html,Choose among three roast-beef sandwich builds without treating au jus as an extra unknown.,"Original source-defined comparison, fully labeled table and decision limits.",Compare the tracked U.S. meals; Explore the reading table,"Inspected primary sources; article-specific qualitative intent, not measured keyword demand"
/arbys-sliders-count-whole-tray.html,Compare three recorded slider builds and demonstrate a three-slider order with no invented combo.,"Original source-defined comparison, fully labeled table and decision limits.",Compare the tracked U.S. meals; Explore the reading table,"Inspected primary sources; article-specific qualitative intent, not measured keyword demand"
/are-diet-drinks-bad-for-you.html,Are diet drinks bad for you?,"Are diet drinks bad for you? Separate sweetener safety, weight-control evidence and practical drink choices without treating every can as good or bad.","Use contextual tools, sources and related reading",Repository review; broad search intent research applies where relevant; no page-specific keyword metrics claimed
/articles.html,A little food for thought.,"Find clear answers about calories, protein, carbs, fat and eating out. Browse practical nutrition guides with examples and sources.","Use contextual tools, sources and related reading",Repository review; broad search intent research applies where relevant; no page-specific keyword metrics claimed
/as-packaged-vs-prepared-nutrition.html,Use the column that matches your preparation,Avoid counting milk or oil twice. Check what an as-prepared column includes and adjust a worked example when your preparation differs.,"Use contextual tools, sources and related reading",Repository review; broad search intent research applies where relevant; no page-specific keyword metrics claimed
/best-fast-food-restaurants-for-your-goals.html,Healthy fast food: which restaurant fits your goal?,"Compare real orders for protein, calories, fiber and portion size. The best choice depends on what you want from your next meal.","Use contextual tools, sources and related reading",Repository review; broad search intent research applies where relevant; no page-specific keyword metrics claimed
/blog.html,The lunch table.,"Clear, source-linked answers about restaurant meals, protein, calories and everyday nutrition. Read the GetMacros Journal.","Use contextual tools, sources and related reading",Repository review; broad search intent research applies where relevant; no page-specific keyword metrics claimed
/body-recomposition-explained.html,Body recomposition: how to track progress,"Track body recomposition with consistent measurements, training notes and realistic expectations. Learn what changes in weight, waist and strength can tell you.","Use contextual tools, sources and related reading",Repository review; broad search intent research applies where relevant; no page-specific keyword metrics claimed
/breakfast-bacon-format-sodium-cross-chain.html,Choose bacon morning formats across chains without treating meat type as the decisive nutrient variable.,"Original source-defined comparison, fully labeled table and decision limits.",Compare the tracked U.S. meals; Explore the reading table,"Inspected primary sources; article-specific qualitative intent, not measured keyword demand"
/breakfast-dataset-not-opening-hours.html,Use actual breakfast coverage without treating dataset classification as live availability.,"Original calculation over the 380-record expansion with denominator, source scope and reproducible selection.",See source and dataset methods; Explore the reading table,"Inspected primary sources; article-specific qualitative intent, not measured keyword demand"
/breakfast-drinks-and-add-ons.html,Compare the breakfast you will actually order,Build a complete breakfast comparison instead of judging a sandwich alone. A worked order example includes a drink and side with clear source checks.,"Use contextual tools, sources and related reading",Repository review; broad search intent research applies where relevant; no page-specific keyword metrics claimed
/breakfast-food-vs-combo-menu.html,Avoid comparing a breakfast combo with a standalone entrée.,Complete-vs-food-only example with explicit comparative arithmetic.,Browse breakfast with portions visible; Explore the reading table,"Inspected primary sources; article-specific qualitative intent, not measured keyword demand"
/breakfast-sandwich-half-not-half-protein.html,Explain when fractional mixed-food nutrition is an estimate.,Original unequal-filling example and a clear documentation workflow.,Understand serving and portion definitions; Explore the reading table,"Inspected primary sources; article-specific qualitative intent, not measured keyword demand"
/breakfast-two-items-not-one-entry.html,Document a breakfast assembled from separate source servings.,Original breakfast ledger with exclusions and total correction.,Compare recorded breakfast orders; Explore the reading table,"Inspected primary sources; article-specific qualitative intent, not measured keyword demand"
/breakfast-yogurt-topping-layer.html,Estimate breakfast assembled from separately packaged yogurt and topping.,Original two-label calculation with partial-topping example.,Scale the topping portion; Explore the reading table,"Inspected primary sources; article-specific qualitative intent, not measured keyword demand"
/budget-meal-builder.html,Simple meal ideas,"Six simple meal ideas with ingredients, quick preparation steps and easy swaps. Find breakfast, lunch, dinner and vegetarian options.","Use contextual tools, sources and related reading",Repository review; broad search intent research applies where relevant; no page-specific keyword metrics claimed
/burger-variants-not-nine-base-burgers.html,Explain how documented variants expand record counts without inflating distinct base menu products.,"Original calculation over the 380-record expansion with denominator, source scope and reproducible selection.",See source and dataset methods; Explore the reading table,"Inspected primary sources; article-specific qualitative intent, not measured keyword demand"
/burrito-wrap-cross-chain-no-size-standard.html,Compare named wrap sizes across chains to challenge a shape-based serving assumption.,"Original source-defined comparison, fully labeled table and decision limits.",Compare the tracked U.S. meals; Explore the reading table,"Inspected primary sources; article-specific qualitative intent, not measured keyword demand"
/calculate-macros-mixed-bowl.html,Build the meal total one ingredient at a time,"Scale each ingredient to the amount in your bowl, then add calories and protein. A four-part example includes a sauce and prevents mixed-unit errors.","Use contextual tools, sources and related reading",Repository review; broad search intent research applies where relevant; no page-specific keyword metrics claimed
/calculator-activity-choice-sensitivity.html,Interpret sensitivity to activity-factor inputs without prescribing intake.,Abstract factor comparison separates input assumptions from apparent precision.,Read the macro calculator’s inputs; Explore the reading table,"Inspected primary sources; article-specific qualitative intent, not measured keyword demand"
/calculator-height-feet-inches-not-decimal.html,Prevent decimal-foot interpretation of a feet-and-inches height in calorie calculator inputs.,"Original compound-unit conversion, round-trip and input-mode verification.",Check the height unit before calculating; Explore the reading table,"Inspected primary sources; article-specific qualitative intent, not measured keyword demand"
/calculator-input-basis-checklist.html,"Audit label basis, material state, unit, included amount and status before calculation.",A five-part troubleshooting sequence applied to one concrete input scenario.,Compare food labels; Explore the reading table,"Inspected primary sources; article-specific qualitative intent, not measured keyword demand"
/calculator-positive-inputs-zero-nutrition.html,Distinguish zero nutrient inputs from invalid denominator inputs.,"Boundary-case examples using sodium, label scaling and protein-value division.",Try a supported label comparison; Explore the reading table,"Inspected primary sources; article-specific qualitative intent, not measured keyword demand"
/calculator-pound-kilogram-entry.html,Check body-mass unit consistency before a nutrition estimate.,Unit-conversion audit with no personal calorie prescription.,Check the calculator’s unit selector; Explore the reading table,"Inspected primary sources; article-specific qualitative intent, not measured keyword demand"
/calculator-round-at-end.html,Avoid compounded rounding error during portion calculations.,Original repeating-decimal example with exact total reconciliation.,Calculate a batch serving; Explore the reading table,"Inspected primary sources; article-specific qualitative intent, not measured keyword demand"
/calculators.html,What would you like to work out?,"Calculate daily calories, protein, carbs and fat for weight loss, maintenance or muscle gain. Enter your age, weight, height and activity level.","Use contextual tools, sources and related reading",Repository review; broad search intent research applies where relevant; no page-specific keyword metrics claimed
/calorie-range-menu-reading.html,Interpret menu calorie ranges for variable menu combinations.,A decision checklist and invented combo arithmetic distinguish endpoints from an exact order.,Browse defined restaurant orders; Explore the reading table,"Inspected primary sources; article-specific qualitative intent, not measured keyword demand"
/calorie-tool-output-reverse-check.html,Verify a scaled nutrition result using the original input basis.,Original forward/inverse arithmetic and error diagnosis.,Compare food labels; Explore the reading table,"Inspected primary sources; article-specific qualitative intent, not measured keyword demand"
/calorie-units-kcal-kilojoules.html,Convert displayed energy units without confusing kilojoules with food grams.,Invented energy conversion and inverse check with explicit thermochemical factor.,Compare food labels; Explore the reading table,"Inspected primary sources; article-specific qualitative intent, not measured keyword demand"
/calories-in-multi-serving-packages.html,Count the package you actually eat,"Read per-serving and per-package columns correctly, account for inner packets, and calculate a partial package with clear examples.","Use contextual tools, sources and related reading",Repository review; broad search intent research applies where relevant; no page-specific keyword metrics claimed
/calories-on-rest-days.html,Should you eat the same calories on rest days?,You can keep calories the same on rest days or cycle them around training. Compare both approaches while keeping recovery and your weekly goal in view.,"Use contextual tools, sources and related reading",Repository review; broad search intent research applies where relevant; no page-specific keyword metrics claimed
/calories-vs-macros-what-matters-more.html,Calories vs. macros: what matters more?,"Calories vs. macros: learn which matters for weight change, muscle, fullness and performance—and how to set priorities without tracking everything.","Use contextual tools, sources and related reading",Repository review; broad search intent research applies where relevant; no page-specific keyword metrics claimed
/can-you-build-muscle-in-a-calorie-deficit.html,Can you build muscle in a calorie deficit?,"Muscle gain in a calorie deficit is possible for some people, but energy deficiency makes it harder. See who is most likely to progress and what matters.","Use contextual tools, sources and related reading",Repository review; broad search intent research applies where relevant; no page-specific keyword metrics claimed
/carbohydrate-label-portion-tool.html,Carb calculator,"Enter the carbs on the label and how many servings you eat. For half a serving, enter 0.5.","Use contextual tools, sources and related reading",Repository review; broad search intent research applies where relevant; no page-specific keyword metrics claimed
/carbs.html,What do carbs do in your body?,"Carbohydrates provide energy. Foods such as oats, rice, potatoes, fruit and beans can also bring fiber, vitamins and minerals to your meals.","Use contextual tools, sources and related reading",Repository review; broad search intent research applies where relevant; no page-specific keyword metrics claimed
/cava-healthy-meals-macros.html,CAVA nutrition,"Compare all 4 tracked CAVA items by calories, protein, fiber and sodium. Harissa Avocado bowl leads on protein at 42 g.","Use contextual tools, sources and related reading",Repository review; broad search intent research applies where relevant; no page-specific keyword metrics claimed
/chick-fil-a-healthy-meals-macros.html,Chick-fil-A nutrition,"Compare Chick-fil-A grilled nuggets, sandwiches, salads and breakfast. See calories and protein for each U.S. order, plus what sauces and sides change.","Use contextual tools, sources and related reading",Repository review; broad search intent research applies where relevant; no page-specific keyword metrics claimed
/chick-fil-a-vs-popeyes-chicken.html,Grilled nuggets or blackened tenders?,"Compare three exact chicken portions by protein, calories, fat and sodium, then see a defined side-added calculation without invented swaps.","Use contextual tools, sources and related reading",Repository review; broad search intent research applies where relevant; no page-specific keyword metrics claimed
/chipotle-healthy-meals-macros.html,Chipotle nutrition,"Compare six Chipotle bowls and salads by calories and protein. See exact ingredients, vegetarian options and high-protein orders on the U.S. menu.","Use contextual tools, sources and related reading",Repository review; broad search intent research applies where relevant; no page-specific keyword metrics claimed
/chipotle-rice-beans-nutrition.html,Compare Chipotle rice and bean portions,"Compare Chipotle’s published 4 oz rice and bean portions, including fiber, protein and sodium. See two explicit rice-and-bean sums.","Use contextual tools, sources and related reading",Repository review; broad search intent research applies where relevant; no page-specific keyword metrics claimed
/chipotle-toppings-nutrition.html,What do Chipotle toppings add to the order?,"Compare cheese, sour cream, guacamole, salsas, vinaigrette and vegetables using their own published serving sizes, with worked addition totals.","Use contextual tools, sources and related reading",Repository review; broad search intent research applies where relevant; no page-specific keyword metrics claimed
/chipotle-vs-cava-chicken-bowls.html,Compare a Chipotle chicken bowl with CAVA’s named bowls,"A defined Chipotle chicken bowl and two published CAVA bowls compared by calories, protein, carbs, fiber and sodium.","Use contextual tools, sources and related reading",Repository review; broad search intent research applies where relevant; no page-specific keyword metrics claimed
/choose-fooddata-central-entry.html,Select a USDA data type and food description for a real measurement.,Entry-selection decision matrix with a practical identification checklist.,Scale a documented recipe; Explore the reading table,"Inspected primary sources; article-specific qualitative intent, not measured keyword demand"
/compare-complete-restaurant-orders.html,Make sure the two numbers describe comparable orders,An order checklist and worked comparison show why an entrée-only figure and a meal with sides can give a misleading ranking.,"Use contextual tools, sources and related reading",Repository review; broad search intent research applies where relevant; no page-specific keyword metrics claimed
/contact.html,Contact GetMacros,"Have a question, suggestion or correction? Email GetMacros. I read and reply to every email.","Use contextual tools, sources and related reading",Repository review; broad search intent research applies where relevant; no page-specific keyword metrics claimed
/corrections.html,Corrections and updates,"Found a wrong number, unclear explanation or broken tool? Send the page link and what needs checking.","Use contextual tools, sources and related reading",Repository review; broad search intent research applies where relevant; no page-specific keyword metrics claimed
/cross-chain-bean-burritos-serving-proof.html,Compare bean-based burrito builds by exact serving while avoiding dietary certification.,"Original source-defined comparison, fully labeled table and decision limits.",Compare the tracked U.S. meals; Explore the reading table,"Inspected primary sources; article-specific qualitative intent, not measured keyword demand"
/cross-chain-breakfast-ham-formats.html,Compare named ham breakfast formats across two chains with availability limits.,"Original source-defined comparison, fully labeled table and decision limits.",Compare the tracked U.S. meals; Explore the reading table,"Inspected primary sources; article-specific qualitative intent, not measured keyword demand"
/cross-chain-chicken-soup-no-sodium-assumption.html,Compare two exact soup servings without pretending bowls and ounce weights match.,"Original source-defined comparison, fully labeled table and decision limits.",Compare the tracked U.S. meals; Explore the reading table,"Inspected primary sources; article-specific qualitative intent, not measured keyword demand"
/cross-chain-melt-sandwich-orders.html,Compare melt sandwich constructions across chains with source age kept visible.,"Original source-defined comparison, fully labeled table and decision limits.",Compare the tracked U.S. meals; Explore the reading table,"Inspected primary sources; article-specific qualitative intent, not measured keyword demand"
/culvers-chicken-grilled-crispy-spicy.html,Compare chicken sandwich preparations using the older officially linked source without claiming a fresh menu update.,"Original source-defined comparison, fully labeled table and decision limits.",Compare the tracked U.S. meals; Explore the reading table,"Inspected primary sources; article-specific qualitative intent, not measured keyword demand"
/culvers-dinner-name-side-footnote.html,"Explain the official dinner footnote through shrimp, cod and roast portions.","Original source-defined comparison, fully labeled table and decision limits.",Compare the tracked U.S. meals; Explore the reading table,"Inspected primary sources; article-specific qualitative intent, not measured keyword demand"
/culvers-nutrition-guide.html,Culver’s nutrition,"Compare 23 recorded U.S. Culver’s orders by calories, protein, carbs, fat, fiber and sodium. Check the exact portion and official source.","Use contextual tools, sources and related reading",Repository review; broad search intent research applies where relevant; no page-specific keyword metrics claimed
/cutting-bulking-maintenance-explained.html,"Cutting, bulking or maintenance: what do they mean?",Cutting means eating for weight loss. Bulking means eating to support weight gain and muscle building. Maintenance means keeping weight broadly steady.,"Use contextual tools, sources and related reading",Repository review; broad search intent research applies where relevant; no page-specific keyword metrics claimed
/del-taco-bean-burrito-vs-veggie-burrito.html,Compare named bean and veggie burritos rather than inferring fiber from branding.,"Original source-defined comparison, fully labeled table and decision limits.",Compare the tracked U.S. meals; Explore the reading table,"Inspected primary sources; article-specific qualitative intent, not measured keyword demand"
/del-taco-nutrition-guide.html,Del Taco nutrition,"Compare 60 recorded U.S. Del Taco orders by calories, protein, carbs, fat, fiber and sodium. Check the exact portion and official source.","Use contextual tools, sources and related reading",Repository review; broad search intent research applies where relevant; no page-specific keyword metrics claimed
/del-taco-two-street-tacos-vs-burrito.html,Compare a clearly calculated two-taco order with a standard single burrito.,"Original source-defined comparison, fully labeled table and decision limits.",Compare the tracked U.S. meals; Explore the reading table,"Inspected primary sources; article-specific qualitative intent, not measured keyword demand"
/does-creatine-cause-hair-loss.html,Does creatine cause hair loss?,"Does creatine cause hair loss? See what the 2009 DHT study found, what the 2025 hair-follicle trial added and what remains uncertain.","Use contextual tools, sources and related reading",Repository review; broad search intent research applies where relevant; no page-specific keyword metrics claimed
/drained-weight-nutrition-label.html,Check the label before using drained weight,Check whether a canned food label describes drained solids or the contents with liquid. A worked example shows the difference without inventing a conversion.,"Use contextual tools, sources and related reading",Repository review; broad search intent research applies where relevant; no page-specific keyword metrics claimed
/dunkin-healthy-breakfast-macros.html,Dunkin’ nutrition,"Compare all 4 tracked Dunkin’ items by calories, protein, fiber and sodium. Sourdough Breakfast Sandwich leads on protein at 30 g.","Use contextual tools, sources and related reading",Repository review; broad search intent research applies where relevant; no page-specific keyword metrics claimed
/edible-portion-vs-purchased-weight.html,The weight you buy may not be the weight you eat,Separate the amount bought from the food you eat. A simple yield example shows how edible weight changes food quantity and cost comparisons.,"Use contextual tools, sources and related reading",Repository review; broad search intent research applies where relevant; no page-specific keyword metrics claimed
/editorial-policy.html,Editorial policy,"Here’s how I choose sources, explain nutrition and fix mistakes on GetMacros.","Use contextual tools, sources and related reading",Repository review; broad search intent research applies where relevant; no page-specific keyword metrics claimed
/el-pollo-loco-bowls-protein-bigger-build.html,Compare three bowl tiers while refusing to infer doubling chicken from complete recipe differences.,"Original source-defined comparison, fully labeled table and decision limits.",Compare the tracked U.S. meals; Explore the reading table,"Inspected primary sources; article-specific qualitative intent, not measured keyword demand"
/el-pollo-loco-nutrition-guide.html,El Pollo Loco nutrition,"Compare 27 recorded U.S. El Pollo Loco orders by calories, protein, carbs, fat, fiber and sodium. Check the exact portion and official source.","Use contextual tools, sources and related reading",Repository review; broad search intent research applies where relevant; no page-specific keyword metrics claimed
/el-pollo-loco-salad-dressing-boundary.html,Make the dressing-excluded footnote operational for salad ordering and comparison.,"Original source-defined comparison, fully labeled table and decision limits.",Compare the tracked U.S. meals; Explore the reading table,"Inspected primary sources; article-specific qualitative intent, not measured keyword demand"
/el-pollo-loco-tortilla-complete-chicken-meal.html,Compare officially named complete chicken-meal variants with sides fixed in the source.,"Original source-defined comparison, fully labeled table and decision limits.",Compare the tracked U.S. meals; Explore the reading table,"Inspected primary sources; article-specific qualitative intent, not measured keyword demand"
/equal-calories-different-macros-menu.html,Demonstrate exact energy ties across food families without using a macro-calorie recalculation.,"Original source-defined comparison, fully labeled table and decision limits.",Compare the tracked U.S. meals; Explore the reading table,"Inspected primary sources; article-specific qualitative intent, not measured keyword demand"
/equal-tax-protein-value-ranking.html,Prove a shared proportional price multiplier preserves ranking using exact source protein and invented costs.,"Original source-defined comparison, fully labeled table and decision limits.",Compare the tracked U.S. meals; Explore the reading table,"Inspected primary sources; article-specific qualitative intent, not measured keyword demand"
/exact-fiber-coverage-denominator.html,Calculate fiber completeness over real expansion rows and explain why bounds change the denominator.,"Original calculation over the 380-record expansion with denominator, source scope and reproducible selection.",See source and dataset methods; Explore the reading table,"Inspected primary sources; article-specific qualitative intent, not measured keyword demand"
/fast-food-breakfast-protein-comparison.html,Compare protein in four tracked fast-food breakfasts,"Compare Chick-fil-A and Starbucks breakfast food by protein, calories, carbohydrate and sodium. Drinks and breakfast extras are excluded.","Use contextual tools, sources and related reading",Repository review; broad search intent research applies where relevant; no page-specific keyword metrics claimed
/fast-food-fiber-and-protein.html,Fast-food orders that combine fiber and protein,"Selected fast-food orders with at least 20 g protein and 7 g fiber. Compare calories, sodium and the exact included portions.","Use contextual tools, sources and related reading",Repository review; broad search intent research applies where relevant; no page-specific keyword metrics claimed
/fast-food-meals-500-to-700-calories.html,Compare fast-food orders in the 500–700-calorie range,"Compare tracked bowls, salads, a wrap and a sandwich within a 500–700-calorie range, with protein, fiber and serving details.","Use contextual tools, sources and related reading",Repository review; broad search intent research applies where relevant; no page-specific keyword metrics claimed
/fast-food-nutrition-data-report.html,The GetMacros restaurant-data snapshot,"An original, reproducible snapshot of GetMacros’ tracked U.S. order dataset, source-inspection coverage, nutrient provenance and exact scope.","Use contextual tools, sources and related reading",Repository review; broad search intent research applies where relevant; no page-specific keyword metrics claimed
/fast-food-protein-and-sodium.html,More protein does not always mean less sodium,"A source-audited comparison of fast-food orders with at least 25 g protein, sorted by sodium and retaining exact servings.","Use contextual tools, sources and related reading",Repository review; broad search intent research applies where relevant; no page-specific keyword metrics claimed
/fast-food-under-1000mg-sodium.html,"Tracked fast-food portions below 1,000 mg sodium","Selected U.S. portions below 1,000 mg sodium, including sides and main items. Exact servings and excluded extras remain visible.","Use contextual tools, sources and related reading",Repository review; broad search intent research applies where relevant; no page-specific keyword metrics claimed
/fat-and-carb-two-energy-profiles.html,Compare higher-carbohydrate noodles with a higher-fat potato bowl at similar energy.,"Original source-defined comparison, fully labeled table and decision limits.",Compare the tracked U.S. meals; Explore the reading table,"Inspected primary sources; article-specific qualitative intent, not measured keyword demand"
/fats.html,What does fat do in your body?,"Fat provides energy, essential fatty acids and help absorbing vitamins A, D, E and K. Both the type and amount matter.","Use contextual tools, sources and related reading",Repository review; broad search intent research applies where relevant; no page-specific keyword metrics claimed
/fiber-count-menu-not-plant-score.html,Use disparate published examples to explain why a vegetable-name shortcut cannot classify fiber.,"Original source-defined comparison, fully labeled table and decision limits.",Compare the tracked U.S. meals; Explore the reading table,"Inspected primary sources; article-specific qualitative intent, not measured keyword demand"
/fiber-daily-value-portion-example.html,Interpret a fiber quantity against the current FDA Daily Value basis.,Original fraction-of-reference example with two portion sizes.,Read about fiber reference amounts; Explore the reading table,"Inspected primary sources; article-specific qualitative intent, not measured keyword demand"
/fiber-per-portion-vs-density.html,Distinguish fiber density from fiber delivered by a chosen portion.,A reversible ranking example using two different real-life measurement questions.,Explore recorded fiber amounts; Explore the reading table,"Inspected primary sources; article-specific qualitative intent, not measured keyword demand"
/food-shelf.html,Your food shelf.,"Keep your favorite meals, practical guides and games on a local food shelf. No account needed.","Use contextual tools, sources and related reading",Repository review; broad search intent research applies where relevant; no page-specific keyword metrics claimed
/grams-per-serving-vs-protein-percentage.html,Interpret protein gram content as mass share rather than calorie share or Daily Value.,One invented food described on three denominator bases.,Compare protein amounts and cost; Explore the reading table,"Inspected primary sources; article-specific qualitative intent, not measured keyword demand"
/grams-vs-milliliters-nutrition-labels.html,Grams and milliliters are different measurements,A practical way to compare labels in grams and milliliters without assuming every liquid weighs the same. Includes a worked dressing example.,"Use contextual tools, sources and related reading",Repository review; broad search intent research applies where relevant; no page-specific keyword metrics claimed
/grilled-and-blackened-chicken-comparison.html,Compare grilled and blackened chicken portions,"Compare exact nugget, tender and teriyaki-chicken portions by protein, calories, fat and sodium without treating them as complete lunches.","Use contextual tools, sources and related reading",Repository review; broad search intent research applies where relevant; no page-specific keyword metrics claimed
/half-serving-percent-daily-value.html,Use percentage reference amounts when eating a fractional serving.,A sodium percentage calculation distinguishes exact arithmetic from rounded panel display.,Scale a sodium portion; Explore the reading table,"Inspected primary sources; article-specific qualitative intent, not measured keyword demand"
/healthy-fast-food.html,Healthy fast food,"Compare 83 U.S. fast-food options across 15 restaurants. Find high-protein orders, meals under 500 calories and vegetarian choices with nutrition details.","Use contextual tools, sources and related reading",Repository review; broad search intent research applies where relevant; no page-specific keyword metrics claimed
/high-protein-fast-food-under-500-calories.html,Fast-food orders under 500 calories with at least 25 g protein,"Selected orders with at least 25 g protein and fewer than 500 calories, with servings, sodium, fiber and excluded extras kept visible.","Use contextual tools, sources and related reading",Repository review; broad search intent research applies where relevant; no page-specific keyword metrics claimed
/high-protein-foods-list.html,Find high-protein foods,"Compare 25 high-protein foods by protein per serving and per 100 calories, including meat, fish, dairy and plant-based choices.","Use contextual tools, sources and related reading",Repository review; broad search intent research applies where relevant; no page-specific keyword metrics claimed
/how-many-calories-should-i-eat-a-day.html,How many calories should I eat a day?,"There is no single calorie target for everyone. Your body size, age, activity and goal help estimate a starting point.","Use contextual tools, sources and related reading",Repository review; broad search intent research applies where relevant; no page-specific keyword metrics claimed
/how-much-fiber-per-day.html,How much fiber do you need per day?,"Fiber helps with digestion and can support heart health. Beans, whole grains, fruit, vegetables, nuts and seeds are practical ways to get more.","Use contextual tools, sources and related reading",Repository review; broad search intent research applies where relevant; no page-specific keyword metrics claimed
/how-much-protein-can-your-body-absorb.html,How much protein can your body absorb at once?,"Your body does not waste protein after 30 grams. Learn the difference between protein absorption, muscle protein synthesis and practical meal distribution.","Use contextual tools, sources and related reading",Repository review; broad search intent research applies where relevant; no page-specific keyword metrics claimed
/how-much-protein-per-day.html,How much protein do you need per day?,"Your protein needs depend on your body size, training and health. Use these ranges as a starting point, then choose foods that make the target practical.","Use contextual tools, sources and related reading",Repository review; broad search intent research applies where relevant; no page-specific keyword metrics claimed
/how-much-sodium-per-day.html,How much sodium should you have per day?,"Packaged foods and restaurant meals can contain a lot of sodium. Check the whole portion, then compare options that fit the meal you want.","Use contextual tools, sources and related reading",Repository review; broad search intent research applies where relevant; no page-specific keyword metrics claimed
/how-to-build-a-balanced-meal-with-macros.html,How to build a balanced meal with macros,"Build a balanced meal with protein, carbohydrate, produce and satisfying fat—then adjust portions for cutting, maintenance or bulking.","Use contextual tools, sources and related reading",Repository review; broad search intent research applies where relevant; no page-specific keyword metrics claimed
/how-to-calculate-macros-by-hand.html,How to calculate your macros by hand,"Estimate daily calories first, then convert protein, fat and carbs into grams. This worked example explains the arithmetic behind a macro plan.","Use contextual tools, sources and related reading",Repository review; broad search intent research applies where relevant; no page-specific keyword metrics claimed
/how-to-calculate-maintenance-calories.html,How to calculate maintenance calories,"Calculate maintenance calories with a clear starting estimate, then use your weight trend to find the intake that actually maintains your weight.","Use contextual tools, sources and related reading",Repository review; broad search intent research applies where relevant; no page-specific keyword metrics claimed
/how-to-calculate-recipe-nutrition.html,How to calculate nutrition for a homemade recipe,"Calculate calories and macros for a homemade recipe using ingredient totals, cooked yield, and portion weight without confusing raw and cooked entries.","Use contextual tools, sources and related reading",Repository review; broad search intent research applies where relevant; no page-specific keyword metrics claimed
/how-to-eat-out-without-wrecking-your-goal.html,How to eat out while working toward your goals,"You can enjoy a restaurant meal while working on weight loss, muscle gain or everyday nutrition. Start with the whole order and a goal that matters to you.","Use contextual tools, sources and related reading",Repository review; broad search intent research applies where relevant; no page-specific keyword metrics claimed
/how-to-hit-protein-goal-on-budget.html,How to hit your protein goal on a budget,"Reach your protein goal on a budget by comparing cost per gram, choosing flexible staples and planning meals that use the whole package.","Use contextual tools, sources and related reading",Repository review; broad search intent research applies where relevant; no page-specific keyword metrics claimed
/how-to-read-a-nutrition-label.html,How to read a nutrition label,"Start with the serving size, then check the nutrients in the amount you will eat. This guide follows the U.S. Nutrition Facts label.","Use contextual tools, sources and related reading",Repository review; broad search intent research applies where relevant; no page-specific keyword metrics claimed
/in-n-out-double-vs-two-hamburgers.html,Compare one double burger with a transparently calculated two-standard-burger order.,"Original source-defined comparison, fully labeled table and decision limits.",Compare the tracked U.S. meals; Explore the reading table,"Inspected primary sources; article-specific qualitative intent, not measured keyword demand"
/in-n-out-nutrition-guide.html,In-N-Out nutrition,"Compare 9 recorded U.S. In-N-Out orders by calories, protein, carbs, fat, fiber and sodium. Check the exact portion and official source.","Use contextual tools, sources and related reading",Repository review; broad search intent research applies where relevant; no page-specific keyword metrics claimed
/in-n-out-three-published-hamburger-versions.html,Compare standard Hamburger variants without extrapolating unlisted secret-menu modifications.,"Original source-defined comparison, fully labeled table and decision limits.",Compare the tracked U.S. meals; Explore the reading table,"Inspected primary sources; article-specific qualitative intent, not measured keyword demand"
/index.html,Find a meal that fits.,"Find real fast-food meals by calories, protein, fiber and restaurant. Compare the order, portion and nutrition before you eat.","Use contextual tools, sources and related reading",Repository review; broad search intent research applies where relevant; no page-specific keyword metrics claimed
/jersey-mikes-healthy-subs-macros.html,Jersey Mike’s nutrition,"Compare all 4 tracked Jersey Mike’s items by calories, protein, fiber and sodium. Regular Veggie Sub, Mike’s Way leads on protein at 39 g.","Use contextual tools, sources and related reading",Repository review; broad search intent research applies where relevant; no page-specific keyword metrics claimed
/kfc-healthy-meals-macros.html,KFC nutrition,"Compare all 5 tracked KFC items by calories, protein, fiber and sodium. Grilled Breast with green beans and corn leads on protein at 41 g.","Use contextual tools, sources and related reading",Repository review; broad search intent research applies where relevant; no page-specific keyword metrics claimed
/macros-for-muscle-gain.html,How to set your macros for muscle gain,"Muscle gain depends on training, enough food and recovery. A useful macro plan supports those things without turning every meal into a calculation.","Use contextual tools, sources and related reading",Repository review; broad search intent research applies where relevant; no page-specific keyword metrics claimed
/macros-for-weight-loss.html,How to set your macros for weight loss,"Start with a manageable calorie target, include enough protein, and choose a balance of carbs and fat you can keep eating comfortably.","Use contextual tools, sources and related reading",Repository review; broad search intent research applies where relevant; no page-specific keyword metrics claimed
/mcdonalds-healthy-meals-macros.html,McDonald’s nutrition,"Compare all 6 tracked McDonald’s items by calories, protein, fiber and sodium. Quarter Pounder with Cheese leads on protein at 30 g.","Use contextual tools, sources and related reading",Repository review; broad search intent research applies where relevant; no page-specific keyword metrics claimed
/meal-calculation-two-serving-units.html,Calculate a doubled food base with a single topping portion instead of doubling the entire tray.,Original mixed-count nutrition table and arithmetic reconciliation.,Compare the component portions; Explore the reading table,"Inspected primary sources; article-specific qualitative intent, not measured keyword demand"
/meal-filters-intersection-not-extra-options.html,Explain intersection of strict supported constraints with an original example.,Three-order truth table with an empty-intersection explanation.,Try supported meal filters; Explore the reading table,"Inspected primary sources; article-specific qualitative intent, not measured keyword demand"
/menu-average-chain-weighting.html,Understand record-weighted versus chain-weighted summaries in the actual expansion.,"Original calculation over the 380-record expansion with denominator, source scope and reproducible selection.",See source and dataset methods; Explore the reading table,"Inspected primary sources; article-specific qualitative intent, not measured keyword demand"
/menu-pdf-filename-not-edition-date.html,Distinguish actual printed edition from file naming and retrieval using Arby’s and SONIC.,"Original source-defined comparison, fully labeled table and decision limits.",Compare the tracked U.S. meals; Explore the reading table,"Inspected primary sources; article-specific qualitative intent, not measured keyword demand"
/milligram-microgram-mineral-label.html,Prevent a unit-prefix error when recording micronutrient labels.,Original microgram-to-milligram example clearly separated from nutrition targets.,Compare food labels; Explore the reading table,"Inspected primary sources; article-specific qualitative intent, not measured keyword demand"
/missing-restaurant-nutrition.html,A missing nutrition value is not zero,"Understand unknown nutrient values, incomplete meal totals and filter behavior. Learn why missing fat or sodium must not be recorded as zero.","Use contextual tools, sources and related reading",Repository review; broad search intent research applies where relevant; no page-specific keyword metrics claimed
/net-carbs-total-carbohydrate.html,Avoid mixing a marketing net-carb value with total-carbohydrate data.,Worked difference with explicit definition assumptions and missing-data boundary.,Scale total carbohydrate; Explore the reading table,"Inspected primary sources; article-specific qualitative intent, not measured keyword demand"
/noodles-and-company-nutrition-guide.html,Noodles & Company nutrition,"Compare 22 recorded U.S. Noodles & Company orders by calories, protein, carbs, fat, fiber and sodium. Check the exact portion and official source.","Use contextual tools, sources and related reading",Repository review; broad search intent research applies where relevant; no page-specific keyword metrics claimed
/noodles-mac-protein-not-simple-add-on.html,Compare three complete macaroni builds without converting their differences into ingredient claims.,"Original source-defined comparison, fully labeled table and decision limits.",Compare the tracked U.S. meals; Explore the reading table,"Inspected primary sources; article-specific qualitative intent, not measured keyword demand"
/noodles-regular-noodle-orders-not-addons.html,Distinguish regular dishes with included protein from plain base dishes before adding extras.,"Original source-defined comparison, fully labeled table and decision limits.",Compare the tracked U.S. meals; Explore the reading table,"Inspected primary sources; article-specific qualitative intent, not measured keyword demand"
/noodles-two-chicken-salads.html,Compare two salad builds where sodium reverses the calorie ordering.,"Original source-defined comparison, fully labeled table and decision limits.",Compare the tracked U.S. meals; Explore the reading table,"Inspected primary sources; article-specific qualitative intent, not measured keyword demand"
/nutrient-grams-not-food-weight.html,Understand why food mass differs from summed listed macronutrients.,Mass-accounting example distinguishes unlisted water and components from a missing-food error.,Compare food labels; Explore the reading table,"Inspected primary sources; article-specific qualitative intent, not measured keyword demand"
/nutrition-blank-vs-not-detected.html,"Separate missing, measured/rounded zero and detection-limited fields.",Original status ledger demonstrates why calculations must propagate unknowns.,Read about unavailable meal data; Explore the reading table,"Inspected primary sources; article-specific qualitative intent, not measured keyword demand"
/nutrition-data-mean-not-every-portion.html,Interpret variability in sampled nutrient data.,"An original three-sample arithmetic example separates mean, range and individual measurement.",Read how GetMacros handles data; Explore the reading table,"Inspected primary sources; article-specific qualitative intent, not measured keyword demand"
/nutrition-label-comparison-tool.html,Compare two food labels,"Compare two nutrition labels per serving, per 100 g or per 100 calories. Check protein, fiber, added sugar and sodium when choosing between foods.","Use contextual tools, sources and related reading",Repository review; broad search intent research applies where relevant; no page-specific keyword metrics claimed
/nutrition-label-rounding.html,"Label math is an estimate, even when the division is exact","Understand rounded calories and nutrient values, avoid false precision when scaling, and distinguish a labeled zero from missing restaurant data.","Use contextual tools, sources and related reading",Repository review; broad search intent research applies where relevant; no page-specific keyword metrics claimed
/nutrition-totals-not-ingredient-recipe.html,Explain why record totals cannot reverse-engineer a meal or undocumented customization.,"Original source-defined comparison, fully labeled table and decision limits.",Compare the tracked U.S. meals; Explore the reading table,"Inspected primary sources; article-specific qualitative intent, not measured keyword demand"
/panda-express-base-nutrition-comparison.html,Compare Panda Express bases using the right serving,"Compare full Panda Express bases by calories, carbs, fiber and sodium, with the 10 oz Super Greens base separated from the 3.5 oz entree entry.","Use contextual tools, sources and related reading",Repository review; broad search intent research applies where relevant; no page-specific keyword metrics claimed
/panda-express-chicken-entree-comparison.html,Compare three Panda Express chicken entrees,Compare source-defined Panda Express chicken portions and see what changes when the same full rice base is added to each.,"Use contextual tools, sources and related reading",Repository review; broad search intent research applies where relevant; no page-specific keyword metrics claimed
/panda-express-healthy-meals-macros.html,Panda Express nutrition,"Compare 7 tracked Panda Express portions, including teriyaki chicken at 280 calories and 38 g protein. Full bases and extra sauce stay distinct.","Use contextual tools, sources and related reading",Repository review; broad search intent research applies where relevant; no page-specific keyword metrics claimed
/panera-healthy-meals-macros.html,Panera nutrition,"Compare all 5 tracked Panera items by calories, protein, fiber and sodium. Caesar with Chicken Salad, whole leads on protein at 35 g.","Use contextual tools, sources and related reading",Repository review; broad search intent research applies where relevant; no page-specific keyword metrics claimed
/per-ounce-vs-per-100g-food.html,Compare mass ounces and metric mass label bases.,Original per-ounce normalization with explicit fluid-ounce exclusion.,Compare food labels; Explore the reading table,"Inspected primary sources; article-specific qualitative intent, not measured keyword demand"
/percent-daily-value-not-vertical-total.html,Interpret the vertical Daily Value column as separate reference ratios.,Original independent-denominator example and table.,Compare food labels; Explore the reading table,"Inspected primary sources; article-specific qualitative intent, not measured keyword demand"
/percentage-points-vs-percent-food-labels.html,Describe differences between nutrient reference percentages accurately.,"Original three-way comparison of amount, point difference and relative change.",Compare food labels; Explore the reading table,"Inspected primary sources; article-specific qualitative intent, not measured keyword demand"
/plant-name-not-fiber-number.html,Avoid fabricating fiber from plant names and unspecified mixtures.,Decision workflow distinguishes descriptive ingredients from numerical evidence.,Understand missing restaurant values; Explore the reading table,"Inspected primary sources; article-specific qualitative intent, not measured keyword demand"
/play-bean-balance.html,Bean Balance,Stack beans while keeping their combined center over the base.,"Use contextual tools, sources and related reading",Repository review; broad search intent research applies where relevant; no page-specific keyword metrics claimed
/play-berry-bounce.html,Berry Bounce,Return the berry with the paddle until the targets are cleared.,"Use contextual tools, sources and related reading",Repository review; broad search intent research applies where relevant; no page-specific keyword metrics claimed
/play-build-a-plate.html,Build-a-Plate,Choose three ingredients that meet the plate's category rules.,"Use contextual tools, sources and related reading",Repository review; broad search intent research applies where relevant; no page-specific keyword metrics claimed
/play-claim-check.html,Claim Check,Find the claim the displayed example label actually supports.,"Use contextual tools, sources and related reading",Repository review; broad search intent research applies where relevant; no page-specific keyword metrics claimed
/play-description-detective.html,Description Detective,Pair ingredient descriptions with the right names.,"Use contextual tools, sources and related reading",Repository review; broad search intent research applies where relevant; no page-specific keyword metrics claimed
/play-fiber-trail.html,Fiber Trail,Collect marked tokens along a path to the exit.,"Use contextual tools, sources and related reading",Repository review; broad search intent research applies where relevant; no page-specific keyword metrics claimed
/play-food-crossword.html,Food Crossword,Complete a small intersecting food crossword.,"Use contextual tools, sources and related reading",Repository review; broad search intent research applies where relevant; no page-specific keyword metrics claimed
/play-food-factory.html,Food Factory,Order three processing switches to produce the requested symbol string.,"Use contextual tools, sources and related reading",Repository review; broad search intent research applies where relevant; no page-specific keyword metrics claimed
/play-fruit-catch.html,Fruit Catch,Move the basket beneath the requested fruit before dropping it.,"Use contextual tools, sources and related reading",Repository review; broad search intent research applies where relevant; no page-specific keyword metrics claimed
/play-garden-glide.html,Garden Glide,Guide the carrot through a small garden maze.,"Use contextual tools, sources and related reading",Repository review; broad search intent research applies where relevant; no page-specific keyword metrics claimed
/play-garden-pipes.html,Garden Pipes,Rotate the pipes into a connected water route.,"Use contextual tools, sources and related reading",Repository review; broad search intent research applies where relevant; no page-specific keyword metrics claimed
/play-harvest-conveyor.html,Harvest Conveyor,Route the next item into the requested destination as belts change.,"Use contextual tools, sources and related reading",Repository review; broad search intent research applies where relevant; no page-specific keyword metrics claimed
/play-ingredient-anagrams.html,Ingredient Anagrams,Put the shuffled letters back into an ingredient name.,"Use contextual tools, sources and related reading",Repository review; broad search intent research applies where relevant; no page-specific keyword metrics claimed
/play-ingredient-order.html,Ingredient Order,Arrange example ingredients from most to least by mass.,"Use contextual tools, sources and related reading",Repository review; broad search intent research applies where relevant; no page-specific keyword metrics claimed
/play-kitchen-connections.html,Kitchen Connections,Sort eight kitchen words into two precise groups.,"Use contextual tools, sources and related reading",Repository review; broad search intent research applies where relevant; no page-specific keyword metrics claimed
/play-kitchen-rhythm.html,Kitchen Rhythm,Repeat the displayed beat pattern in its correct order.,"Use contextual tools, sources and related reading",Repository review; broad search intent research applies where relevant; no page-specific keyword metrics claimed
/play-label-matchmaker.html,Label Matchmaker,Pair each example portion with its matching panel.,"Use contextual tools, sources and related reading",Repository review; broad search intent research applies where relevant; no page-specific keyword metrics claimed
/play-lunchbox-logic.html,Lunchbox Logic,Place four picnic items into compartments using position clues.,"Use contextual tools, sources and related reading",Repository review; broad search intent research applies where relevant; no page-specific keyword metrics claimed
/play-macro-grid.html,Macro Grid,Complete the missing cells so all row and column totals agree.,"Use contextual tools, sources and related reading",Repository review; broad search intent research applies where relevant; no page-specific keyword metrics claimed
/play-market-budget.html,Market Budget,Fill a fictional market basket within a budget and item count.,"Use contextual tools, sources and related reading",Repository review; broad search intent research applies where relevant; no page-specific keyword metrics claimed
/play-market-memory.html,Market Memory,Find all four pairs of original food characters.,"Use contextual tools, sources and related reading",Repository review; broad search intent research applies where relevant; no page-specific keyword metrics claimed
/play-mascot-maker.html,Mascot Maker,Give an original ingredient character its own expression.,"Use contextual tools, sources and related reading",Repository review; broad search intent research applies where relevant; no page-specific keyword metrics claimed
/play-menu-mystery.html,Menu Mystery,Identify a tracked U.S. order from progressively revealed clues.,"Use contextual tools, sources and related reading",Repository review; broad search intent research applies where relevant; no page-specific keyword metrics claimed
/play-menu-word-hunt.html,Menu Word Hunt,Find three food words hidden in the letter grid.,"Use contextual tools, sources and related reading",Repository review; broad search intent research applies where relevant; no page-specific keyword metrics claimed
/play-missing-number-kitchen.html,Missing Number Kitchen,Recover a missing number from a whole-recipe total.,"Use contextual tools, sources and related reading",Repository review; broad search intent research applies where relevant; no page-specific keyword metrics claimed
/play-nutrition-term-match.html,Nutrition Term Match,Connect three terms to their exact explanations.,"Use contextual tools, sources and related reading",Repository review; broad search intent research applies where relevant; no page-specific keyword metrics claimed
/play-odd-ingredient-out.html,Odd Ingredient Out,Find the item that does not satisfy the stated shape rule.,"Use contextual tools, sources and related reading",Repository review; broad search intent research applies where relevant; no page-specific keyword metrics claimed
/play-orange-orbit.html,Orange Orbit,Turn the orbit and land at the marked platform.,"Use contextual tools, sources and related reading",Repository review; broad search intent research applies where relevant; no page-specific keyword metrics claimed
/play-orchard-nonogram.html,Orchard Nonogram,Fill the orchard pattern using row and column clues.,"Use contextual tools, sources and related reading",Repository review; broad search intent research applies where relevant; no page-specific keyword metrics claimed
/play-order-recall.html,Order Recall,"Study an order, then rebuild its sequence from memory.","Use contextual tools, sources and related reading",Repository review; broad search intent research applies where relevant; no page-specific keyword metrics claimed
/play-pantry-pack.html,Pantry Pack,Fit every pantry piece into the available grid.,"Use contextual tools, sources and related reading",Repository review; broad search intent research applies where relevant; no page-specific keyword metrics claimed
/play-pantry-peek.html,Pantry Peek,Study the pantry and recall how many requested items it held.,"Use contextual tools, sources and related reading",Repository review; broad search intent research applies where relevant; no page-specific keyword metrics claimed
/play-picnic-delivery.html,Picnic Delivery,"Pick up picnic parcels, then bring them to the table.","Use contextual tools, sources and related reading",Repository review; broad search intent research applies where relevant; no page-specific keyword metrics claimed
/play-picnic-planner.html,Picnic Planner,Pack a picnic kit with enough seats and drinks within its space limit.,"Use contextual tools, sources and related reading",Repository review; broad search intent research applies where relevant; no page-specific keyword metrics claimed
/play-plate-art.html,Plate Art,Arrange food stamps into your own plate and save the result.,"Use contextual tools, sources and related reading",Repository review; broad search intent research applies where relevant; no page-specific keyword metrics claimed
/play-portion-balance.html,Portion Balance,Balance two plates by changing their portion counts.,"Use contextual tools, sources and related reading",Repository review; broad search intent research applies where relevant; no page-specific keyword metrics claimed
/play-portion-fractions.html,Portion Fractions,Shade equivalent fractions of two differently divided plates.,"Use contextual tools, sources and related reading",Repository review; broad search intent research applies where relevant; no page-specific keyword metrics claimed
/play-protein-target-puzzle.html,Protein Target Puzzle,Combine fictional portions to reach an exact example total.,"Use contextual tools, sources and related reading",Repository review; broad search intent research applies where relevant; no page-specific keyword metrics claimed
/play-range-finder.html,Range Finder,Find every example order inside the requested range.,"Use contextual tools, sources and related reading",Repository review; broad search intent research applies where relevant; no page-specific keyword metrics claimed
/play-recipe-dominoes.html,Recipe Dominoes,Join all the ingredient tiles by their matching edge tags.,"Use contextual tools, sources and related reading",Repository review; broad search intent research applies where relevant; no page-specific keyword metrics claimed
/play-recipe-path.html,Recipe Path,Follow the preparation steps in order through the grid.,"Use contextual tools, sources and related reading",Repository review; broad search intent research applies where relevant; no page-specific keyword metrics claimed
/play-recipe-remix.html,Recipe Remix,Replace missing example ingredients while preserving recipe roles.,"Use contextual tools, sources and related reading",Repository review; broad search intent research applies where relevant; no page-specific keyword metrics claimed
/play-restaurant-order-builder.html,Restaurant Order Builder,Reconstruct a real tracked restaurant order from its included items.,"Use contextual tools, sources and related reading",Repository review; broad search intent research applies where relevant; no page-specific keyword metrics claimed
/play-restaurant-route.html,Restaurant Route,Visit fictional restaurants on a map with a short closed route.,"Use contextual tools, sources and related reading",Repository review; broad search intent research applies where relevant; no page-specific keyword metrics claimed
/play-rounding-room.html,Rounding Room,Find the interval that rounds to the displayed number.,"Use contextual tools, sources and related reading",Repository review; broad search intent research applies where relevant; no page-specific keyword metrics claimed
/play-sandwich-architect.html,Sandwich Architect,Rebuild the requested sandwich from bottom to top.,"Use contextual tools, sources and related reading",Repository review; broad search intent research applies where relevant; no page-specific keyword metrics claimed
/play-sequence-chef.html,Sequence Chef,Repeat a growing sequence of food characters.,"Use contextual tools, sources and related reading",Repository review; broad search intent research applies where relevant; no page-specific keyword metrics claimed
/play-serving-size-detective.html,Serving Size Detective,Work out the amount in several labeled example servings.,"Use contextual tools, sources and related reading",Repository review; broad search intent research applies where relevant; no page-specific keyword metrics claimed
/play-silhouette-supper.html,Silhouette Supper,Recognize an ingredient from its original silhouette.,"Use contextual tools, sources and related reading",Repository review; broad search intent research applies where relevant; no page-specific keyword metrics claimed
/play-smoothie-studio.html,Smoothie Studio,Mix colored fictional ingredients to match a recipe's ratio.,"Use contextual tools, sources and related reading",Repository review; broad search intent research applies where relevant; no page-specific keyword metrics claimed
/play-snack-slide.html,Snack Slide,Slide the illustrated tiles back into order.,"Use contextual tools, sources and related reading",Repository review; broad search intent research applies where relevant; no page-specific keyword metrics claimed
/play-sodium-sort.html,Sodium Sort,Sort equal-sized example servings by sodium.,"Use contextual tools, sources and related reading",Repository review; broad search intent research applies where relevant; no page-specific keyword metrics claimed
/play-source-sleuth.html,Source Sleuth,Choose the excerpt that supports the claim without overreaching.,"Use contextual tools, sources and related reading",Repository review; broad search intent research applies where relevant; no page-specific keyword metrics claimed
/play-spot-the-swap.html,Spot the Swap,Find the three swapped items between two picnic scenes.,"Use contextual tools, sources and related reading",Repository review; broad search intent research applies where relevant; no page-specific keyword metrics claimed
/play-tabletop-tangram.html,Tabletop Mosaic,Cover a diamond-shaped lunch silhouette with four geometric pieces.,"Use contextual tools, sources and related reading",Repository review; broad search intent research applies where relevant; no page-specific keyword metrics claimed
/play-trade-off-table.html,Trade-off Table,Find the orders that satisfy two displayed priorities together.,"Use contextual tools, sources and related reading",Repository review; broad search intent research applies where relevant; no page-specific keyword metrics claimed
/play.html,Play with your food.,"Play 56 original food puzzles, memory games, creative studios and untimed coordination challenges. Touch and keyboard controls, no account needed.","Use contextual tools, sources and related reading",Repository review; broad search intent research applies where relevant; no page-specific keyword metrics claimed
/popeyes-healthy-meals-macros.html,Popeyes nutrition,"Compare all 4 tracked Popeyes items by calories, protein, fiber and sodium. 5 Blackened Tenders leads on protein at 47 g.","Use contextual tools, sources and related reading",Repository review; broad search intent research applies where relevant; no page-specific keyword metrics claimed
/portion-ratio-vs-percent-change.html,Distinguish final ratio from change percentage in nutrition comparisons.,Side-by-side multiplier and percentage-change example.,Compare food labels; Explore the reading table,"Inspected primary sources; article-specific qualitative intent, not measured keyword demand"
/privacy.html,Privacy policy,"GetMacros.net's privacy policy: what data is and isn't collected, how browser preferences and saved meals are stored, and how third-party ad networks use cookies.","Use contextual tools, sources and related reading",Repository review; broad search intent research applies where relevant; no page-specific keyword metrics claimed
/protein-chicken-sandwich-size-cross-chain.html,Choose among source-defined chicken sandwiches without assuming grilled and fried meat quantities are matched.,"Original source-defined comparison, fully labeled table and decision limits.",Compare the tracked U.S. meals; Explore the reading table,"Inspected primary sources; article-specific qualitative intent, not measured keyword demand"
/protein-cost-currency-comparison.html,Compare protein costs within a single currency and compatible tax scope.,Price ledger with per-protein-unit arithmetic and currency exclusion.,Compare protein costs; Explore the reading table,"Inspected primary sources; article-specific qualitative intent, not measured keyword demand"
/protein-cost-food-waste.html,A bulk pack saves money only if you use enough of it,Calculate protein cost for the amount you actually use. A break-even example shows how unfinished food changes a bulk package comparison.,"Use contextual tools, sources and related reading",Repository review; broad search intent research applies where relevant; no page-specific keyword metrics claimed
/protein-cost-pack-size-minimum-spend.html,Compare unit value under a fixed purchase budget.,Feasible-purchase ledger with an explicit budget constraint.,Compare unit cost and pack totals; Explore the reading table,"Inspected primary sources; article-specific qualitative intent, not measured keyword demand"
/protein-density-fast-food.html,How much protein do you get per 100 calories?,Compare protein density and total protein in selected fast-food orders. See why chicken portions and complete bowls answer different questions.,"Use contextual tools, sources and related reading",Repository review; broad search intent research applies where relevant; no page-specific keyword metrics claimed
/protein-label-blank-daily-value.html,Interpret protein grams with an absent percentage field.,Explains absent versus zero fields with a concrete two-product comparison.,Compare food labels; Explore the reading table,"Inspected primary sources; article-specific qualitative intent, not measured keyword demand"
/protein-per-package-not-scoop-count.html,Compare total protein in packages whose serving count and size differ.,"Two-pack example distinguishes package content, portion content and cost.",Compare protein cost; Explore the reading table,"Inspected primary sources; article-specific qualitative intent, not measured keyword demand"
/protein-powder-scoop-weight.html,"Use the powder’s serving weight, not just the scoop count",A scoop is a product-specific serving measure. Use the label’s gram weight to calculate partial servings and include the liquid in your shake separately.,"Use contextual tools, sources and related reading",Repository review; broad search intent research applies where relevant; no page-specific keyword metrics claimed
/protein-serving-count-day-not-prescription.html,Sum recorded protein across distinct eating occasions without prescribing intake.,A four-entry example with an omitted-item correction.,Understand protein estimates; Explore the reading table,"Inspected primary sources; article-specific qualitative intent, not measured keyword demand"
/protein-sort-vs-portion-mass.html,Compare known gram portions where order weight and protein ranking reverse.,"Original source-defined comparison, fully labeled table and decision limits.",Compare the tracked U.S. meals; Explore the reading table,"Inspected primary sources; article-specific qualitative intent, not measured keyword demand"
/protein-target-gap-not-automatic-extra.html,Interpret a user-chosen protein target difference without automatic supplementation advice.,Hypothetical gap comparison across portion options and uncertainty.,Compare complete meals; Explore the reading table,"Inspected primary sources; article-specific qualitative intent, not measured keyword demand"
/protein-value-after-fixed-delivery-fee.html,Compare two purchases when one has an unavoidable fixed fee.,Original fee-inclusive ranking reversal with a break-even calculation.,Compare a defined total price; Explore the reading table,"Inspected primary sources; article-specific qualitative intent, not measured keyword demand"
/protein-value-calculator.html,Protein cost per gram calculator,Compare two packages to find the cost of the same amount of protein.,"Use contextual tools, sources and related reading",Repository review; broad search intent research applies where relevant; no page-specific keyword metrics claimed
/protein-value-price-range-overlap.html,Compare cost-per-protein intervals for two real orders under explicitly hypothetical price ranges.,"Original source-defined comparison, fully labeled table and decision limits.",Compare the tracked U.S. meals; Explore the reading table,"Inspected primary sources; article-specific qualitative intent, not measured keyword demand"
/protein.html,What does protein do in your body?,"Protein helps build and repair tissues, including muscle. Your body also uses it to make enzymes, hormones and antibodies.","Use contextual tools, sources and related reading",Repository review; broad search intent research applies where relevant; no page-specific keyword metrics claimed
/published-vs-calculated-restaurant-rows.html,Audit published and component-calculated record methods with actual expansion counts.,"Original calculation over the 380-record expansion with denominator, source scope and reproducible selection.",See source and dataset methods; Explore the reading table,"Inspected primary sources; article-specific qualitative intent, not measured keyword demand"
/qdoba-burrito-bowl-published-pair.html,Show the two official Chicken Queso builds and avoid treating subtraction as ingredient verification.,"Original source-defined comparison, fully labeled table and decision limits.",Compare the tracked U.S. meals; Explore the reading table,"Inspected primary sources; article-specific qualitative intent, not measured keyword demand"
/qdoba-nutrition-guide.html,QDOBA nutrition,"Compare 14 recorded U.S. QDOBA orders by calories, protein, carbs, fat, fiber and sodium. Check the exact portion and official source.","Use contextual tools, sources and related reading",Repository review; broad search intent research applies where relevant; no page-specific keyword metrics claimed
/qdoba-vegan-bowl-fiber-tradeoff.html,Compare a vegan named build with Chicken Queso on supported nutrients while keeping classification source-specific.,"Original source-defined comparison, fully labeled table and decision limits.",Compare the tracked U.S. meals; Explore the reading table,"Inspected primary sources; article-specific qualitative intent, not measured keyword demand"
/raising-canes-build-order-not-combo-name.html,Compare two explicitly calculated individual-item orders while preserving unknown exact fiber.,"Original source-defined comparison, fully labeled table and decision limits.",Compare the tracked U.S. meals; Explore the reading table,"Inspected primary sources; article-specific qualitative intent, not measured keyword demand"
/raising-canes-nutrition-guide.html,Raising Cane’s nutrition,"Compare 3 recorded U.S. Raising Cane’s orders by calories, protein, carbs, fat, fiber and sodium. Check the exact portion and official source.","Use contextual tools, sources and related reading",Repository review; broad search intent research applies where relevant; no page-specific keyword metrics claimed
/raw-vs-cooked-food-weight.html,Match the food weight to its raw or cooked entry,Match food weights to raw or cooked nutrition entries. See why a fixed conversion fails and how to divide a cooked batch using your own yield.,"Use contextual tools, sources and related reading",Repository review; broad search intent research applies where relevant; no page-specific keyword metrics claimed
/recipe-added-water-not-new-nutrients.html,Model added water in a fixed-nutrient recipe without misusing an old density.,Original water-addition model and equal-weight portion comparison.,Scale the measured final batch; Explore the reading table,"Inspected primary sources; article-specific qualitative intent, not measured keyword demand"
/recipe-combined-batches-not-average-serving.html,Combine differently sized batches with weighted serving arithmetic.,Original two-batch sum with incorrect averaging explained.,Calculate a combined batch; Explore the reading table,"Inspected primary sources; article-specific qualitative intent, not measured keyword demand"
/recipe-discrete-pieces-count-or-weight.html,Allocate recipe nutrition among countable pieces with unequal size boundaries.,Original muffin-style yield calculation contrasted with weighed piece calculation.,Calculate a count-based average; Explore the reading table,"Inspected primary sources; article-specific qualitative intent, not measured keyword demand"
/recipe-evaporation-weight-density.html,Understand a changed cooked yield without inventing nutrient loss.,Original fixed-nutrient-total model distinguishes mass loss from measured composition change.,Divide the final batch by portion; Explore the reading table,"Inspected primary sources; article-specific qualitative intent, not measured keyword demand"
/recipe-fixed-seasoning-scale.html,Calculate a nonuniformly scaled recipe with a fixed component.,Original recipe ledger distinguishing variable and fixed components.,Divide a documented batch total; Explore the reading table,"Inspected primary sources; article-specific qualitative intent, not measured keyword demand"
/recipe-freezing-portion-count.html,Organize frozen recipe portions without treating container count as equal weight.,Original container ledger with unequal fills and known batch fractions.,Work out the batch’s average portion; Explore the reading table,"Inspected primary sources; article-specific qualitative intent, not measured keyword demand"
/recipe-left-in-pan-residual.html,Handle retained residue without equating any lost gram with the average recipe.,Original residual example distinguishes uniform leftovers from separated oil or solids.,Work with a supported recipe total; Explore the reading table,"Inspected primary sources; article-specific qualitative intent, not measured keyword demand"
/recipe-macro-scaler.html,Calories per recipe portion,"Split one batch into different portions, or change how much you make. Use the nutrition already listed on your recipe.","Use contextual tools, sources and related reading",Repository review; broad search intent research applies where relevant; no page-specific keyword metrics claimed
/recipe-one-ingredient-substitution.html,Update batch nutrition for one documented ingredient replacement.,Original subtraction/addition ledger with equal amount and different basis cautions.,Scale the updated recipe total; Explore the reading table,"Inspected primary sources; article-specific qualitative intent, not measured keyword demand"
/recipe-quarter-batch-not-quarter-ingredient.html,Avoid applying a recipe portion fraction to only one component.,Three-ingredient batch example with a diagnostic incorrect calculation.,Divide the complete batch; Explore the reading table,"Inspected primary sources; article-specific qualitative intent, not measured keyword demand"
/recipe-recalculate-new-product-label.html,Recalculate a stored recipe after one branded input label changes.,Difference method versus full rebuild cross-check with explicit portion basis.,Recalculate after a label change; Explore the reading table,"Inspected primary sources; article-specific qualitative intent, not measured keyword demand"
/recipe-repeated-ingredient-two-label-bases.html,Resolve repeated ingredient quantities that use different portion labels.,Two-stage sum checks that prevent adding serving numbers before unit conversion.,Scale the actual recipe quantities; Explore the reading table,"Inspected primary sources; article-specific qualitative intent, not measured keyword demand"
/recipe-sauce-made-vs-sauce-used.html,Allocate a separately prepared sauce batch to another dish by actual transferred mass.,Two-recipe calculation with leftovers reconciliation.,Calculate the transferred portion; Explore the reading table,"Inspected primary sources; article-specific qualitative intent, not measured keyword demand"
/recipe-sauce-on-side-two-totals.html,Calculate optional sauce separately from a base recipe.,Base/sauce ledger avoids assuming all or none of an optional addition.,Calculate the base portions; Explore the reading table,"Inspected primary sources; article-specific qualitative intent, not measured keyword demand"
/recipe-target-batch-portions-integer.html,Handle an integer portion count and remainder without invented full-serving totals.,Mass-conservation example with separate leftover serving.,Calculate full portions and the remainder; Explore the reading table,"Inspected primary sources; article-specific qualitative intent, not measured keyword demand"
/recipe-uniform-vs-component-serving.html,Choose uniform-batch or separate-component portion methods.,Worked plate decomposition contrasts proportional division with measured components.,Divide a mixed recipe; Explore the reading table,"Inspected primary sources; article-specific qualitative intent, not measured keyword demand"
/restaurant-bowl-nutrition-comparison.html,"A bowl is a format, not a nutrition target","Compare selected Chipotle, CAVA and Sweetgreen bowls with exact build descriptions, protein, fiber, sodium and source-date boundaries.","Use contextual tools, sources and related reading",Repository review; broad search intent research applies where relevant; no page-specific keyword metrics claimed
/restaurant-compare-tradeoff-not-single-score.html,Explain multidimensional ranking without a fabricated fit score.,Original two-order trade-off analysis retaining both coordinates.,Compare meals by your selected priority; Explore the reading table,"Inspected primary sources; article-specific qualitative intent, not measured keyword demand"
/restaurant-dominated-choice-still-context.html,Interpret Pareto dominance on supported meal attributes without a health ranking.,Three-order example explains dominance versus a remaining trade-off.,Inspect supported order attributes; Explore the reading table,"Inspected primary sources; article-specific qualitative intent, not measured keyword demand"
/restaurant-meal-finder.html,Healthy fast-food meals,"Compare U.S. fast-food orders by calories, protein, fiber and sodium. Filter by restaurant, see what is included and compare two meals side by side.",Refine meals and compare portions,Repository review; broad search intent research applies where relevant; no page-specific keyword metrics claimed
/restaurant-meal-guides.html,Your usual spot. A clearer choice.,"Choose from 15 U.S. restaurant guides. Compare specific orders, calories and protein, with ingredients, ordering tips and official nutrition sources.","Use contextual tools, sources and related reading",Repository review; broad search intent research applies where relevant; no page-specific keyword metrics claimed
/restaurant-menu-serving-weight.html,Interpret listed restaurant serving mass without overclaiming portion precision.,A mass-to-density example and a distinction between published and served quantities.,Inspect order portions; Explore the reading table,"Inspected primary sources; article-specific qualitative intent, not measured keyword demand"
/restaurant-protein-cost-receipt-prices.html,Worked price-per-protein comparison uses verified protein and explicitly invented receipt amounts.,"Original source-defined comparison, fully labeled table and decision limits.",Compare the tracked U.S. meals; Explore the reading table,"Inspected primary sources; article-specific qualitative intent, not measured keyword demand"
/restaurant-protein-value-no-price-data.html,Explain the evidence needed for a restaurant protein-value ranking.,Example showing identical nutrition but opposite price rankings under two price assumptions.,Calculate with a current price you supply; Explore the reading table,"Inspected primary sources; article-specific qualitative intent, not measured keyword demand"
/restaurant-search-result-count-scope.html,"Interpret meal-finder counts as dataset-limited matches, not menu exhaustiveness.","Scope checklist distinguishes tracked, eligible, matching and displayed counts.",Read dataset coverage and limitations; Explore the reading table,"Inspected primary sources; article-specific qualitative intent, not measured keyword demand"
/restaurant-value-your-nutrient-not-protein.html,Compare fiber cost with protein cost for actual burrito data using transparent hypothetical prices.,"Original source-defined comparison, fully labeled table and decision limits.",Compare the tracked U.S. meals; Explore the reading table,"Inspected primary sources; article-specific qualitative intent, not measured keyword demand"
/salad-burger-calories-no-category-rule.html,Test the salad-versus-burger assumption against named source-defined entries without universal claims.,"Original source-defined comparison, fully labeled table and decision limits.",Compare the tracked U.S. meals; Explore the reading table,"Inspected primary sources; article-specific qualitative intent, not measured keyword demand"
/same-restaurant-name-different-market-data.html,Avoid transferring U.S. nutrient values to another market by brand name.,"Evidence checklist for market, standard build and source date.",Browse the supported U.S. restaurant guides; Explore the reading table,"Inspected primary sources; article-specific qualitative intent, not measured keyword demand"
/saved-meal-source-version-check.html,Use saved meal state responsibly when source-defined recipes may change.,"Original source-defined comparison, fully labeled table and decision limits.",Compare the tracked U.S. meals; Explore the reading table,"Inspected primary sources; article-specific qualitative intent, not measured keyword demand"
/search.html,Search GetMacros,"Search every GetMacros page at once: healthy fast-food menu guides, restaurant comparisons, macro calculators and nutrition explainers.","Use contextual tools, sources and related reading",Repository review; broad search intent research applies where relevant; no page-specific keyword metrics claimed
/serving-size-vs-portion-size.html,Serving size vs. portion size: what is the difference?,"Learn the difference between a label serving and the portion you eat, and how to calculate calories and nutrients for your actual portion.","Use contextual tools, sources and related reading",Repository review; broad search intent research applies where relevant; no page-specific keyword metrics claimed
/sodium-label-comparison-tool.html,Sodium calculator,Compare two foods using the sodium on each label and the number of servings you eat.,"Use contextual tools, sources and related reading",Repository review; broad search intent research applies where relevant; no page-specific keyword metrics claimed
/sodium-milligrams-to-grams.html,Convert sodium units without confusing nutrient amount with food weight.,Unit ledger with a thousand-fold input-error demonstration.,Compare sodium portions; Explore the reading table,"Inspected primary sources; article-specific qualitative intent, not measured keyword demand"
/sonic-hot-dog-sodium-toppings.html,Show how source-defined hot dog builds can tie on calories but differ in sodium.,"Original source-defined comparison, fully labeled table and decision limits.",Compare the tracked U.S. meals; Explore the reading table,"Inspected primary sources; article-specific qualitative intent, not measured keyword demand"
/sonic-nutrition-guide.html,SONIC nutrition,"Compare 47 recorded U.S. SONIC orders by calories, protein, carbs, fat, fiber and sodium. Check the exact portion and official source.","Use contextual tools, sources and related reading",Repository review; broad search intent research applies where relevant; no page-specific keyword metrics claimed
/sonic-small-burgers-not-same-order.html,Resolve small burger portion choices without assuming the junior name guarantees lower sodium.,"Original source-defined comparison, fully labeled table and decision limits.",Compare the tracked U.S. meals; Explore the reading table,"Inspected primary sources; article-specific qualitative intent, not measured keyword demand"
/sonic-ultimate-breakfast-not-extra-protein-rule.html,"Compare bacon, SuperSONIC and Ultimate breakfast burritos as three distinct builds.","Original source-defined comparison, fully labeled table and decision limits.",Compare the tracked U.S. meals; Explore the reading table,"Inspected primary sources; article-specific qualitative intent, not measured keyword demand"
/sources.html,Nutrition sources and calculation methods,"Check the nutrition references and calculation methods behind GetMacros tools, articles and restaurant meal comparisons.","Use contextual tools, sources and related reading",Repository review; broad search intent research applies where relevant; no page-specific keyword metrics claimed
/starbucks-healthy-food-meals-macros.html,Starbucks nutrition,"Compare all 5 tracked Starbucks items by calories, protein, fiber and sodium. Spinach, Feta & Egg White Wrap leads on protein at 20 g.","Use contextual tools, sources and related reading",Repository review; broad search intent research applies where relevant; no page-specific keyword metrics claimed
/subway-healthy-meals-macros.html,Subway nutrition,"Compare all 7 tracked Subway items by calories, protein, fiber and sodium. Footlong Grilled Chicken & Fresh Avocado leads on protein at 70 g.","Use contextual tools, sources and related reading",Repository review; broad search intent research applies where relevant; no page-specific keyword metrics claimed
/sugar-lines-do-not-add.html,Avoid double-counting an indented nutrient on a U.S. label.,Original subtraction and portion-scaling example with an accounting check.,Compare food labels; Explore the reading table,"Inspected primary sources; article-specific qualitative intent, not measured keyword demand"
/sweat-rate-calculator.html,Sweat rate calculator,"Use your weight before and after a workout, its length and what you drank to estimate fluid loss.","Use contextual tools, sources and related reading",Repository review; broad search intent research applies where relevant; no page-specific keyword metrics claimed
/sweetgreen-healthy-meals-macros.html,Sweetgreen nutrition,"Compare all 5 tracked Sweetgreen items by calories, protein, fiber and sodium. Harvest Bowl leads on protein at 40 g.","Use contextual tools, sources and related reading",Repository review; broad search intent research applies where relevant; no page-specific keyword metrics claimed
/sweetgreen-vs-panera-chicken-salads.html,Compare two whole chicken salads,"Compare whole Guacamole Greens and Caesar with Chicken salads by calories, protein, fat, fiber and sodium, including their standard dressing.","Use contextual tools, sources and related reading",Repository review; broad search intent research applies where relevant; no page-specific keyword metrics claimed
/taco-bell-healthy-meals-macros.html,Taco Bell nutrition,"Compare Taco Bell bowls, tacos and burritos by calories. Check U.S. menu portions, vegetarian choices and available protein values before ordering.","Use contextual tools, sources and related reading",Repository review; broad search intent research applies where relevant; no page-specific keyword metrics claimed
/taco-johns-bowl-base-tradeoff.html,Compare two named chicken bowl types without inventing a customizable potato-to-rice swap.,"Original source-defined comparison, fully labeled table and decision limits.",Compare the tracked U.S. meals; Explore the reading table,"Inspected primary sources; article-specific qualitative intent, not measured keyword demand"
/taco-johns-breakfast-taco-vs-burrito.html,Compare compact breakfast taco and larger meat-and-potato breakfast format without component subtraction.,"Original source-defined comparison, fully labeled table and decision limits.",Compare the tracked U.S. meals; Explore the reading table,"Inspected primary sources; article-specific qualitative intent, not measured keyword demand"
/taco-johns-nutrition-guide.html,Taco John’s nutrition,"Compare 122 recorded U.S. Taco John’s orders by calories, protein, carbs, fat, fiber and sodium. Check the exact portion and official source.","Use contextual tools, sources and related reading",Repository review; broad search intent research applies where relevant; no page-specific keyword metrics claimed
/taco-johns-small-fiber-bound.html,Show a real published less-than bound and contrast it with exact zero and a known fiber value.,"Original source-defined comparison, fully labeled table and decision limits.",Compare the tracked U.S. meals; Explore the reading table,"Inspected primary sources; article-specific qualitative intent, not measured keyword demand"
/tare-bowl-before-weighing-food.html,Use container subtraction to obtain the measured food mass.,Tare and manual-subtraction workflows with a diagnostic example.,Calculate a recipe portion; Explore the reading table,"Inspected primary sources; article-specific qualitative intent, not measured keyword demand"
/terms.html,Terms of use,"The terms governing use of GetMacros.net — educational content only, not medical advice, third-party ads, and intellectual property.","Use contextual tools, sources and related reading",Repository review; broad search intent research applies where relevant; no page-specific keyword metrics claimed
/three-count-tacos-not-three-equal-meals.html,Compare a source-defined three-taco build with a calculated three-street-taco order.,"Original source-defined comparison, fully labeled table and decision limits.",Compare the tracked U.S. meals; Explore the reading table,"Inspected primary sources; article-specific qualitative intent, not measured keyword demand"
/two-fiber-sources-one-bowl.html,Sum supported fiber contributions in a mixed example without assuming uniform distributions.,Original two-ingredient calculation and a missing-topping boundary.,Calculate portions of a documented recipe; Explore the reading table,"Inspected primary sources; article-specific qualitative intent, not measured keyword demand"
/two-for-one-protein-promotion.html,Evaluate a multi-pack promotion without treating free units as usable by default.,Promotion math with complete and partial-use cases.,Check an offer with your own inputs; Explore the reading table,"Inspected primary sources; article-specific qualitative intent, not measured keyword demand"
/two-meal-total-not-day-recommendation.html,Add two exact meal records while avoiding a daily adequacy claim.,Source-backed two-order sum with explicit limits on daily interpretation.,Compare exact recorded meals; Explore the reading table,"Inspected primary sources; article-specific qualitative intent, not measured keyword demand"
/two-person-restaurant-budget-constraints.html,Solve a two-person menu-selection budget using real nutrient rows and invented prices.,"Original source-defined comparison, fully labeled table and decision limits.",Compare the tracked U.S. meals; Explore the reading table,"Inspected primary sources; article-specific qualitative intent, not measured keyword demand"
/unequal-recipe-portions.html,Different portions need different shares of the recipe,"Divide an evenly mixed recipe by finished weight when meal-prep containers differ in size. Includes totals, assumptions and a check for separated ingredients.","Use contextual tools, sources and related reading",Repository review; broad search intent research applies where relevant; no page-specific keyword metrics claimed
/use-calorie-target-meal-finder.html,Use your daily estimate to find a meal,Turn a daily calculator estimate into optional meal-search limits without treating one-third of your day as a prescription or sharing personal inputs.,"Use contextual tools, sources and related reading",Repository review; broad search intent research applies where relevant; no page-specific keyword metrics claimed
/vegetarian-fast-food-protein-comparison.html,Compare protein in tracked meat-free orders,"Compare protein, calories and fiber in tracked meat-free bowls, salads and breakfast foods, with ingredient and source limitations.","Use contextual tools, sources and related reading",Repository review; broad search intent research applies where relevant; no page-specific keyword metrics claimed
/vegetarian-label-not-allergen-safety.html,Distinguish dietary preference labels from confirmed allergy suitability.,"Ordering checklist separating ingredient preference, allergen declaration and preparation.",Read dataset boundaries; Explore the reading table,"Inspected primary sources; article-specific qualitative intent, not measured keyword demand"
/weigh-food-by-container-difference.html,Estimate transferred mass by before/after container readings.,Difference method with residue and separate-ingredient boundaries.,Scale the measured amount; Explore the reading table,"Inspected primary sources; article-specific qualitative intent, not measured keyword demand"
/weight-goal-timeline-calculator.html,Weight goal timeline,"Choose a weekly pace to see a possible timeline. This is a calculation, not a prediction of your progress.","Use contextual tools, sources and related reading",Repository review; broad search intent research applies where relevant; no page-specific keyword metrics claimed
/wendys-healthy-meals-macros.html,Wendy’s nutrition,"Compare all 5 tracked Wendy’s items by calories, protein, fiber and sodium. Dave’s Single leads on protein at 31 g.","Use contextual tools, sources and related reading",Repository review; broad search intent research applies where relevant; no page-specific keyword metrics claimed
/what-are-macros.html,What are macros?,"Macros are protein, carbohydrates and fat. They provide energy and help your body work. Here is what the numbers mean when you plan a meal.","Use contextual tools, sources and related reading",Repository review; broad search intent research applies where relevant; no page-specific keyword metrics claimed
/what-is-a-calorie-deficit.html,What is a calorie deficit?,"A calorie deficit means taking in less energy than you use over time. Learn how to estimate one, why weight loss slows and what to monitor.","Use contextual tools, sources and related reading",Repository review; broad search intent research applies where relevant; no page-specific keyword metrics claimed
/what-to-eat-after-a-workout.html,What to eat after a workout,"Build a practical post-workout meal with protein, carbs and fluids. Learn when recovery timing matters and when your next normal meal is enough.","Use contextual tools, sources and related reading",Repository review; broad search intent research applies where relevant; no page-specific keyword metrics claimed
/what-to-eat-before-a-workout.html,What to eat before a workout,"What to eat before a workout, from a full meal to a quick snack. Choose carbs, protein and portion size based on timing and stomach comfort.","Use contextual tools, sources and related reading",Repository review; broad search intent research applies where relevant; no page-specific keyword metrics claimed
/when-to-recalculate-calories-and-macros.html,When should you recalculate calories and macros?,"Recalculate calories and macros after meaningful changes—not every scale fluctuation. Use weight trends, activity and performance to decide when.","Use contextual tools, sources and related reading",Repository review; broad search intent research applies where relevant; no page-specific keyword metrics claimed
/why-did-i-gain-weight-overnight.html,Why did I gain weight overnight?,"An overnight scale increase is usually not a sudden change in body fat. Learn how food mass, fluid, sodium, carbs and digestion move daily weight.","Use contextual tools, sources and related reading",Repository review; broad search intent research applies where relevant; no page-specific keyword metrics claimed
