route,type,intent,original_utility,source_count,remaining_issues
grams-vs-milliliters-nutrition-labels.html,new resource,Compare foods whose serving sizes use different units.,A decision table and original same-product conversion example distinguish valid portion scaling from unsupported density conversions.,2,Illustrative arithmetic distinguished from real product data
raw-vs-cooked-food-weight.html,new resource,Resolve whether raw or cooked weights should be entered when recording nutrition.,"Two valid recording paths, batch-yield arithmetic, and a clear boundary between yield and nutrient retention.",2,Illustrative arithmetic distinguished from real product data
drained-weight-nutrition-label.html,new resource,Use a canned-food label correctly when the packing liquid is discarded.,Decision checklist distinguishes package weight from label basis; shows supported scaling and an explicitly unknowable case.,2,Illustrative arithmetic distinguished from real product data
calories-in-multi-serving-packages.html,new resource,Calculate a whole or partial package from per-serving nutrition.,"Two-layer packet example, partial-weight calculation, and a double-counting prevention check.",1,Illustrative arithmetic distinguished from real product data
as-packaged-vs-prepared-nutrition.html,new resource,Understand added ingredients in prepared-food nutrition columns.,A prepared cereal example and alternate milk calculation expose double counting and mismatched recipe assumptions.,1,Illustrative arithmetic distinguished from real product data
nutrition-label-rounding.html,new resource,Explain small discrepancies in scaled or combined label numbers.,An interval-style illustrative rounding example and practical review sequence avoid treating decimals as verified precision.,2,Illustrative arithmetic distinguished from real product data
edible-portion-vs-purchased-weight.html,new resource,Recognize edible portion versus purchase weight for nutrition and package-cost comparisons.,Original food-yield and cost arithmetic with explicit separation from nutrient-retention calculations.,1,Illustrative arithmetic distinguished from real product data
unequal-recipe-portions.html,new resource,Calculate nutrition for unequal portions of a known recipe.,A five-container example sums back to batch totals and distinguishes homogeneous dishes from uneven component distribution.,1,Illustrative arithmetic distinguished from real product data
calculate-macros-mixed-bowl.html,new resource,Calculate a single mixed meal from known ingredient labels.,Four-component original arithmetic table including weight and volume denominators and a missing-value rule.,1,Illustrative arithmetic distinguished from real product data
protein-powder-scoop-weight.html,new resource,Calculate nutrition for partial or differently filled powder scoops.,A partial-scoop table distinguishes powder mass from protein mass and separates shake additions.,1,Illustrative arithmetic distinguished from real product data
protein-cost-food-waste.html,new resource,Adjust a package protein-cost comparison for unused food.,Original break-even calculation and a retention table extend the existing tool without duplicating its basic explanation.,1,Illustrative arithmetic distinguished from real product data
use-calorie-target-meal-finder.html,new resource,Bridge daily macro-calculator output to a practical restaurant search.,"Daily versus meal constraint examples, a manual safe handoff, and clear separation of sorting preferences from hard limits.",1,Illustrative arithmetic distinguished from real product data
compare-complete-restaurant-orders.html,new resource,Recognize serving and inclusion mismatches in meal comparisons.,An original ranking reversal and comparable-order worksheet go beyond generic eatingout advice.,1,Illustrative arithmetic distinguished from real product data
missing-restaurant-nutrition.html,new resource,Interpret incomplete restaurant meal records and comparisons.,A known-versus-partial-versus-unknown decision table and an additive unknown-field example guide concrete action.,1,Illustrative arithmetic distinguished from real product data
breakfast-drinks-and-add-ons.html,new resource,Understand how breakfast drinks and extras change an order comparison.,"Two hypothetical complete breakfasts with different protein/calorie tradeoffs, plus a concrete menu-source checklist.",1,Illustrative arithmetic distinguished from real product data
protein-density-fast-food.html,new resource,Compare protein efficiency while retaining actual order sizes.,"Reproducible density ranking beside total protein, serving definitions and sodium; explains the small-portion trap.",7,See explicit source edition and access notes; no claim of universal menu freshness.
high-protein-fast-food-under-500-calories.html,new resource,Find an order meeting two explicit nutrition limits.,"Finite source-audited dual-threshold shortlist separating protein portions, breakfast and assembled meals.",8,See explicit source edition and access notes; no claim of universal menu freshness.
fast-food-meals-500-to-700-calories.html,new resource,Compare substantial main-order formats within a chosen calorie band.,Inclusive calorie-band comparison with minimum protein and format-specific composition notes.,7,See explicit source edition and access notes; no claim of universal menu freshness.
fast-food-breakfast-protein-comparison.html,new resource,Choose between named breakfast foods without invented prices or extra-drink assumptions.,Four sourced breakfast foods with total protein and density plus a concrete egg-bites versus sandwich calculation.,4,See explicit source edition and access notes; no claim of universal menu freshness.
fast-food-protein-and-sodium.html,new resource,"Compare sodium among protein-containing orders, rather than rank on protein alone.",Paired-constraint analysis with a protein-only portion contrast and an assembled-order contrast.,13,See explicit source edition and access notes; no claim of universal menu freshness.
fast-food-fiber-and-protein.html,new resource,Find an order that meets two nutrients rather than maximize one.,Dual-nutrient collection with ingredient calculations explaining beans and the limits of cross-chain swaps.,7,See explicit source edition and access notes; no claim of universal menu freshness.
vegetarian-fast-food-protein-comparison.html,new resource,Understand protein differences among existing vegetarian ingredient classifications.,Explicit candidate-order list distinguishes egg/dairy foods from plant-based builds without allergy-safety claims.,6,See explicit source edition and access notes; no claim of universal menu freshness.
grilled-and-blackened-chicken-comparison.html,new resource,Choose a stand-alone protein portion using total amount and density.,"Count versus ounce portions and directly derived per-calorie efficiency, with incomplete sodium explicitly retained.",4,See explicit source edition and access notes; no claim of universal menu freshness.
panda-express-chicken-entree-comparison.html,new resource,Choose among three specific chicken preparations while holding the side constant in worked calculations.,Official entree portion table plus equal-base arithmetic; separates portion totals from recipe claims.,1,See explicit source edition and access notes; no claim of universal menu freshness.
restaurant-bowl-nutrition-comparison.html,new resource,Compare named grain and vegetable bowl builds across three supported chains.,Source-audited cross-chain bowl range with explicit complete-build boundaries; no interchangeable base assumptions.,4,See explicit source edition and access notes; no claim of universal menu freshness.
fast-food-under-1000mg-sodium.html,new resource,Find source-inspected candidates below an explicit order-level sodium ceiling.,Strict sodium cutoff with sides/main-item separation and a zero-sodium rice counterexample.,10,See explicit source edition and access notes; no claim of universal menu freshness.
chick-fil-a-vs-popeyes-chicken.html,new resource,Compare two chains’ distinct chicken-only portions and an explicit side decision.,Specific cross-chain count comparison with total sodium/protein tradeoff and one supported complete-order example.,2,See explicit source edition and access notes; no claim of universal menu freshness.
chipotle-vs-cava-chicken-bowls.html,new resource,Compare actual tracked chicken orders rather than declare a universally healthier chain.,Cross-chain complete-build comparison with precise Chipotle component inventory and CAVA source-edition limit.,2,See explicit source edition and access notes; no claim of universal menu freshness.
sweetgreen-vs-panera-chicken-salads.html,new resource,Choose between two fully named salads with dressing included and no half-versus-whole mismatch.,Whole-order cross-chain table with quantified protein/sodium/fiber differences and truthful dressing boundaries.,2,See explicit source edition and access notes; no claim of universal menu freshness.
panda-express-base-nutrition-comparison.html,new resource,Resolve base-versus-entree Super Greens portion confusion and compare full bases.,Five official serving rows plus reproducible full-base differences; explicitly avoids half-side substitution.,1,See explicit source edition and access notes; no claim of universal menu freshness.
chipotle-rice-beans-nutrition.html,new resource,Understand rice-versus-bean and white-versus-brown numerical differences within one chain.,"Equal official 4 oz portion comparison plus two complete component sums, without nutrition equivalence claims.",1,See explicit source edition and access notes; no claim of universal menu freshness.
chipotle-toppings-nutrition.html,new resource,Compare real topping portions and their additive effects without calling ingredients bad or zero-calorie.,Different serving-unit reference plus two explicit additions; distinguishes tablespoon guesses from published portions.,1,See explicit source edition and access notes; no claim of universal menu freshness.
fast-food-nutrition-data-report.html,new resource,Cite and understand the original project dataset scope and release-level inspection coverage.,"Reproducible coverage counts and descriptive medians, audited ingredient/calculated provenance and source access boundaries.",17,See explicit source edition and access notes; no claim of universal menu freshness.
