route,title,primary user intent,unique value,next action,evidence
/,Find a fast-food meal that fits your macros | GetMacros,Fast food.Your macros.,Existing distinct content and relevant product navigation,"Refine, save, share or compare matching orders","Qualitative live-query/source observations where recorded in seo-research.md; other intents derived from actual page purpose, not keyword-volume research"
/404.html,Page Not Found,Let’s find your next meal instead.,Existing distinct content and relevant product navigation,Find and compare meals,"Qualitative live-query/source observations where recorded in seo-research.md; other intents derived from actual page purpose, not keyword-volume research"
/about.html,"About GetMacros | Nutrition Tools, Data & Editorial Standards",About GetMacros,Existing distinct content and relevant product navigation,Find and compare meals,"Qualitative live-query/source observations where recorded in seo-research.md; other intents derived from actual page purpose, not keyword-volume research"
/accessibility.html,Accessibility at GetMacros,Accessibility at GetMacros,Existing distinct content and relevant product navigation,Find and compare meals,"Qualitative live-query/source observations where recorded in seo-research.md; other intents derived from actual page purpose, not keyword-volume research"
/are-diet-drinks-bad-for-you.html,Are Diet Drinks Bad for You? | GetMacros,Are diet drinks bad for you?,Existing distinct content and relevant product navigation,Find and compare meals,"Qualitative live-query/source observations where recorded in seo-research.md; other intents derived from actual page purpose, not keyword-volume research"
/articles.html,"Nutrition basics: Calories, Macros & Healthy Eating | GetMacros",Nutrition basics,Existing distinct content and relevant product navigation,Find and compare meals,"Qualitative live-query/source observations where recorded in seo-research.md; other intents derived from actual page purpose, not keyword-volume research"
/as-packaged-vs-prepared-nutrition.html,As packaged vs as prepared: which nutrition column do I use? | GetMacros,Understand added ingredients in prepared-food nutrition columns.,A prepared cereal example and alternate milk calculation expose double counting and mismatched recipe assumptions.,Find and compare meals,"Qualitative live-query/source observations where recorded in seo-research.md; other intents derived from actual page purpose, not keyword-volume research"
/best-fast-food-restaurants-for-your-goals.html,Healthy fast food: which restaurant fits your goal? | GetMacros,Healthy fast food: which restaurant fits your goal?,Existing distinct content and relevant product navigation,Find and compare meals,"Qualitative live-query/source observations where recorded in seo-research.md; other intents derived from actual page purpose, not keyword-volume research"
/blog.html,GetMacros Journal | Eating Out and Nutrition Guides,Food forthought.,Existing distinct content and relevant product navigation,Find and compare meals,"Qualitative live-query/source observations where recorded in seo-research.md; other intents derived from actual page purpose, not keyword-volume research"
/body-recomposition-explained.html,Body Recomposition: How to Track Progress | GetMacros,Body recomposition: how to track progress,Existing distinct content and relevant product navigation,Find and compare meals,"Qualitative live-query/source observations where recorded in seo-research.md; other intents derived from actual page purpose, not keyword-volume research"
/breakfast-drinks-and-add-ons.html,"Breakfast calories: count the drink, spread and side | GetMacros",Understand how breakfast drinks and extras change an order comparison.,"Two hypothetical complete breakfasts with different protein/calorie tradeoffs, plus a concrete menu-source checklist.",Find and compare meals,"Qualitative live-query/source observations where recorded in seo-research.md; other intents derived from actual page purpose, not keyword-volume research"
/budget-meal-builder.html,"Simple meal ideas: Easy Breakfasts, Lunches & Dinners | GetMacros",Simple meal ideas,Working source-backed tool and supported output,Find and compare meals,"Qualitative live-query/source observations where recorded in seo-research.md; other intents derived from actual page purpose, not keyword-volume research"
/calculate-macros-mixed-bowl.html,Calculate a bowl’s macros from separate food labels | GetMacros,Calculate a single mixed meal from known ingredient labels.,Four-component original arithmetic table including weight and volume denominators and a missing-value rule.,Find and compare meals,"Qualitative live-query/source observations where recorded in seo-research.md; other intents derived from actual page purpose, not keyword-volume research"
/calculators.html,"Free Macro Calculator: Calories, Protein, Carbs & Fat | GetMacros",Free macro calculator,Working source-backed tool and supported output,Find and compare meals,"Qualitative live-query/source observations where recorded in seo-research.md; other intents derived from actual page purpose, not keyword-volume research"
/calories-in-multi-serving-packages.html,How many calories are in the whole package? | GetMacros,Calculate a whole or partial package from per-serving nutrition.,"Two-layer packet example, partial-weight calculation, and a double-counting prevention check.",Find and compare meals,"Qualitative live-query/source observations where recorded in seo-research.md; other intents derived from actual page purpose, not keyword-volume research"
/calories-on-rest-days.html,Should You Eat the Same Calories on Rest Days? | GetMacros,Should you eat the same calories on rest days?,Existing distinct content and relevant product navigation,Find and compare meals,"Qualitative live-query/source observations where recorded in seo-research.md; other intents derived from actual page purpose, not keyword-volume research"
/calories-vs-macros-what-matters-more.html,Calories vs. Macros: What Matters More? | GetMacros,Calories vs. macros: what matters more?,Existing distinct content and relevant product navigation,Find and compare meals,"Qualitative live-query/source observations where recorded in seo-research.md; other intents derived from actual page purpose, not keyword-volume research"
/can-you-build-muscle-in-a-calorie-deficit.html,Can You Build Muscle in a Calorie Deficit? | GetMacros,Can you build muscle in a calorie deficit?,Existing distinct content and relevant product navigation,Find and compare meals,"Qualitative live-query/source observations where recorded in seo-research.md; other intents derived from actual page purpose, not keyword-volume research"
/carbohydrate-label-portion-tool.html,Carb calculator | GetMacros,Carb calculator,Working source-backed tool and supported output,Find and compare meals,"Qualitative live-query/source observations where recorded in seo-research.md; other intents derived from actual page purpose, not keyword-volume research"
/carbs.html,What do carbs do in your body? | GetMacros,What do carbs do in your body?,Existing distinct content and relevant product navigation,Find and compare meals,"Qualitative live-query/source observations where recorded in seo-research.md; other intents derived from actual page purpose, not keyword-volume research"
/cava-healthy-meals-macros.html,"Healthy CAVA Orders: Bowls, Calories & Protein | GetMacros",Healthy CAVA meals,"Tracked portions, numerical comparisons and restaurant-specific caveats",Find and compare meals,"Qualitative live-query/source observations where recorded in seo-research.md; other intents derived from actual page purpose, not keyword-volume research"
/chick-fil-a-healthy-meals-macros.html,Healthy Chick-fil-A Orders: Calories & Protein | GetMacros,Healthy Chick-fil-A meals,"Tracked portions, numerical comparisons and restaurant-specific caveats",Find and compare meals,"Qualitative live-query/source observations where recorded in seo-research.md; other intents derived from actual page purpose, not keyword-volume research"
/chick-fil-a-vs-popeyes-chicken.html,Chick-fil-A grilled nuggets vs Popeyes blackened tenders | GetMacros,Compare two chains’ distinct chicken-only portions and an explicit side decision.,Specific cross-chain count comparison with total sodium/protein tradeoff and one supported complete-order example.,Find and compare meals,"Qualitative live-query/source observations where recorded in seo-research.md; other intents derived from actual page purpose, not keyword-volume research"
/chipotle-healthy-meals-macros.html,"Healthy Chipotle Orders: Bowls, Calories & Protein | GetMacros",Healthy Chipotle meals,"Tracked portions, numerical comparisons and restaurant-specific caveats",Find and compare meals,"Qualitative live-query/source observations where recorded in seo-research.md; other intents derived from actual page purpose, not keyword-volume research"
/chipotle-rice-beans-nutrition.html,Chipotle rice and beans: compare exact portions and combined totals | GetMacros,Understand rice-versus-bean and white-versus-brown numerical differences within one chain.,"Equal official 4 oz portion comparison plus two complete component sums, without nutrition equivalence claims.",Find and compare meals,"Qualitative live-query/source observations where recorded in seo-research.md; other intents derived from actual page purpose, not keyword-volume research"
/chipotle-toppings-nutrition.html,Chipotle topping nutrition: compare serving sizes and added totals | GetMacros,Compare real topping portions and their additive effects without calling ingredients bad or zero-calorie.,Different serving-unit reference plus two explicit additions; distinguishes tablespoon guesses from published portions.,Find and compare meals,"Qualitative live-query/source observations where recorded in seo-research.md; other intents derived from actual page purpose, not keyword-volume research"
/chipotle-vs-cava-chicken-bowls.html,Chipotle vs CAVA chicken bowls: compare defined orders | GetMacros,Compare actual tracked chicken orders rather than declare a universally healthier chain.,Cross-chain complete-build comparison with precise Chipotle component inventory and CAVA source-edition limit.,Find and compare meals,"Qualitative live-query/source observations where recorded in seo-research.md; other intents derived from actual page purpose, not keyword-volume research"
/compare-complete-restaurant-orders.html,"Compare complete restaurant orders, not mismatched portions | GetMacros",Recognize serving and inclusion mismatches in meal comparisons.,An original ranking reversal and comparable-order worksheet go beyond generic eatingout advice.,Find and compare meals,"Qualitative live-query/source observations where recorded in seo-research.md; other intents derived from actual page purpose, not keyword-volume research"
/contact.html,Contact GetMacros,Contact GetMacros,Existing distinct content and relevant product navigation,Find and compare meals,"Qualitative live-query/source observations where recorded in seo-research.md; other intents derived from actual page purpose, not keyword-volume research"
/corrections.html,Corrections and updates | GetMacros,Corrections and updates,Existing distinct content and relevant product navigation,Find and compare meals,"Qualitative live-query/source observations where recorded in seo-research.md; other intents derived from actual page purpose, not keyword-volume research"
/cutting-bulking-maintenance-explained.html,"Cutting, bulking or maintenance: what do they mean? | GetMacros","Cutting, bulking or maintenance: what do they mean?",Existing distinct content and relevant product navigation,Find and compare meals,"Qualitative live-query/source observations where recorded in seo-research.md; other intents derived from actual page purpose, not keyword-volume research"
/does-creatine-cause-hair-loss.html,Does Creatine Cause Hair Loss? | GetMacros,Does creatine cause hair loss?,Existing distinct content and relevant product navigation,Find and compare meals,"Qualitative live-query/source observations where recorded in seo-research.md; other intents derived from actual page purpose, not keyword-volume research"
/drained-weight-nutrition-label.html,Drained weight and nutrition labels: which weight counts? | GetMacros,Use a canned-food label correctly when the packing liquid is discarded.,Decision checklist distinguishes package weight from label basis; shows supported scaling and an explicitly unknowable case.,Find and compare meals,"Qualitative live-query/source observations where recorded in seo-research.md; other intents derived from actual page purpose, not keyword-volume research"
/dunkin-healthy-breakfast-macros.html,Healthy Dunkin' Breakfast: Calories & Protein | GetMacros,Healthy Dunkin’ meals,"Tracked portions, numerical comparisons and restaurant-specific caveats",Find and compare meals,"Qualitative live-query/source observations where recorded in seo-research.md; other intents derived from actual page purpose, not keyword-volume research"
/edible-portion-vs-purchased-weight.html,Edible portion vs purchased weight: avoid counting bones and peel | GetMacros,Recognize edible portion versus purchase weight for nutrition and package-cost comparisons.,Original food-yield and cost arithmetic with explicit separation from nutrient-retention calculations.,Find and compare meals,"Qualitative live-query/source observations where recorded in seo-research.md; other intents derived from actual page purpose, not keyword-volume research"
/editorial-policy.html,Editorial policy | GetMacros,Editorial policy,Existing distinct content and relevant product navigation,Find and compare meals,"Qualitative live-query/source observations where recorded in seo-research.md; other intents derived from actual page purpose, not keyword-volume research"
/fast-food-breakfast-protein-comparison.html,Fast-food breakfast protein: four exact food portions compared | GetMacros,Choose between named breakfast foods without invented prices or extra-drink assumptions.,Four sourced breakfast foods with total protein and density plus a concrete egg-bites versus sandwich calculation.,Find and compare meals,"Qualitative live-query/source observations where recorded in seo-research.md; other intents derived from actual page purpose, not keyword-volume research"
/fast-food-fiber-and-protein.html,"Fast-food fiber and protein: compare beans, bowls and wraps | GetMacros",Find an order that meets two nutrients rather than maximize one.,Dual-nutrient collection with ingredient calculations explaining beans and the limits of cross-chain swaps.,Find and compare meals,"Qualitative live-query/source observations where recorded in seo-research.md; other intents derived from actual page purpose, not keyword-volume research"
/fast-food-meals-500-to-700-calories.html,Fast-food orders from 500 to 700 calories: compare what is included | GetMacros,Compare substantial main-order formats within a chosen calorie band.,Inclusive calorie-band comparison with minimum protein and format-specific composition notes.,Find and compare meals,"Qualitative live-query/source observations where recorded in seo-research.md; other intents derived from actual page purpose, not keyword-volume research"
/fast-food-nutrition-data-report.html,"GetMacros nutrition data snapshot: coverage, calculations and source limits | GetMacros",Cite and understand the original project dataset scope and release-level inspection coverage.,"Reproducible coverage counts and descriptive medians, audited ingredient/calculated provenance and source access boundaries.",Find and compare meals,"Qualitative live-query/source observations where recorded in seo-research.md; other intents derived from actual page purpose, not keyword-volume research"
/fast-food-protein-and-sodium.html,High-protein fast food and sodium: compare both numbers | GetMacros,"Compare sodium among protein-containing orders, rather than rank on protein alone.",Paired-constraint analysis with a protein-only portion contrast and an assembled-order contrast.,Find and compare meals,"Qualitative live-query/source observations where recorded in seo-research.md; other intents derived from actual page purpose, not keyword-volume research"
/fast-food-under-1000mg-sodium.html,"Fast-food portions under 1,000 mg sodium: a sourced shortlist | GetMacros",Find source-inspected candidates below an explicit order-level sodium ceiling.,Strict sodium cutoff with sides/main-item separation and a zero-sodium rice counterexample.,Find and compare meals,"Qualitative live-query/source observations where recorded in seo-research.md; other intents derived from actual page purpose, not keyword-volume research"
/fats.html,What does fat do in your body? | GetMacros,What does fat do in your body?,Existing distinct content and relevant product navigation,Find and compare meals,"Qualitative live-query/source observations where recorded in seo-research.md; other intents derived from actual page purpose, not keyword-volume research"
/grams-vs-milliliters-nutrition-labels.html,Grams vs milliliters on food labels: compare the same amount | GetMacros,Compare foods whose serving sizes use different units.,A decision table and original same-product conversion example distinguish valid portion scaling from unsupported density conversions.,Find and compare meals,"Qualitative live-query/source observations where recorded in seo-research.md; other intents derived from actual page purpose, not keyword-volume research"
/grilled-and-blackened-chicken-comparison.html,Grilled and blackened fast-food chicken: compare protein portions | GetMacros,Choose a stand-alone protein portion using total amount and density.,"Count versus ounce portions and directly derived per-calorie efficiency, with incomplete sodium explicitly retained.",Find and compare meals,"Qualitative live-query/source observations where recorded in seo-research.md; other intents derived from actual page purpose, not keyword-volume research"
/healthy-fast-food.html,Healthy Fast Food Options: Calories & Protein | GetMacros,Healthy fast food,Existing distinct content and relevant product navigation,Find and compare meals,"Qualitative live-query/source observations where recorded in seo-research.md; other intents derived from actual page purpose, not keyword-volume research"
/high-protein-fast-food-under-500-calories.html,High-protein fast food under 500 calories: exact orders and portions | GetMacros,Find an order meeting two explicit nutrition limits.,"Finite source-audited dual-threshold shortlist separating protein portions, breakfast and assembled meals.",Find and compare meals,"Qualitative live-query/source observations where recorded in seo-research.md; other intents derived from actual page purpose, not keyword-volume research"
/high-protein-foods-list.html,25 High-Protein Foods: Compare Servings & Calories | GetMacros,Find high-protein foods,Existing distinct content and relevant product navigation,Find and compare meals,"Qualitative live-query/source observations where recorded in seo-research.md; other intents derived from actual page purpose, not keyword-volume research"
/how-many-calories-should-i-eat-a-day.html,How many calories should I eat a day? | GetMacros,How many calories should I eat a day?,Existing distinct content and relevant product navigation,Find and compare meals,"Qualitative live-query/source observations where recorded in seo-research.md; other intents derived from actual page purpose, not keyword-volume research"
/how-much-fiber-per-day.html,How much fiber do you need per day? | GetMacros,How much fiber do you need per day?,Existing distinct content and relevant product navigation,Find and compare meals,"Qualitative live-query/source observations where recorded in seo-research.md; other intents derived from actual page purpose, not keyword-volume research"
/how-much-protein-can-your-body-absorb.html,How Much Protein Can Your Body Absorb at Once? | GetMacros,How much protein can your body absorb at once?,Existing distinct content and relevant product navigation,Find and compare meals,"Qualitative live-query/source observations where recorded in seo-research.md; other intents derived from actual page purpose, not keyword-volume research"
/how-much-protein-per-day.html,How much protein do you need per day? | GetMacros,How much protein do you need per day?,Existing distinct content and relevant product navigation,Find and compare meals,"Qualitative live-query/source observations where recorded in seo-research.md; other intents derived from actual page purpose, not keyword-volume research"
/how-much-sodium-per-day.html,How much sodium should you have per day? | GetMacros,How much sodium should you have per day?,Existing distinct content and relevant product navigation,Find and compare meals,"Qualitative live-query/source observations where recorded in seo-research.md; other intents derived from actual page purpose, not keyword-volume research"
/how-to-build-a-balanced-meal-with-macros.html,How to Build a Balanced Meal With Macros | GetMacros,How to build a balanced meal with macros,Existing distinct content and relevant product navigation,Find and compare meals,"Qualitative live-query/source observations where recorded in seo-research.md; other intents derived from actual page purpose, not keyword-volume research"
/how-to-calculate-macros-by-hand.html,How to calculate your macros by hand | GetMacros,How to calculate your macros by hand,Existing distinct content and relevant product navigation,Find and compare meals,"Qualitative live-query/source observations where recorded in seo-research.md; other intents derived from actual page purpose, not keyword-volume research"
/how-to-calculate-maintenance-calories.html,How to Calculate Maintenance Calories | GetMacros,How to calculate maintenance calories,Existing distinct content and relevant product navigation,Find and compare meals,"Qualitative live-query/source observations where recorded in seo-research.md; other intents derived from actual page purpose, not keyword-volume research"
/how-to-calculate-recipe-nutrition.html,How to Calculate Calories and Macros in a Recipe,How to calculate nutrition for a homemade recipe,Existing distinct content and relevant product navigation,Find and compare meals,"Qualitative live-query/source observations where recorded in seo-research.md; other intents derived from actual page purpose, not keyword-volume research"
/how-to-eat-out-without-wrecking-your-goal.html,How to eat out while working toward your goals | GetMacros,How to eat out while working toward your goals,Existing distinct content and relevant product navigation,Find and compare meals,"Qualitative live-query/source observations where recorded in seo-research.md; other intents derived from actual page purpose, not keyword-volume research"
/how-to-hit-protein-goal-on-budget.html,How to Hit Your Protein Goal on a Budget | GetMacros,How to hit your protein goal on a budget,Existing distinct content and relevant product navigation,Find and compare meals,"Qualitative live-query/source observations where recorded in seo-research.md; other intents derived from actual page purpose, not keyword-volume research"
/how-to-read-a-nutrition-label.html,How to read a nutrition label | GetMacros,How to read a nutrition label,Existing distinct content and relevant product navigation,Find and compare meals,"Qualitative live-query/source observations where recorded in seo-research.md; other intents derived from actual page purpose, not keyword-volume research"
/index.html,Find a fast-food meal that fits your macros | GetMacros,Fast food.Your macros.,Existing distinct content and relevant product navigation,"Refine, save, share or compare matching orders","Qualitative live-query/source observations where recorded in seo-research.md; other intents derived from actual page purpose, not keyword-volume research"
/jersey-mikes-healthy-subs-macros.html,Healthy Jersey Mike's Subs: Calories & Protein | GetMacros,Healthy Jersey Mike’s meals,"Tracked portions, numerical comparisons and restaurant-specific caveats",Find and compare meals,"Qualitative live-query/source observations where recorded in seo-research.md; other intents derived from actual page purpose, not keyword-volume research"
/kfc-healthy-meals-macros.html,Healthy KFC Options: Calories & Protein | GetMacros,Healthy KFC meals,"Tracked portions, numerical comparisons and restaurant-specific caveats",Find and compare meals,"Qualitative live-query/source observations where recorded in seo-research.md; other intents derived from actual page purpose, not keyword-volume research"
/macros-for-muscle-gain.html,How to set your macros for muscle gain | GetMacros,How to set your macros for muscle gain,Existing distinct content and relevant product navigation,Find and compare meals,"Qualitative live-query/source observations where recorded in seo-research.md; other intents derived from actual page purpose, not keyword-volume research"
/macros-for-weight-loss.html,How to set your macros for weight loss | GetMacros,How to set your macros for weight loss,Existing distinct content and relevant product navigation,Find and compare meals,"Qualitative live-query/source observations where recorded in seo-research.md; other intents derived from actual page purpose, not keyword-volume research"
/mcdonalds-healthy-meals-macros.html,Healthy McDonald's Options: Calories & Protein | GetMacros,Healthy McDonald’s meals,"Tracked portions, numerical comparisons and restaurant-specific caveats",Find and compare meals,"Qualitative live-query/source observations where recorded in seo-research.md; other intents derived from actual page purpose, not keyword-volume research"
/missing-restaurant-nutrition.html,What does “not verified” mean on a restaurant meal? | GetMacros,Interpret incomplete restaurant meal records and comparisons.,A known-versus-partial-versus-unknown decision table and an additive unknown-field example guide concrete action.,Find and compare meals,"Qualitative live-query/source observations where recorded in seo-research.md; other intents derived from actual page purpose, not keyword-volume research"
/nutrition-label-comparison-tool.html,Nutrition Label Comparison Tool: Compare Two Foods | GetMacros,Compare two food labels,Working source-backed tool and supported output,Find and compare meals,"Qualitative live-query/source observations where recorded in seo-research.md; other intents derived from actual page purpose, not keyword-volume research"
/nutrition-label-rounding.html,Why nutrition label numbers do not always add up exactly | GetMacros,Explain small discrepancies in scaled or combined label numbers.,An interval-style illustrative rounding example and practical review sequence avoid treating decimals as verified precision.,Find and compare meals,"Qualitative live-query/source observations where recorded in seo-research.md; other intents derived from actual page purpose, not keyword-volume research"
/panda-express-base-nutrition-comparison.html,"Panda Express bases: rice, chow mein and Super Greens portions | GetMacros",Resolve base-versus-entree Super Greens portion confusion and compare full bases.,Five official serving rows plus reproducible full-base differences; explicitly avoids half-side substitution.,Find and compare meals,"Qualitative live-query/source observations where recorded in seo-research.md; other intents derived from actual page purpose, not keyword-volume research"
/panda-express-chicken-entree-comparison.html,"Panda Express chicken entrees: teriyaki, string bean and orange | GetMacros",Choose among three specific chicken preparations while holding the side constant in worked calculations.,Official entree portion table plus equal-base arithmetic; separates portion totals from recipe claims.,Find and compare meals,"Qualitative live-query/source observations where recorded in seo-research.md; other intents derived from actual page purpose, not keyword-volume research"
/panda-express-healthy-meals-macros.html,Healthy Panda Express Orders: Calories & Protein | GetMacros,Healthy Panda Express meals,"Tracked portions, numerical comparisons and restaurant-specific caveats",Find and compare meals,"Qualitative live-query/source observations where recorded in seo-research.md; other intents derived from actual page purpose, not keyword-volume research"
/panera-healthy-meals-macros.html,Healthy Panera Orders: Calories & Protein | GetMacros,Healthy Panera meals,"Tracked portions, numerical comparisons and restaurant-specific caveats",Find and compare meals,"Qualitative live-query/source observations where recorded in seo-research.md; other intents derived from actual page purpose, not keyword-volume research"
/popeyes-healthy-meals-macros.html,Healthy Popeyes Options: Calories & Protein | GetMacros,Healthy Popeyes meals,"Tracked portions, numerical comparisons and restaurant-specific caveats",Find and compare meals,"Qualitative live-query/source observations where recorded in seo-research.md; other intents derived from actual page purpose, not keyword-volume research"
/privacy.html,Privacy Policy,Privacy policy,Existing distinct content and relevant product navigation,Find and compare meals,"Qualitative live-query/source observations where recorded in seo-research.md; other intents derived from actual page purpose, not keyword-volume research"
/protein-cost-food-waste.html,Protein cost and food waste: when the bigger pack stops saving money | GetMacros,Adjust a package protein-cost comparison for unused food.,Original break-even calculation and a retention table extend the existing tool without duplicating its basic explanation.,Find and compare meals,"Qualitative live-query/source observations where recorded in seo-research.md; other intents derived from actual page purpose, not keyword-volume research"
/protein-density-fast-food.html,Fast-food protein per 100 calories: a portion-aware comparison | GetMacros,Compare protein efficiency while retaining actual order sizes.,"Reproducible density ranking beside total protein, serving definitions and sodium; explains the small-portion trap.",Find and compare meals,"Qualitative live-query/source observations where recorded in seo-research.md; other intents derived from actual page purpose, not keyword-volume research"
/protein-powder-scoop-weight.html,Protein powder scoop weight: calculate the amount you use | GetMacros,Calculate nutrition for partial or differently filled powder scoops.,A partial-scoop table distinguishes powder mass from protein mass and separates shake additions.,Find and compare meals,"Qualitative live-query/source observations where recorded in seo-research.md; other intents derived from actual page purpose, not keyword-volume research"
/protein-value-calculator.html,Protein cost per gram calculator | GetMacros,Protein cost per gram calculator,Working source-backed tool and supported output,Find and compare meals,"Qualitative live-query/source observations where recorded in seo-research.md; other intents derived from actual page purpose, not keyword-volume research"
/protein.html,What does protein do in your body? | GetMacros,What does protein do in your body?,Existing distinct content and relevant product navigation,Find and compare meals,"Qualitative live-query/source observations where recorded in seo-research.md; other intents derived from actual page purpose, not keyword-volume research"
/raw-vs-cooked-food-weight.html,Raw vs cooked weight: which nutrition entry should you use? | GetMacros,Resolve whether raw or cooked weights should be entered when recording nutrition.,"Two valid recording paths, batch-yield arithmetic, and a clear boundary between yield and nutrient retention.",Find and compare meals,"Qualitative live-query/source observations where recorded in seo-research.md; other intents derived from actual page purpose, not keyword-volume research"
/recipe-macro-scaler.html,Recipe Portion Calculator: Calories per Serving | GetMacros,Calories per recipe portion,Working source-backed tool and supported output,Find and compare meals,"Qualitative live-query/source observations where recorded in seo-research.md; other intents derived from actual page purpose, not keyword-volume research"
/restaurant-bowl-nutrition-comparison.html,Restaurant bowl nutrition: compare complete listed builds | GetMacros,Compare named grain and vegetable bowl builds across three supported chains.,Source-audited cross-chain bowl range with explicit complete-build boundaries; no interchangeable base assumptions.,Find and compare meals,"Qualitative live-query/source observations where recorded in seo-research.md; other intents derived from actual page purpose, not keyword-volume research"
/restaurant-meal-finder.html,Healthy Fast-Food Meal Finder: High-Protein & Low-Calorie Meals,Healthy fast-food meals,Existing distinct content and relevant product navigation,"Refine, save, share or compare matching orders","Qualitative live-query/source observations where recorded in seo-research.md; other intents derived from actual page purpose, not keyword-volume research"
/restaurant-meal-guides.html,Healthy Fast-Food Restaurant Guides | GetMacros,Restaurant meal guides,Existing distinct content and relevant product navigation,Find and compare meals,"Qualitative live-query/source observations where recorded in seo-research.md; other intents derived from actual page purpose, not keyword-volume research"
/search.html,"Search Healthy Fast Food, Macro Tools & Guides | GetMacros",What would you like help with?,Existing distinct content and relevant product navigation,Find and compare meals,"Qualitative live-query/source observations where recorded in seo-research.md; other intents derived from actual page purpose, not keyword-volume research"
/serving-size-vs-portion-size.html,Serving Size vs. Portion Size: What Is the Difference?,Serving size vs. portion size: what is the difference?,Existing distinct content and relevant product navigation,Find and compare meals,"Qualitative live-query/source observations where recorded in seo-research.md; other intents derived from actual page purpose, not keyword-volume research"
/sodium-label-comparison-tool.html,Sodium calculator | GetMacros,Sodium calculator,Working source-backed tool and supported output,Find and compare meals,"Qualitative live-query/source observations where recorded in seo-research.md; other intents derived from actual page purpose, not keyword-volume research"
/sources.html,Nutrition Sources & Calculator Methods | GetMacros,Nutrition sources and calculation methods,Existing distinct content and relevant product navigation,Find and compare meals,"Qualitative live-query/source observations where recorded in seo-research.md; other intents derived from actual page purpose, not keyword-volume research"
/starbucks-healthy-food-meals-macros.html,Healthy Starbucks Food: Calories & Protein | GetMacros,Healthy Starbucks meals,"Tracked portions, numerical comparisons and restaurant-specific caveats",Find and compare meals,"Qualitative live-query/source observations where recorded in seo-research.md; other intents derived from actual page purpose, not keyword-volume research"
/subway-healthy-meals-macros.html,Healthy Subway Orders: Calories & Protein | GetMacros,Healthy Subway meals,"Tracked portions, numerical comparisons and restaurant-specific caveats",Find and compare meals,"Qualitative live-query/source observations where recorded in seo-research.md; other intents derived from actual page purpose, not keyword-volume research"
/sweat-rate-calculator.html,Sweat rate calculator | GetMacros,Sweat rate calculator,Working source-backed tool and supported output,Find and compare meals,"Qualitative live-query/source observations where recorded in seo-research.md; other intents derived from actual page purpose, not keyword-volume research"
/sweetgreen-healthy-meals-macros.html,Healthy Sweetgreen Bowls: Calories & Protein | GetMacros,Healthy Sweetgreen meals,"Tracked portions, numerical comparisons and restaurant-specific caveats",Find and compare meals,"Qualitative live-query/source observations where recorded in seo-research.md; other intents derived from actual page purpose, not keyword-volume research"
/sweetgreen-vs-panera-chicken-salads.html,Sweetgreen vs Panera chicken salads: two whole orders compared | GetMacros,Choose between two fully named salads with dressing included and no half-versus-whole mismatch.,Whole-order cross-chain table with quantified protein/sodium/fiber differences and truthful dressing boundaries.,Find and compare meals,"Qualitative live-query/source observations where recorded in seo-research.md; other intents derived from actual page purpose, not keyword-volume research"
/taco-bell-healthy-meals-macros.html,"Healthy Taco Bell Orders: Bowls, Tacos & Calories | GetMacros",Healthy Taco Bell meals,"Tracked portions, numerical comparisons and restaurant-specific caveats",Find and compare meals,"Qualitative live-query/source observations where recorded in seo-research.md; other intents derived from actual page purpose, not keyword-volume research"
/terms.html,Terms of Use,Terms of use,Existing distinct content and relevant product navigation,Find and compare meals,"Qualitative live-query/source observations where recorded in seo-research.md; other intents derived from actual page purpose, not keyword-volume research"
/unequal-recipe-portions.html,How to calculate macros for unequal recipe portions | GetMacros,Calculate nutrition for unequal portions of a known recipe.,A five-container example sums back to batch totals and distinguishes homogeneous dishes from uneven component distribution.,Find and compare meals,"Qualitative live-query/source observations where recorded in seo-research.md; other intents derived from actual page purpose, not keyword-volume research"
/use-calorie-target-meal-finder.html,Use a daily calorie estimate to choose a restaurant meal | GetMacros,Bridge daily macro-calculator output to a practical restaurant search.,"Daily versus meal constraint examples, a manual safe handoff, and clear separation of sorting preferences from hard limits.",Find and compare meals,"Qualitative live-query/source observations where recorded in seo-research.md; other intents derived from actual page purpose, not keyword-volume research"
/vegetarian-fast-food-protein-comparison.html,Vegetarian fast-food protein: compare eight tracked orders | GetMacros,Understand protein differences among existing vegetarian ingredient classifications.,Explicit candidate-order list distinguishes egg/dairy foods from plant-based builds without allergy-safety claims.,Find and compare meals,"Qualitative live-query/source observations where recorded in seo-research.md; other intents derived from actual page purpose, not keyword-volume research"
/weight-goal-timeline-calculator.html,Weight goal timeline | GetMacros,Weight goal timeline,Working source-backed tool and supported output,Find and compare meals,"Qualitative live-query/source observations where recorded in seo-research.md; other intents derived from actual page purpose, not keyword-volume research"
/wendys-healthy-meals-macros.html,Healthy Wendy's Options: Calories & Protein | GetMacros,Healthy Wendy’s meals,"Tracked portions, numerical comparisons and restaurant-specific caveats",Find and compare meals,"Qualitative live-query/source observations where recorded in seo-research.md; other intents derived from actual page purpose, not keyword-volume research"
/what-are-macros.html,What are macros? | GetMacros,What are macros?,Existing distinct content and relevant product navigation,Find and compare meals,"Qualitative live-query/source observations where recorded in seo-research.md; other intents derived from actual page purpose, not keyword-volume research"
/what-is-a-calorie-deficit.html,What Is a Calorie Deficit? | GetMacros,What is a calorie deficit?,Existing distinct content and relevant product navigation,Find and compare meals,"Qualitative live-query/source observations where recorded in seo-research.md; other intents derived from actual page purpose, not keyword-volume research"
/what-to-eat-after-a-workout.html,What to Eat After a Workout | GetMacros,What to eat after a workout,Existing distinct content and relevant product navigation,Find and compare meals,"Qualitative live-query/source observations where recorded in seo-research.md; other intents derived from actual page purpose, not keyword-volume research"
/what-to-eat-before-a-workout.html,What to Eat Before a Workout | GetMacros,What to eat before a workout,Existing distinct content and relevant product navigation,Find and compare meals,"Qualitative live-query/source observations where recorded in seo-research.md; other intents derived from actual page purpose, not keyword-volume research"
/when-to-recalculate-calories-and-macros.html,When Should You Recalculate Calories and Macros? | GetMacros,When should you recalculate calories and macros?,Existing distinct content and relevant product navigation,Find and compare meals,"Qualitative live-query/source observations where recorded in seo-research.md; other intents derived from actual page purpose, not keyword-volume research"
/why-did-i-gain-weight-overnight.html,Why Did I Gain Weight Overnight? | GetMacros,Why did I gain weight overnight?,Existing distinct content and relevant product navigation,Find and compare meals,"Qualitative live-query/source observations where recorded in seo-research.md; other intents derived from actual page purpose, not keyword-volume research"
