route,template,required changes,content status,source status,visual checks,functional checks,verification performed,unresolved blockers
/,product homepage,"Shared Market system, readable controls, route-specific content/data integrity",Existing factual body retained; shared copy/duplicate audit,Existing citations/disclosures retained; no automatic review-date refresh,Scripted renders only; not individually human inspected,Guide/browse/filter/save/three-meal compare/share/print journeys tested,20 scripted render checks: Chromium/WebKit × light/dark × 320/390/768/1024/1440; static metadata/link/source gates,No known implementation blocker. Source/access limits documented; no full medical or screen-reader review.
/404.html,error,"Shared Market system, readable controls, route-specific content/data integrity",Existing factual body retained; shared copy/duplicate audit,Existing citations/disclosures retained; no automatic review-date refresh,1440px dark Top 1100 CSS pixels; 1440px light Top 1100 CSS pixels; 390px dark Top 1050 CSS pixels; 390px light Top 1050 CSS pixels,All local links/anchors and render runtime checked; shared menu/theme journeys tested,20 scripted render checks: Chromium/WebKit × light/dark × 320/390/768/1024/1440; static metadata/link/source gates,No known implementation blocker. Source/access limits documented; no full medical or screen-reader review.
/about.html,trust/legal/contact,"Shared Market system, readable controls, route-specific content/data integrity",Existing factual body retained; shared copy/duplicate audit,Existing citations/disclosures retained; no automatic review-date refresh,Scripted renders only; not individually human inspected,All local links/anchors and render runtime checked; shared menu/theme journeys tested,20 scripted render checks: Chromium/WebKit × light/dark × 320/390/768/1024/1440; static metadata/link/source gates,No known implementation blocker. Source/access limits documented; no full medical or screen-reader review.
/accessibility.html,trust/legal/contact,"Shared Market system, readable controls, route-specific content/data integrity",Existing factual body retained; shared copy/duplicate audit,Existing citations/disclosures retained; no automatic review-date refresh,Scripted renders only; not individually human inspected,All local links/anchors and render runtime checked; shared menu/theme journeys tested,20 scripted render checks: Chromium/WebKit × light/dark × 320/390/768/1024/1440; static metadata/link/source gates,No known implementation blocker. Source/access limits documented; no full medical or screen-reader review.
/are-diet-drinks-bad-for-you.html,retained editorial article,"Shared Market system, readable controls, route-specific content/data integrity",Targeted editorial/data improvement,Existing citations/disclosures retained; no automatic review-date refresh,Scripted renders only; not individually human inspected,All local links/anchors and render runtime checked; shared menu/theme journeys tested,20 scripted render checks: Chromium/WebKit × light/dark × 320/390/768/1024/1440; static metadata/link/source gates,No known implementation blocker. Source/access limits documented; no full medical or screen-reader review.
/articles.html,directory/editorial index,"Shared Market system, readable controls, route-specific content/data integrity",Existing factual body retained; shared copy/duplicate audit,Existing citations/disclosures retained; no automatic review-date refresh,1440px dark Top 1100 CSS pixels; 1440px light Top 1100 CSS pixels; 390px dark Top 1050 CSS pixels; 390px light Top 1050 CSS pixels,All local links/anchors and render runtime checked; shared menu/theme journeys tested,20 scripted render checks: Chromium/WebKit × light/dark × 320/390/768/1024/1440; static metadata/link/source gates,No known implementation blocker. Source/access limits documented; no full medical or screen-reader review.
/as-packaged-vs-prepared-nutrition.html,worked practical guide,"Shared Market system, readable controls, route-specific content/data integrity",New original resource with distinct recorded utility,Official source inspection or explicitly illustrative arithmetic; see content/source manifests,Scripted renders only; not individually human inspected,All local links/anchors and render runtime checked; shared menu/theme journeys tested,20 scripted render checks: Chromium/WebKit × light/dark × 320/390/768/1024/1440; static metadata/link/source gates,No known implementation blocker. Source/access limits documented; no full medical or screen-reader review.
/best-fast-food-restaurants-for-your-goals.html,retained editorial article,"Shared Market system, readable controls, route-specific content/data integrity",Targeted editorial/data improvement,Existing citations/disclosures retained; no automatic review-date refresh,Scripted renders only; not individually human inspected,All local links/anchors and render runtime checked; shared menu/theme journeys tested,20 scripted render checks: Chromium/WebKit × light/dark × 320/390/768/1024/1440; static metadata/link/source gates,No known implementation blocker. Source/access limits documented; no full medical or screen-reader review.
/blog.html,directory/editorial index,"Shared Market system, readable controls, route-specific content/data integrity",Existing factual body retained; shared copy/duplicate audit,Existing citations/disclosures retained; no automatic review-date refresh,Scripted renders only; not individually human inspected,All local links/anchors and render runtime checked; shared menu/theme journeys tested,20 scripted render checks: Chromium/WebKit × light/dark × 320/390/768/1024/1440; static metadata/link/source gates,No known implementation blocker. Source/access limits documented; no full medical or screen-reader review.
/body-recomposition-explained.html,retained editorial article,"Shared Market system, readable controls, route-specific content/data integrity",Existing factual body retained; shared copy/duplicate audit,Existing citations/disclosures retained; no automatic review-date refresh,Scripted renders only; not individually human inspected,All local links/anchors and render runtime checked; shared menu/theme journeys tested,20 scripted render checks: Chromium/WebKit × light/dark × 320/390/768/1024/1440; static metadata/link/source gates,No known implementation blocker. Source/access limits documented; no full medical or screen-reader review.
/breakfast-drinks-and-add-ons.html,worked practical guide,"Shared Market system, readable controls, route-specific content/data integrity",New original resource with distinct recorded utility,Official source inspection or explicitly illustrative arithmetic; see content/source manifests,Scripted renders only; not individually human inspected,All local links/anchors and render runtime checked; shared menu/theme journeys tested,20 scripted render checks: Chromium/WebKit × light/dark × 320/390/768/1024/1440; static metadata/link/source gates,No known implementation blocker. Source/access limits documented; no full medical or screen-reader review.
/budget-meal-builder.html,calculator/food tool,"Shared Market system, readable controls, route-specific content/data integrity",Existing factual body retained; shared copy/duplicate audit,Existing citations/disclosures retained; no automatic review-date refresh,Scripted renders only; not individually human inspected,"Six meal ideas, category/ingredient selections, expanded details and no-JS content tested",20 scripted render checks: Chromium/WebKit × light/dark × 320/390/768/1024/1440; static metadata/link/source gates,No known implementation blocker. Source/access limits documented; no full medical or screen-reader review.
/calculate-macros-mixed-bowl.html,worked practical guide,"Shared Market system, readable controls, route-specific content/data integrity",New original resource with distinct recorded utility,Official source inspection or explicitly illustrative arithmetic; see content/source manifests,Scripted renders only; not individually human inspected,All local links/anchors and render runtime checked; shared menu/theme journeys tested,20 scripted render checks: Chromium/WebKit × light/dark × 320/390/768/1024/1440; static metadata/link/source gates,No known implementation blocker. Source/access limits documented; no full medical or screen-reader review.
/calculators.html,calculator/food tool,"Shared Market system, readable controls, route-specific content/data integrity",Existing factual body retained; shared copy/duplicate audit,Existing citations/disclosures retained; no automatic review-date refresh,"1440px dark Top 1100 CSS pixels; 1440px light Full page; three-column inputs, unit controls, aligned action rows and supporting library; 1440px light Top 1100 CSS pixels; 390px dark Top 1050 CSS pixels; 390px light Top 1050 CSS pixels",Examples and recalculation tested; invalid-input recovery where supported; unit changes where available,20 scripted render checks: Chromium/WebKit × light/dark × 320/390/768/1024/1440; static metadata/link/source gates,No known implementation blocker. Source/access limits documented; no full medical or screen-reader review.
/calories-in-multi-serving-packages.html,worked practical guide,"Shared Market system, readable controls, route-specific content/data integrity",New original resource with distinct recorded utility,Official source inspection or explicitly illustrative arithmetic; see content/source manifests,Scripted renders only; not individually human inspected,All local links/anchors and render runtime checked; shared menu/theme journeys tested,20 scripted render checks: Chromium/WebKit × light/dark × 320/390/768/1024/1440; static metadata/link/source gates,No known implementation blocker. Source/access limits documented; no full medical or screen-reader review.
/calories-on-rest-days.html,retained editorial article,"Shared Market system, readable controls, route-specific content/data integrity",Existing factual body retained; shared copy/duplicate audit,Existing citations/disclosures retained; no automatic review-date refresh,Scripted renders only; not individually human inspected,All local links/anchors and render runtime checked; shared menu/theme journeys tested,20 scripted render checks: Chromium/WebKit × light/dark × 320/390/768/1024/1440; static metadata/link/source gates,No known implementation blocker. Source/access limits documented; no full medical or screen-reader review.
/calories-vs-macros-what-matters-more.html,retained editorial article,"Shared Market system, readable controls, route-specific content/data integrity",Targeted editorial/data improvement,Existing citations/disclosures retained; no automatic review-date refresh,Scripted renders only; not individually human inspected,All local links/anchors and render runtime checked; shared menu/theme journeys tested,20 scripted render checks: Chromium/WebKit × light/dark × 320/390/768/1024/1440; static metadata/link/source gates,No known implementation blocker. Source/access limits documented; no full medical or screen-reader review.
/can-you-build-muscle-in-a-calorie-deficit.html,retained editorial article,"Shared Market system, readable controls, route-specific content/data integrity",Existing factual body retained; shared copy/duplicate audit,Existing citations/disclosures retained; no automatic review-date refresh,Scripted renders only; not individually human inspected,All local links/anchors and render runtime checked; shared menu/theme journeys tested,20 scripted render checks: Chromium/WebKit × light/dark × 320/390/768/1024/1440; static metadata/link/source gates,No known implementation blocker. Source/access limits documented; no full medical or screen-reader review.
/carbohydrate-label-portion-tool.html,calculator/food tool,"Shared Market system, readable controls, route-specific content/data integrity",Existing factual body retained; shared copy/duplicate audit,Existing citations/disclosures retained; no automatic review-date refresh,Scripted renders only; not individually human inspected,Examples and recalculation tested; invalid-input recovery where supported; unit changes where available,20 scripted render checks: Chromium/WebKit × light/dark × 320/390/768/1024/1440; static metadata/link/source gates,No known implementation blocker. Source/access limits documented; no full medical or screen-reader review.
/carbs.html,retained editorial article,"Shared Market system, readable controls, route-specific content/data integrity",Existing factual body retained; shared copy/duplicate audit,Existing citations/disclosures retained; no automatic review-date refresh,Scripted renders only; not individually human inspected,All local links/anchors and render runtime checked; shared menu/theme journeys tested,20 scripted render checks: Chromium/WebKit × light/dark × 320/390/768/1024/1440; static metadata/link/source gates,No known implementation blocker. Source/access limits documented; no full medical or screen-reader review.
/cava-healthy-meals-macros.html,restaurant guide,"Shared Market system, readable controls, route-specific content/data integrity","Restaurant portions, tables and decision copy synchronized","Per-record dates and limits; eight chains partly refreshed, others retained",Scripted renders only; not individually human inspected,All local links/anchors and render runtime checked; shared menu/theme journeys tested,20 scripted render checks: Chromium/WebKit × light/dark × 320/390/768/1024/1440; static metadata/link/source gates,No known implementation blocker. Source/access limits documented; no full medical or screen-reader review.
/chick-fil-a-healthy-meals-macros.html,restaurant guide,"Shared Market system, readable controls, route-specific content/data integrity","Restaurant portions, tables and decision copy synchronized","Per-record dates and limits; eight chains partly refreshed, others retained",Scripted renders only; not individually human inspected,All local links/anchors and render runtime checked; shared menu/theme journeys tested,20 scripted render checks: Chromium/WebKit × light/dark × 320/390/768/1024/1440; static metadata/link/source gates,No known implementation blocker. Source/access limits documented; no full medical or screen-reader review.
/chick-fil-a-vs-popeyes-chicken.html,data resource,"Shared Market system, readable controls, route-specific content/data integrity",New original resource with distinct recorded utility,Official source inspection or explicitly illustrative arithmetic; see content/source manifests,Scripted renders only; not individually human inspected,All local links/anchors and render runtime checked; shared menu/theme journeys tested,20 scripted render checks: Chromium/WebKit × light/dark × 320/390/768/1024/1440; static metadata/link/source gates,No known implementation blocker. Source/access limits documented; no full medical or screen-reader review.
/chipotle-healthy-meals-macros.html,restaurant guide,"Shared Market system, readable controls, route-specific content/data integrity","Restaurant portions, tables and decision copy synchronized","Per-record dates and limits; eight chains partly refreshed, others retained",1440px dark 1050–2250 CSS pixels; 1440px dark Top 1100 CSS pixels; 1440px light 1050–2250 CSS pixels; 1440px light Top 1100 CSS pixels; 390px dark Top 1000 CSS pixels; 390px light Top 1000 CSS pixels,All local links/anchors and render runtime checked; shared menu/theme journeys tested,20 scripted render checks: Chromium/WebKit × light/dark × 320/390/768/1024/1440; static metadata/link/source gates,No known implementation blocker. Source/access limits documented; no full medical or screen-reader review.
/chipotle-rice-beans-nutrition.html,data resource,"Shared Market system, readable controls, route-specific content/data integrity",New original resource with distinct recorded utility,Official source inspection or explicitly illustrative arithmetic; see content/source manifests,Scripted renders only; not individually human inspected,All local links/anchors and render runtime checked; shared menu/theme journeys tested,20 scripted render checks: Chromium/WebKit × light/dark × 320/390/768/1024/1440; static metadata/link/source gates,No known implementation blocker. Source/access limits documented; no full medical or screen-reader review.
/chipotle-toppings-nutrition.html,data resource,"Shared Market system, readable controls, route-specific content/data integrity",New original resource with distinct recorded utility,Official source inspection or explicitly illustrative arithmetic; see content/source manifests,Scripted renders only; not individually human inspected,All local links/anchors and render runtime checked; shared menu/theme journeys tested,20 scripted render checks: Chromium/WebKit × light/dark × 320/390/768/1024/1440; static metadata/link/source gates,No known implementation blocker. Source/access limits documented; no full medical or screen-reader review.
/chipotle-vs-cava-chicken-bowls.html,data resource,"Shared Market system, readable controls, route-specific content/data integrity",New original resource with distinct recorded utility,Official source inspection or explicitly illustrative arithmetic; see content/source manifests,Scripted renders only; not individually human inspected,All local links/anchors and render runtime checked; shared menu/theme journeys tested,20 scripted render checks: Chromium/WebKit × light/dark × 320/390/768/1024/1440; static metadata/link/source gates,No known implementation blocker. Source/access limits documented; no full medical or screen-reader review. CAVA freshness unresolved; Starbucks indexed-source access limitation.
/compare-complete-restaurant-orders.html,worked practical guide,"Shared Market system, readable controls, route-specific content/data integrity",New original resource with distinct recorded utility,Official source inspection or explicitly illustrative arithmetic; see content/source manifests,Scripted renders only; not individually human inspected,All local links/anchors and render runtime checked; shared menu/theme journeys tested,20 scripted render checks: Chromium/WebKit × light/dark × 320/390/768/1024/1440; static metadata/link/source gates,No known implementation blocker. Source/access limits documented; no full medical or screen-reader review.
/contact.html,trust/legal/contact,"Shared Market system, readable controls, route-specific content/data integrity",Existing factual body retained; shared copy/duplicate audit,Existing citations/disclosures retained; no automatic review-date refresh,1440px dark Top 1100 CSS pixels; 1440px light Top 1100 CSS pixels; 390px dark Top 1050 CSS pixels; 390px light Top 1050 CSS pixels,All local links/anchors and render runtime checked; shared menu/theme journeys tested,20 scripted render checks: Chromium/WebKit × light/dark × 320/390/768/1024/1440; static metadata/link/source gates,No known implementation blocker. Source/access limits documented; no full medical or screen-reader review.
/corrections.html,trust/legal/contact,"Shared Market system, readable controls, route-specific content/data integrity",Existing factual body retained; shared copy/duplicate audit,Existing citations/disclosures retained; no automatic review-date refresh,Scripted renders only; not individually human inspected,All local links/anchors and render runtime checked; shared menu/theme journeys tested,20 scripted render checks: Chromium/WebKit × light/dark × 320/390/768/1024/1440; static metadata/link/source gates,No known implementation blocker. Source/access limits documented; no full medical or screen-reader review.
/cutting-bulking-maintenance-explained.html,retained editorial article,"Shared Market system, readable controls, route-specific content/data integrity",Existing factual body retained; shared copy/duplicate audit,Existing citations/disclosures retained; no automatic review-date refresh,Scripted renders only; not individually human inspected,All local links/anchors and render runtime checked; shared menu/theme journeys tested,20 scripted render checks: Chromium/WebKit × light/dark × 320/390/768/1024/1440; static metadata/link/source gates,No known implementation blocker. Source/access limits documented; no full medical or screen-reader review.
/does-creatine-cause-hair-loss.html,retained editorial article,"Shared Market system, readable controls, route-specific content/data integrity",Targeted editorial/data improvement,Existing citations/disclosures retained; no automatic review-date refresh,Scripted renders only; not individually human inspected,All local links/anchors and render runtime checked; shared menu/theme journeys tested,20 scripted render checks: Chromium/WebKit × light/dark × 320/390/768/1024/1440; static metadata/link/source gates,No known implementation blocker. Source/access limits documented; no full medical or screen-reader review.
/drained-weight-nutrition-label.html,worked practical guide,"Shared Market system, readable controls, route-specific content/data integrity",New original resource with distinct recorded utility,Official source inspection or explicitly illustrative arithmetic; see content/source manifests,Scripted renders only; not individually human inspected,All local links/anchors and render runtime checked; shared menu/theme journeys tested,20 scripted render checks: Chromium/WebKit × light/dark × 320/390/768/1024/1440; static metadata/link/source gates,No known implementation blocker. Source/access limits documented; no full medical or screen-reader review.
/dunkin-healthy-breakfast-macros.html,restaurant guide,"Shared Market system, readable controls, route-specific content/data integrity","Restaurant portions, tables and decision copy synchronized","Per-record dates and limits; eight chains partly refreshed, others retained",Scripted renders only; not individually human inspected,All local links/anchors and render runtime checked; shared menu/theme journeys tested,20 scripted render checks: Chromium/WebKit × light/dark × 320/390/768/1024/1440; static metadata/link/source gates,No known implementation blocker. Source/access limits documented; no full medical or screen-reader review.
/edible-portion-vs-purchased-weight.html,worked practical guide,"Shared Market system, readable controls, route-specific content/data integrity",New original resource with distinct recorded utility,Official source inspection or explicitly illustrative arithmetic; see content/source manifests,Scripted renders only; not individually human inspected,All local links/anchors and render runtime checked; shared menu/theme journeys tested,20 scripted render checks: Chromium/WebKit × light/dark × 320/390/768/1024/1440; static metadata/link/source gates,No known implementation blocker. Source/access limits documented; no full medical or screen-reader review.
/editorial-policy.html,trust/legal/contact,"Shared Market system, readable controls, route-specific content/data integrity",Existing factual body retained; shared copy/duplicate audit,Existing citations/disclosures retained; no automatic review-date refresh,Scripted renders only; not individually human inspected,All local links/anchors and render runtime checked; shared menu/theme journeys tested,20 scripted render checks: Chromium/WebKit × light/dark × 320/390/768/1024/1440; static metadata/link/source gates,No known implementation blocker. Source/access limits documented; no full medical or screen-reader review.
/fast-food-breakfast-protein-comparison.html,data resource,"Shared Market system, readable controls, route-specific content/data integrity",New original resource with distinct recorded utility,Official source inspection or explicitly illustrative arithmetic; see content/source manifests,Scripted renders only; not individually human inspected,All local links/anchors and render runtime checked; shared menu/theme journeys tested,20 scripted render checks: Chromium/WebKit × light/dark × 320/390/768/1024/1440; static metadata/link/source gates,No known implementation blocker. Source/access limits documented; no full medical or screen-reader review.
/fast-food-fiber-and-protein.html,data resource,"Shared Market system, readable controls, route-specific content/data integrity",New original resource with distinct recorded utility,Official source inspection or explicitly illustrative arithmetic; see content/source manifests,Scripted renders only; not individually human inspected,All local links/anchors and render runtime checked; shared menu/theme journeys tested,20 scripted render checks: Chromium/WebKit × light/dark × 320/390/768/1024/1440; static metadata/link/source gates,No known implementation blocker. Source/access limits documented; no full medical or screen-reader review.
/fast-food-meals-500-to-700-calories.html,data resource,"Shared Market system, readable controls, route-specific content/data integrity",New original resource with distinct recorded utility,Official source inspection or explicitly illustrative arithmetic; see content/source manifests,Scripted renders only; not individually human inspected,All local links/anchors and render runtime checked; shared menu/theme journeys tested,20 scripted render checks: Chromium/WebKit × light/dark × 320/390/768/1024/1440; static metadata/link/source gates,No known implementation blocker. Source/access limits documented; no full medical or screen-reader review.
/fast-food-nutrition-data-report.html,data resource,"Shared Market system, readable controls, route-specific content/data integrity",New original resource with distinct recorded utility,Official source inspection or explicitly illustrative arithmetic; see content/source manifests,Scripted renders only; not individually human inspected,All local links/anchors and render runtime checked; shared menu/theme journeys tested,20 scripted render checks: Chromium/WebKit × light/dark × 320/390/768/1024/1440; static metadata/link/source gates,No known implementation blocker. Source/access limits documented; no full medical or screen-reader review. CAVA freshness unresolved; Starbucks indexed-source access limitation.
/fast-food-protein-and-sodium.html,data resource,"Shared Market system, readable controls, route-specific content/data integrity",New original resource with distinct recorded utility,Official source inspection or explicitly illustrative arithmetic; see content/source manifests,Scripted renders only; not individually human inspected,All local links/anchors and render runtime checked; shared menu/theme journeys tested,20 scripted render checks: Chromium/WebKit × light/dark × 320/390/768/1024/1440; static metadata/link/source gates,No known implementation blocker. Source/access limits documented; no full medical or screen-reader review.
/fast-food-under-1000mg-sodium.html,data resource,"Shared Market system, readable controls, route-specific content/data integrity",New original resource with distinct recorded utility,Official source inspection or explicitly illustrative arithmetic; see content/source manifests,Scripted renders only; not individually human inspected,All local links/anchors and render runtime checked; shared menu/theme journeys tested,20 scripted render checks: Chromium/WebKit × light/dark × 320/390/768/1024/1440; static metadata/link/source gates,No known implementation blocker. Source/access limits documented; no full medical or screen-reader review.
/fats.html,retained editorial article,"Shared Market system, readable controls, route-specific content/data integrity",Existing factual body retained; shared copy/duplicate audit,Existing citations/disclosures retained; no automatic review-date refresh,Scripted renders only; not individually human inspected,All local links/anchors and render runtime checked; shared menu/theme journeys tested,20 scripted render checks: Chromium/WebKit × light/dark × 320/390/768/1024/1440; static metadata/link/source gates,No known implementation blocker. Source/access limits documented; no full medical or screen-reader review.
/grams-vs-milliliters-nutrition-labels.html,worked practical guide,"Shared Market system, readable controls, route-specific content/data integrity",New original resource with distinct recorded utility,Official source inspection or explicitly illustrative arithmetic; see content/source manifests,1440px dark 1050–2250 CSS pixels; 1440px dark Top 1100 CSS pixels; 1440px light 1050–2250 CSS pixels; 1440px light Top 1100 CSS pixels; 390px dark Top 1000 CSS pixels; 390px light Top 1000 CSS pixels,All local links/anchors and render runtime checked; shared menu/theme journeys tested,20 scripted render checks: Chromium/WebKit × light/dark × 320/390/768/1024/1440; static metadata/link/source gates,No known implementation blocker. Source/access limits documented; no full medical or screen-reader review.
/grilled-and-blackened-chicken-comparison.html,data resource,"Shared Market system, readable controls, route-specific content/data integrity",New original resource with distinct recorded utility,Official source inspection or explicitly illustrative arithmetic; see content/source manifests,Scripted renders only; not individually human inspected,All local links/anchors and render runtime checked; shared menu/theme journeys tested,20 scripted render checks: Chromium/WebKit × light/dark × 320/390/768/1024/1440; static metadata/link/source gates,No known implementation blocker. Source/access limits documented; no full medical or screen-reader review.
/healthy-fast-food.html,retained editorial article,"Shared Market system, readable controls, route-specific content/data integrity",Targeted editorial/data improvement,Existing citations/disclosures retained; no automatic review-date refresh,Scripted renders only; not individually human inspected,All local links/anchors and render runtime checked; shared menu/theme journeys tested,20 scripted render checks: Chromium/WebKit × light/dark × 320/390/768/1024/1440; static metadata/link/source gates,No known implementation blocker. Source/access limits documented; no full medical or screen-reader review.
/high-protein-fast-food-under-500-calories.html,data resource,"Shared Market system, readable controls, route-specific content/data integrity",New original resource with distinct recorded utility,Official source inspection or explicitly illustrative arithmetic; see content/source manifests,Scripted renders only; not individually human inspected,All local links/anchors and render runtime checked; shared menu/theme journeys tested,20 scripted render checks: Chromium/WebKit × light/dark × 320/390/768/1024/1440; static metadata/link/source gates,No known implementation blocker. Source/access limits documented; no full medical or screen-reader review.
/high-protein-foods-list.html,retained editorial article,"Shared Market system, readable controls, route-specific content/data integrity",Existing factual body retained; shared copy/duplicate audit,Existing citations/disclosures retained; no automatic review-date refresh,Scripted renders only; not individually human inspected,All local links/anchors and render runtime checked; shared menu/theme journeys tested,20 scripted render checks: Chromium/WebKit × light/dark × 320/390/768/1024/1440; static metadata/link/source gates,No known implementation blocker. Source/access limits documented; no full medical or screen-reader review.
/how-many-calories-should-i-eat-a-day.html,retained editorial article,"Shared Market system, readable controls, route-specific content/data integrity",Existing factual body retained; shared copy/duplicate audit,Existing citations/disclosures retained; no automatic review-date refresh,Scripted renders only; not individually human inspected,All local links/anchors and render runtime checked; shared menu/theme journeys tested,20 scripted render checks: Chromium/WebKit × light/dark × 320/390/768/1024/1440; static metadata/link/source gates,No known implementation blocker. Source/access limits documented; no full medical or screen-reader review.
/how-much-fiber-per-day.html,retained editorial article,"Shared Market system, readable controls, route-specific content/data integrity",Existing factual body retained; shared copy/duplicate audit,Existing citations/disclosures retained; no automatic review-date refresh,Scripted renders only; not individually human inspected,All local links/anchors and render runtime checked; shared menu/theme journeys tested,20 scripted render checks: Chromium/WebKit × light/dark × 320/390/768/1024/1440; static metadata/link/source gates,No known implementation blocker. Source/access limits documented; no full medical or screen-reader review.
/how-much-protein-can-your-body-absorb.html,retained editorial article,"Shared Market system, readable controls, route-specific content/data integrity",Targeted editorial/data improvement,Existing citations/disclosures retained; no automatic review-date refresh,Scripted renders only; not individually human inspected,All local links/anchors and render runtime checked; shared menu/theme journeys tested,20 scripted render checks: Chromium/WebKit × light/dark × 320/390/768/1024/1440; static metadata/link/source gates,No known implementation blocker. Source/access limits documented; no full medical or screen-reader review.
/how-much-protein-per-day.html,retained editorial article,"Shared Market system, readable controls, route-specific content/data integrity",Existing factual body retained; shared copy/duplicate audit,Existing citations/disclosures retained; no automatic review-date refresh,Scripted renders only; not individually human inspected,All local links/anchors and render runtime checked; shared menu/theme journeys tested,20 scripted render checks: Chromium/WebKit × light/dark × 320/390/768/1024/1440; static metadata/link/source gates,No known implementation blocker. Source/access limits documented; no full medical or screen-reader review.
/how-much-sodium-per-day.html,retained editorial article,"Shared Market system, readable controls, route-specific content/data integrity",Existing factual body retained; shared copy/duplicate audit,Existing citations/disclosures retained; no automatic review-date refresh,Scripted renders only; not individually human inspected,All local links/anchors and render runtime checked; shared menu/theme journeys tested,20 scripted render checks: Chromium/WebKit × light/dark × 320/390/768/1024/1440; static metadata/link/source gates,No known implementation blocker. Source/access limits documented; no full medical or screen-reader review.
/how-to-build-a-balanced-meal-with-macros.html,retained editorial article,"Shared Market system, readable controls, route-specific content/data integrity",Existing factual body retained; shared copy/duplicate audit,Existing citations/disclosures retained; no automatic review-date refresh,Scripted renders only; not individually human inspected,All local links/anchors and render runtime checked; shared menu/theme journeys tested,20 scripted render checks: Chromium/WebKit × light/dark × 320/390/768/1024/1440; static metadata/link/source gates,No known implementation blocker. Source/access limits documented; no full medical or screen-reader review.
/how-to-calculate-macros-by-hand.html,retained editorial article,"Shared Market system, readable controls, route-specific content/data integrity",Existing factual body retained; shared copy/duplicate audit,Existing citations/disclosures retained; no automatic review-date refresh,Scripted renders only; not individually human inspected,All local links/anchors and render runtime checked; shared menu/theme journeys tested,20 scripted render checks: Chromium/WebKit × light/dark × 320/390/768/1024/1440; static metadata/link/source gates,No known implementation blocker. Source/access limits documented; no full medical or screen-reader review.
/how-to-calculate-maintenance-calories.html,retained editorial article,"Shared Market system, readable controls, route-specific content/data integrity",Existing factual body retained; shared copy/duplicate audit,Existing citations/disclosures retained; no automatic review-date refresh,Scripted renders only; not individually human inspected,All local links/anchors and render runtime checked; shared menu/theme journeys tested,20 scripted render checks: Chromium/WebKit × light/dark × 320/390/768/1024/1440; static metadata/link/source gates,No known implementation blocker. Source/access limits documented; no full medical or screen-reader review.
/how-to-calculate-recipe-nutrition.html,retained editorial article,"Shared Market system, readable controls, route-specific content/data integrity",Existing factual body retained; shared copy/duplicate audit,Existing citations/disclosures retained; no automatic review-date refresh,Scripted renders only; not individually human inspected,All local links/anchors and render runtime checked; shared menu/theme journeys tested,20 scripted render checks: Chromium/WebKit × light/dark × 320/390/768/1024/1440; static metadata/link/source gates,No known implementation blocker. Source/access limits documented; no full medical or screen-reader review.
/how-to-eat-out-without-wrecking-your-goal.html,retained editorial article,"Shared Market system, readable controls, route-specific content/data integrity",Existing factual body retained; shared copy/duplicate audit,Existing citations/disclosures retained; no automatic review-date refresh,Scripted renders only; not individually human inspected,All local links/anchors and render runtime checked; shared menu/theme journeys tested,20 scripted render checks: Chromium/WebKit × light/dark × 320/390/768/1024/1440; static metadata/link/source gates,No known implementation blocker. Source/access limits documented; no full medical or screen-reader review.
/how-to-hit-protein-goal-on-budget.html,retained editorial article,"Shared Market system, readable controls, route-specific content/data integrity",Existing factual body retained; shared copy/duplicate audit,Existing citations/disclosures retained; no automatic review-date refresh,Scripted renders only; not individually human inspected,All local links/anchors and render runtime checked; shared menu/theme journeys tested,20 scripted render checks: Chromium/WebKit × light/dark × 320/390/768/1024/1440; static metadata/link/source gates,No known implementation blocker. Source/access limits documented; no full medical or screen-reader review.
/how-to-read-a-nutrition-label.html,retained editorial article,"Shared Market system, readable controls, route-specific content/data integrity",Existing factual body retained; shared copy/duplicate audit,Existing citations/disclosures retained; no automatic review-date refresh,Scripted renders only; not individually human inspected,All local links/anchors and render runtime checked; shared menu/theme journeys tested,20 scripted render checks: Chromium/WebKit × light/dark × 320/390/768/1024/1440; static metadata/link/source gates,No known implementation blocker. Source/access limits documented; no full medical or screen-reader review.
/index.html,product homepage,"Shared Market system, readable controls, route-specific content/data integrity",Existing factual body retained; shared copy/duplicate audit,Existing citations/disclosures retained; no automatic review-date refresh,1440px dark Open calculator navigation menu; 1440px dark Top 1100 CSS pixels; 1440px light Open calculator navigation menu; 1440px light Top 1100 CSS pixels; 320px dark Open calculator navigation menu; 320px light Open calculator navigation menu; 390px dark Top 1100 CSS pixels; 390px light Top 1100 CSS pixels; 390px light Top viewport; steak greeting and primary discovery controls,Guide/browse/filter/save/three-meal compare/share/print journeys tested,20 scripted render checks: Chromium/WebKit × light/dark × 320/390/768/1024/1440; static metadata/link/source gates,No known implementation blocker. Source/access limits documented; no full medical or screen-reader review.
/jersey-mikes-healthy-subs-macros.html,restaurant guide,"Shared Market system, readable controls, route-specific content/data integrity","Restaurant portions, tables and decision copy synchronized","Per-record dates and limits; eight chains partly refreshed, others retained",Scripted renders only; not individually human inspected,All local links/anchors and render runtime checked; shared menu/theme journeys tested,20 scripted render checks: Chromium/WebKit × light/dark × 320/390/768/1024/1440; static metadata/link/source gates,No known implementation blocker. Source/access limits documented; no full medical or screen-reader review.
/kfc-healthy-meals-macros.html,restaurant guide,"Shared Market system, readable controls, route-specific content/data integrity","Restaurant portions, tables and decision copy synchronized","Per-record dates and limits; eight chains partly refreshed, others retained",Scripted renders only; not individually human inspected,All local links/anchors and render runtime checked; shared menu/theme journeys tested,20 scripted render checks: Chromium/WebKit × light/dark × 320/390/768/1024/1440; static metadata/link/source gates,No known implementation blocker. Source/access limits documented; no full medical or screen-reader review.
/macros-for-muscle-gain.html,retained editorial article,"Shared Market system, readable controls, route-specific content/data integrity",Existing factual body retained; shared copy/duplicate audit,Existing citations/disclosures retained; no automatic review-date refresh,Scripted renders only; not individually human inspected,All local links/anchors and render runtime checked; shared menu/theme journeys tested,20 scripted render checks: Chromium/WebKit × light/dark × 320/390/768/1024/1440; static metadata/link/source gates,No known implementation blocker. Source/access limits documented; no full medical or screen-reader review.
/macros-for-weight-loss.html,retained editorial article,"Shared Market system, readable controls, route-specific content/data integrity",Existing factual body retained; shared copy/duplicate audit,Existing citations/disclosures retained; no automatic review-date refresh,Scripted renders only; not individually human inspected,All local links/anchors and render runtime checked; shared menu/theme journeys tested,20 scripted render checks: Chromium/WebKit × light/dark × 320/390/768/1024/1440; static metadata/link/source gates,No known implementation blocker. Source/access limits documented; no full medical or screen-reader review.
/mcdonalds-healthy-meals-macros.html,restaurant guide,"Shared Market system, readable controls, route-specific content/data integrity","Restaurant portions, tables and decision copy synchronized","Per-record dates and limits; eight chains partly refreshed, others retained",Scripted renders only; not individually human inspected,All local links/anchors and render runtime checked; shared menu/theme journeys tested,20 scripted render checks: Chromium/WebKit × light/dark × 320/390/768/1024/1440; static metadata/link/source gates,No known implementation blocker. Source/access limits documented; no full medical or screen-reader review.
/missing-restaurant-nutrition.html,worked practical guide,"Shared Market system, readable controls, route-specific content/data integrity",New original resource with distinct recorded utility,Official source inspection or explicitly illustrative arithmetic; see content/source manifests,Scripted renders only; not individually human inspected,All local links/anchors and render runtime checked; shared menu/theme journeys tested,20 scripted render checks: Chromium/WebKit × light/dark × 320/390/768/1024/1440; static metadata/link/source gates,No known implementation blocker. Source/access limits documented; no full medical or screen-reader review.
/nutrition-label-comparison-tool.html,calculator/food tool,"Shared Market system, readable controls, route-specific content/data integrity",Existing factual body retained; shared copy/duplicate audit,Existing citations/disclosures retained; no automatic review-date refresh,Scripted renders only; not individually human inspected,Examples and recalculation tested; invalid-input recovery where supported; unit changes where available,20 scripted render checks: Chromium/WebKit × light/dark × 320/390/768/1024/1440; static metadata/link/source gates,No known implementation blocker. Source/access limits documented; no full medical or screen-reader review.
/nutrition-label-rounding.html,worked practical guide,"Shared Market system, readable controls, route-specific content/data integrity",New original resource with distinct recorded utility,Official source inspection or explicitly illustrative arithmetic; see content/source manifests,Scripted renders only; not individually human inspected,All local links/anchors and render runtime checked; shared menu/theme journeys tested,20 scripted render checks: Chromium/WebKit × light/dark × 320/390/768/1024/1440; static metadata/link/source gates,No known implementation blocker. Source/access limits documented; no full medical or screen-reader review.
/panda-express-base-nutrition-comparison.html,data resource,"Shared Market system, readable controls, route-specific content/data integrity",New original resource with distinct recorded utility,Official source inspection or explicitly illustrative arithmetic; see content/source manifests,Scripted renders only; not individually human inspected,All local links/anchors and render runtime checked; shared menu/theme journeys tested,20 scripted render checks: Chromium/WebKit × light/dark × 320/390/768/1024/1440; static metadata/link/source gates,No known implementation blocker. Source/access limits documented; no full medical or screen-reader review.
/panda-express-chicken-entree-comparison.html,data resource,"Shared Market system, readable controls, route-specific content/data integrity",New original resource with distinct recorded utility,Official source inspection or explicitly illustrative arithmetic; see content/source manifests,Scripted renders only; not individually human inspected,All local links/anchors and render runtime checked; shared menu/theme journeys tested,20 scripted render checks: Chromium/WebKit × light/dark × 320/390/768/1024/1440; static metadata/link/source gates,No known implementation blocker. Source/access limits documented; no full medical or screen-reader review.
/panda-express-healthy-meals-macros.html,restaurant guide,"Shared Market system, readable controls, route-specific content/data integrity","Restaurant portions, tables and decision copy synchronized","Per-record dates and limits; eight chains partly refreshed, others retained",Scripted renders only; not individually human inspected,All local links/anchors and render runtime checked; shared menu/theme journeys tested,20 scripted render checks: Chromium/WebKit × light/dark × 320/390/768/1024/1440; static metadata/link/source gates,No known implementation blocker. Source/access limits documented; no full medical or screen-reader review.
/panera-healthy-meals-macros.html,restaurant guide,"Shared Market system, readable controls, route-specific content/data integrity","Restaurant portions, tables and decision copy synchronized","Per-record dates and limits; eight chains partly refreshed, others retained",Scripted renders only; not individually human inspected,All local links/anchors and render runtime checked; shared menu/theme journeys tested,20 scripted render checks: Chromium/WebKit × light/dark × 320/390/768/1024/1440; static metadata/link/source gates,No known implementation blocker. Source/access limits documented; no full medical or screen-reader review.
/popeyes-healthy-meals-macros.html,restaurant guide,"Shared Market system, readable controls, route-specific content/data integrity","Restaurant portions, tables and decision copy synchronized","Per-record dates and limits; eight chains partly refreshed, others retained",Scripted renders only; not individually human inspected,All local links/anchors and render runtime checked; shared menu/theme journeys tested,20 scripted render checks: Chromium/WebKit × light/dark × 320/390/768/1024/1440; static metadata/link/source gates,No known implementation blocker. Source/access limits documented; no full medical or screen-reader review.
/privacy.html,trust/legal/contact,"Shared Market system, readable controls, route-specific content/data integrity",Existing factual body retained; shared copy/duplicate audit,Existing citations/disclosures retained; no automatic review-date refresh,Scripted renders only; not individually human inspected,All local links/anchors and render runtime checked; shared menu/theme journeys tested,20 scripted render checks: Chromium/WebKit × light/dark × 320/390/768/1024/1440; static metadata/link/source gates,No known implementation blocker. Source/access limits documented; no full medical or screen-reader review.
/protein-cost-food-waste.html,worked practical guide,"Shared Market system, readable controls, route-specific content/data integrity",New original resource with distinct recorded utility,Official source inspection or explicitly illustrative arithmetic; see content/source manifests,Scripted renders only; not individually human inspected,All local links/anchors and render runtime checked; shared menu/theme journeys tested,20 scripted render checks: Chromium/WebKit × light/dark × 320/390/768/1024/1440; static metadata/link/source gates,No known implementation blocker. Source/access limits documented; no full medical or screen-reader review.
/protein-density-fast-food.html,data resource,"Shared Market system, readable controls, route-specific content/data integrity",New original resource with distinct recorded utility,Official source inspection or explicitly illustrative arithmetic; see content/source manifests,1440px dark 1050–2250 CSS pixels; 1440px dark Top 1100 CSS pixels; 1440px light 1050–2250 CSS pixels; 1440px light Top 1100 CSS pixels; 390px dark Full-page composition; detailed small text reviewed by agent body crop separately; 390px dark Top 1000 CSS pixels; 390px light Top 1000 CSS pixels,All local links/anchors and render runtime checked; shared menu/theme journeys tested,20 scripted render checks: Chromium/WebKit × light/dark × 320/390/768/1024/1440; static metadata/link/source gates,No known implementation blocker. Source/access limits documented; no full medical or screen-reader review.
/protein-powder-scoop-weight.html,worked practical guide,"Shared Market system, readable controls, route-specific content/data integrity",New original resource with distinct recorded utility,Official source inspection or explicitly illustrative arithmetic; see content/source manifests,Scripted renders only; not individually human inspected,All local links/anchors and render runtime checked; shared menu/theme journeys tested,20 scripted render checks: Chromium/WebKit × light/dark × 320/390/768/1024/1440; static metadata/link/source gates,No known implementation blocker. Source/access limits documented; no full medical or screen-reader review.
/protein-value-calculator.html,calculator/food tool,"Shared Market system, readable controls, route-specific content/data integrity",Existing factual body retained; shared copy/duplicate audit,Existing citations/disclosures retained; no automatic review-date refresh,Scripted renders only; not individually human inspected,Examples and recalculation tested; invalid-input recovery where supported; unit changes where available,20 scripted render checks: Chromium/WebKit × light/dark × 320/390/768/1024/1440; static metadata/link/source gates,No known implementation blocker. Source/access limits documented; no full medical or screen-reader review.
/protein.html,retained editorial article,"Shared Market system, readable controls, route-specific content/data integrity",Existing factual body retained; shared copy/duplicate audit,Existing citations/disclosures retained; no automatic review-date refresh,Scripted renders only; not individually human inspected,All local links/anchors and render runtime checked; shared menu/theme journeys tested,20 scripted render checks: Chromium/WebKit × light/dark × 320/390/768/1024/1440; static metadata/link/source gates,No known implementation blocker. Source/access limits documented; no full medical or screen-reader review.
/raw-vs-cooked-food-weight.html,worked practical guide,"Shared Market system, readable controls, route-specific content/data integrity",New original resource with distinct recorded utility,Official source inspection or explicitly illustrative arithmetic; see content/source manifests,Scripted renders only; not individually human inspected,All local links/anchors and render runtime checked; shared menu/theme journeys tested,20 scripted render checks: Chromium/WebKit × light/dark × 320/390/768/1024/1440; static metadata/link/source gates,No known implementation blocker. Source/access limits documented; no full medical or screen-reader review.
/recipe-macro-scaler.html,calculator/food tool,"Shared Market system, readable controls, route-specific content/data integrity",Existing factual body retained; shared copy/duplicate audit,Existing citations/disclosures retained; no automatic review-date refresh,Scripted renders only; not individually human inspected,Examples and recalculation tested; invalid-input recovery where supported; unit changes where available,20 scripted render checks: Chromium/WebKit × light/dark × 320/390/768/1024/1440; static metadata/link/source gates,No known implementation blocker. Source/access limits documented; no full medical or screen-reader review.
/restaurant-bowl-nutrition-comparison.html,data resource,"Shared Market system, readable controls, route-specific content/data integrity",New original resource with distinct recorded utility,Official source inspection or explicitly illustrative arithmetic; see content/source manifests,Scripted renders only; not individually human inspected,All local links/anchors and render runtime checked; shared menu/theme journeys tested,20 scripted render checks: Chromium/WebKit × light/dark × 320/390/768/1024/1440; static metadata/link/source gates,No known implementation blocker. Source/access limits documented; no full medical or screen-reader review.
/restaurant-meal-finder.html,meal finder/results,"Shared Market system, readable controls, route-specific content/data integrity",Existing factual body retained; shared copy/duplicate audit,Existing citations/disclosures retained; no automatic review-date refresh,"1000px print Comparison print composition; aligned nutrition/portion/source content; 1440px dark Three-meal comparison viewport; names, portions, aligned nutrients and source notes; 1440px dark Top 1100 CSS pixels; 1440px light Top 1100 CSS pixels; 390px dark Open fourth guided step; controls, progress, typography and dismissal; 390px dark Top 1100 CSS pixels; 390px light Top 1100 CSS pixels",Guide/browse/filter/save/three-meal compare/share/print journeys tested,20 scripted render checks: Chromium/WebKit × light/dark × 320/390/768/1024/1440; static metadata/link/source gates,No known implementation blocker. Source/access limits documented; no full medical or screen-reader review.
/restaurant-meal-guides.html,directory/editorial index,"Shared Market system, readable controls, route-specific content/data integrity",Existing factual body retained; shared copy/duplicate audit,Existing citations/disclosures retained; no automatic review-date refresh,Scripted renders only; not individually human inspected,All local links/anchors and render runtime checked; shared menu/theme journeys tested,20 scripted render checks: Chromium/WebKit × light/dark × 320/390/768/1024/1440; static metadata/link/source gates,No known implementation blocker. Source/access limits documented; no full medical or screen-reader review.
/search.html,search,"Shared Market system, readable controls, route-specific content/data integrity",Existing factual body retained; shared copy/duplicate audit,Existing citations/disclosures retained; no automatic review-date refresh,1440px dark Top 1100 CSS pixels; 1440px light Top 1100 CSS pixels; 390px dark Top 1050 CSS pixels; 390px light Top 1050 CSS pixels,Search matches/no-match tested,20 scripted render checks: Chromium/WebKit × light/dark × 320/390/768/1024/1440; static metadata/link/source gates,No known implementation blocker. Source/access limits documented; no full medical or screen-reader review.
/serving-size-vs-portion-size.html,retained editorial article,"Shared Market system, readable controls, route-specific content/data integrity",Existing factual body retained; shared copy/duplicate audit,Existing citations/disclosures retained; no automatic review-date refresh,1440px dark 1050–2250 CSS pixels; 1440px dark Top 1100 CSS pixels; 1440px light 1050–2250 CSS pixels; 1440px light Top 1100 CSS pixels; 390px dark Top 1000 CSS pixels; 390px light Top 1000 CSS pixels,All local links/anchors and render runtime checked; shared menu/theme journeys tested,20 scripted render checks: Chromium/WebKit × light/dark × 320/390/768/1024/1440; static metadata/link/source gates,No known implementation blocker. Source/access limits documented; no full medical or screen-reader review.
/sodium-label-comparison-tool.html,calculator/food tool,"Shared Market system, readable controls, route-specific content/data integrity",Existing factual body retained; shared copy/duplicate audit,Existing citations/disclosures retained; no automatic review-date refresh,Scripted renders only; not individually human inspected,Examples and recalculation tested; invalid-input recovery where supported; unit changes where available,20 scripted render checks: Chromium/WebKit × light/dark × 320/390/768/1024/1440; static metadata/link/source gates,No known implementation blocker. Source/access limits documented; no full medical or screen-reader review.
/sources.html,trust/legal/contact,"Shared Market system, readable controls, route-specific content/data integrity",Existing factual body retained; shared copy/duplicate audit,Existing citations/disclosures retained; no automatic review-date refresh,1440px dark Top 1100 CSS pixels; 1440px light Top 1100 CSS pixels; 390px dark Top 1050 CSS pixels; 390px light Top 1050 CSS pixels,All local links/anchors and render runtime checked; shared menu/theme journeys tested,20 scripted render checks: Chromium/WebKit × light/dark × 320/390/768/1024/1440; static metadata/link/source gates,No known implementation blocker. Source/access limits documented; no full medical or screen-reader review.
/starbucks-healthy-food-meals-macros.html,restaurant guide,"Shared Market system, readable controls, route-specific content/data integrity","Restaurant portions, tables and decision copy synchronized","Per-record dates and limits; eight chains partly refreshed, others retained",Scripted renders only; not individually human inspected,All local links/anchors and render runtime checked; shared menu/theme journeys tested,20 scripted render checks: Chromium/WebKit × light/dark × 320/390/768/1024/1440; static metadata/link/source gates,No known implementation blocker. Source/access limits documented; no full medical or screen-reader review.
/subway-healthy-meals-macros.html,restaurant guide,"Shared Market system, readable controls, route-specific content/data integrity","Restaurant portions, tables and decision copy synchronized","Per-record dates and limits; eight chains partly refreshed, others retained",Scripted renders only; not individually human inspected,All local links/anchors and render runtime checked; shared menu/theme journeys tested,20 scripted render checks: Chromium/WebKit × light/dark × 320/390/768/1024/1440; static metadata/link/source gates,No known implementation blocker. Source/access limits documented; no full medical or screen-reader review.
/sweat-rate-calculator.html,calculator/food tool,"Shared Market system, readable controls, route-specific content/data integrity",Existing factual body retained; shared copy/duplicate audit,Existing citations/disclosures retained; no automatic review-date refresh,Scripted renders only; not individually human inspected,Examples and recalculation tested; invalid-input recovery where supported; unit changes where available,20 scripted render checks: Chromium/WebKit × light/dark × 320/390/768/1024/1440; static metadata/link/source gates,No known implementation blocker. Source/access limits documented; no full medical or screen-reader review.
/sweetgreen-healthy-meals-macros.html,restaurant guide,"Shared Market system, readable controls, route-specific content/data integrity","Restaurant portions, tables and decision copy synchronized","Per-record dates and limits; eight chains partly refreshed, others retained",Scripted renders only; not individually human inspected,All local links/anchors and render runtime checked; shared menu/theme journeys tested,20 scripted render checks: Chromium/WebKit × light/dark × 320/390/768/1024/1440; static metadata/link/source gates,No known implementation blocker. Source/access limits documented; no full medical or screen-reader review.
/sweetgreen-vs-panera-chicken-salads.html,data resource,"Shared Market system, readable controls, route-specific content/data integrity",New original resource with distinct recorded utility,Official source inspection or explicitly illustrative arithmetic; see content/source manifests,Scripted renders only; not individually human inspected,All local links/anchors and render runtime checked; shared menu/theme journeys tested,20 scripted render checks: Chromium/WebKit × light/dark × 320/390/768/1024/1440; static metadata/link/source gates,No known implementation blocker. Source/access limits documented; no full medical or screen-reader review.
/taco-bell-healthy-meals-macros.html,restaurant guide,"Shared Market system, readable controls, route-specific content/data integrity","Restaurant portions, tables and decision copy synchronized","Per-record dates and limits; eight chains partly refreshed, others retained",Scripted renders only; not individually human inspected,All local links/anchors and render runtime checked; shared menu/theme journeys tested,20 scripted render checks: Chromium/WebKit × light/dark × 320/390/768/1024/1440; static metadata/link/source gates,No known implementation blocker. Source/access limits documented; no full medical or screen-reader review.
/terms.html,trust/legal/contact,"Shared Market system, readable controls, route-specific content/data integrity",Existing factual body retained; shared copy/duplicate audit,Existing citations/disclosures retained; no automatic review-date refresh,Scripted renders only; not individually human inspected,All local links/anchors and render runtime checked; shared menu/theme journeys tested,20 scripted render checks: Chromium/WebKit × light/dark × 320/390/768/1024/1440; static metadata/link/source gates,No known implementation blocker. Source/access limits documented; no full medical or screen-reader review.
/unequal-recipe-portions.html,worked practical guide,"Shared Market system, readable controls, route-specific content/data integrity",New original resource with distinct recorded utility,Official source inspection or explicitly illustrative arithmetic; see content/source manifests,Scripted renders only; not individually human inspected,All local links/anchors and render runtime checked; shared menu/theme journeys tested,20 scripted render checks: Chromium/WebKit × light/dark × 320/390/768/1024/1440; static metadata/link/source gates,No known implementation blocker. Source/access limits documented; no full medical or screen-reader review.
/use-calorie-target-meal-finder.html,worked practical guide,"Shared Market system, readable controls, route-specific content/data integrity",New original resource with distinct recorded utility,Official source inspection or explicitly illustrative arithmetic; see content/source manifests,Scripted renders only; not individually human inspected,All local links/anchors and render runtime checked; shared menu/theme journeys tested,20 scripted render checks: Chromium/WebKit × light/dark × 320/390/768/1024/1440; static metadata/link/source gates,No known implementation blocker. Source/access limits documented; no full medical or screen-reader review.
/vegetarian-fast-food-protein-comparison.html,data resource,"Shared Market system, readable controls, route-specific content/data integrity",New original resource with distinct recorded utility,Official source inspection or explicitly illustrative arithmetic; see content/source manifests,Scripted renders only; not individually human inspected,All local links/anchors and render runtime checked; shared menu/theme journeys tested,20 scripted render checks: Chromium/WebKit × light/dark × 320/390/768/1024/1440; static metadata/link/source gates,No known implementation blocker. Source/access limits documented; no full medical or screen-reader review.
/weight-goal-timeline-calculator.html,calculator/food tool,"Shared Market system, readable controls, route-specific content/data integrity",Existing factual body retained; shared copy/duplicate audit,Existing citations/disclosures retained; no automatic review-date refresh,Scripted renders only; not individually human inspected,Examples and recalculation tested; invalid-input recovery where supported; unit changes where available,20 scripted render checks: Chromium/WebKit × light/dark × 320/390/768/1024/1440; static metadata/link/source gates,No known implementation blocker. Source/access limits documented; no full medical or screen-reader review.
/wendys-healthy-meals-macros.html,restaurant guide,"Shared Market system, readable controls, route-specific content/data integrity","Restaurant portions, tables and decision copy synchronized","Per-record dates and limits; eight chains partly refreshed, others retained",Scripted renders only; not individually human inspected,All local links/anchors and render runtime checked; shared menu/theme journeys tested,20 scripted render checks: Chromium/WebKit × light/dark × 320/390/768/1024/1440; static metadata/link/source gates,No known implementation blocker. Source/access limits documented; no full medical or screen-reader review.
/what-are-macros.html,retained editorial article,"Shared Market system, readable controls, route-specific content/data integrity",Existing factual body retained; shared copy/duplicate audit,Existing citations/disclosures retained; no automatic review-date refresh,Scripted renders only; not individually human inspected,All local links/anchors and render runtime checked; shared menu/theme journeys tested,20 scripted render checks: Chromium/WebKit × light/dark × 320/390/768/1024/1440; static metadata/link/source gates,No known implementation blocker. Source/access limits documented; no full medical or screen-reader review.
/what-is-a-calorie-deficit.html,retained editorial article,"Shared Market system, readable controls, route-specific content/data integrity",Existing factual body retained; shared copy/duplicate audit,Existing citations/disclosures retained; no automatic review-date refresh,Scripted renders only; not individually human inspected,All local links/anchors and render runtime checked; shared menu/theme journeys tested,20 scripted render checks: Chromium/WebKit × light/dark × 320/390/768/1024/1440; static metadata/link/source gates,No known implementation blocker. Source/access limits documented; no full medical or screen-reader review.
/what-to-eat-after-a-workout.html,retained editorial article,"Shared Market system, readable controls, route-specific content/data integrity",Existing factual body retained; shared copy/duplicate audit,Existing citations/disclosures retained; no automatic review-date refresh,Scripted renders only; not individually human inspected,All local links/anchors and render runtime checked; shared menu/theme journeys tested,20 scripted render checks: Chromium/WebKit × light/dark × 320/390/768/1024/1440; static metadata/link/source gates,No known implementation blocker. Source/access limits documented; no full medical or screen-reader review.
/what-to-eat-before-a-workout.html,retained editorial article,"Shared Market system, readable controls, route-specific content/data integrity",Existing factual body retained; shared copy/duplicate audit,Existing citations/disclosures retained; no automatic review-date refresh,Scripted renders only; not individually human inspected,All local links/anchors and render runtime checked; shared menu/theme journeys tested,20 scripted render checks: Chromium/WebKit × light/dark × 320/390/768/1024/1440; static metadata/link/source gates,No known implementation blocker. Source/access limits documented; no full medical or screen-reader review.
/when-to-recalculate-calories-and-macros.html,retained editorial article,"Shared Market system, readable controls, route-specific content/data integrity",Existing factual body retained; shared copy/duplicate audit,Existing citations/disclosures retained; no automatic review-date refresh,Scripted renders only; not individually human inspected,All local links/anchors and render runtime checked; shared menu/theme journeys tested,20 scripted render checks: Chromium/WebKit × light/dark × 320/390/768/1024/1440; static metadata/link/source gates,No known implementation blocker. Source/access limits documented; no full medical or screen-reader review.
/why-did-i-gain-weight-overnight.html,retained editorial article,"Shared Market system, readable controls, route-specific content/data integrity",Existing factual body retained; shared copy/duplicate audit,Existing citations/disclosures retained; no automatic review-date refresh,Scripted renders only; not individually human inspected,All local links/anchors and render runtime checked; shared menu/theme journeys tested,20 scripted render checks: Chromium/WebKit × light/dark × 320/390/768/1024/1440; static metadata/link/source gates,No known implementation blocker. Source/access limits documented; no full medical or screen-reader review.
