route,title,primary_user_intent,intent_basis,unique_value,next_action
/,Find a fast-food meal that fits your macros | GetMacros,Find a meal that fits.,"Repository heading and task; qualitative, not measured search volume",Find my meal,Find my meal
/404.html,Page Not Found,This page isn’t here.,"Repository heading and task; qualitative, not measured search volume",Find a meal or search,Find a meal or search
/about.html,"About GetMacros | Nutrition Tools, Data & Editorial Standards",About GetMacros,"Repository heading and task; qualitative, not measured search volume",Read source/method/corrections information,Read source/method/corrections information
/accessibility.html,Accessibility at GetMacros,Accessibility at GetMacros,"Repository heading and task; qualitative, not measured search volume",Read terms and privacy limits,Read terms and privacy limits
/are-diet-drinks-bad-for-you.html,Are Diet Drinks Bad for You? | GetMacros,Are diet drinks bad for you?,"Repository heading and task; qualitative, not measured search volume",Follow sources and related tools,Follow sources and related tools
/articles.html,"Nutrition basics: Calories, Macros & Healthy Eating | GetMacros",Nutrition basics,"Repository heading and task; qualitative, not measured search volume",Choose a guide or restaurant,Choose a guide or restaurant
/as-packaged-vs-prepared-nutrition.html,As packaged vs as prepared: which nutrition column do I use? | GetMacros,Use the column that matches your preparation,"Repository heading and task; qualitative, not measured search volume",Follow sources and related tools,Follow sources and related tools
/best-fast-food-restaurants-for-your-goals.html,Healthy fast food: which restaurant fits your goal? | GetMacros,Healthy fast food: which restaurant fits your goal?,"Repository heading and task; qualitative, not measured search volume",Follow sources and related tools,Follow sources and related tools
/blog.html,GetMacros Journal | Eating Out and Nutrition Guides,"Food, explained.","Repository heading and task; qualitative, not measured search volume",Read a relevant article,Read a relevant article
/body-recomposition-explained.html,Body Recomposition: How to Track Progress | GetMacros,Body recomposition: how to track progress,"Repository heading and task; qualitative, not measured search volume",Follow sources and related tools,Follow sources and related tools
/breakfast-drinks-and-add-ons.html,"Breakfast calories: count the drink, spread and side | GetMacros",Compare the breakfast you will actually order,"Repository heading and task; qualitative, not measured search volume",Follow sources and related tools,Follow sources and related tools
/budget-meal-builder.html,"Simple meal ideas: Easy Breakfasts, Lunches & Dinners | GetMacros",Simple meal ideas,"Repository heading and task; qualitative, not measured search volume",Choose and adjust a meal idea,Choose and adjust a meal idea
/calculate-macros-mixed-bowl.html,Calculate a bowl’s macros from separate food labels | GetMacros,Build the meal total one ingredient at a time,"Repository heading and task; qualitative, not measured search volume",Follow sources and related tools,Follow sources and related tools
/calculators.html,"Free Macro Calculator: Calories, Protein, Carbs & Fat | GetMacros",Free macro calculator,"Repository heading and task; qualitative, not measured search volume",Calculate daily macros,Calculate daily macros
/calories-in-multi-serving-packages.html,How many calories are in the whole package? | GetMacros,Count the package you actually eat,"Repository heading and task; qualitative, not measured search volume",Follow sources and related tools,Follow sources and related tools
/calories-on-rest-days.html,Should You Eat the Same Calories on Rest Days? | GetMacros,Should you eat the same calories on rest days?,"Repository heading and task; qualitative, not measured search volume",Follow sources and related tools,Follow sources and related tools
/calories-vs-macros-what-matters-more.html,Calories vs. Macros: What Matters More? | GetMacros,Calories vs. macros: what matters more?,"Repository heading and task; qualitative, not measured search volume",Follow sources and related tools,Follow sources and related tools
/can-you-build-muscle-in-a-calorie-deficit.html,Can You Build Muscle in a Calorie Deficit? | GetMacros,Can you build muscle in a calorie deficit?,"Repository heading and task; qualitative, not measured search volume",Follow sources and related tools,Follow sources and related tools
/carbohydrate-label-portion-tool.html,Carb calculator | GetMacros,Carb calculator,"Repository heading and task; qualitative, not measured search volume",Calculate or compare portions,Calculate or compare portions
/carbs.html,What do carbs do in your body? | GetMacros,What do carbs do in your body?,"Repository heading and task; qualitative, not measured search volume",Follow sources and related tools,Follow sources and related tools
/cava-healthy-meals-macros.html,"Healthy CAVA Orders: Bowls, Calories & Protein | GetMacros",Healthy CAVA meals,"Repository heading and task; qualitative, not measured search volume",Open tracked orders and restaurant sources,Open tracked orders and restaurant sources
/chick-fil-a-healthy-meals-macros.html,Healthy Chick-fil-A Orders: Calories & Protein | GetMacros,Healthy Chick-fil-A meals,"Repository heading and task; qualitative, not measured search volume",Open tracked orders and restaurant sources,Open tracked orders and restaurant sources
/chick-fil-a-vs-popeyes-chicken.html,Chick-fil-A grilled nuggets vs Popeyes blackened tenders | GetMacros,Grilled nuggets or blackened tenders?,"Repository heading and task; qualitative, not measured search volume",Follow sources and related tools,Follow sources and related tools
/chipotle-healthy-meals-macros.html,"Healthy Chipotle Orders: Bowls, Calories & Protein | GetMacros",Healthy Chipotle meals,"Repository heading and task; qualitative, not measured search volume",Open tracked orders and restaurant sources,Open tracked orders and restaurant sources
/chipotle-rice-beans-nutrition.html,Chipotle rice and beans: compare exact portions and combined totals | GetMacros,Compare Chipotle rice and bean portions,"Repository heading and task; qualitative, not measured search volume",Follow sources and related tools,Follow sources and related tools
/chipotle-toppings-nutrition.html,Chipotle topping nutrition: compare serving sizes and added totals | GetMacros,What do Chipotle toppings add to the order?,"Repository heading and task; qualitative, not measured search volume",Follow sources and related tools,Follow sources and related tools
/chipotle-vs-cava-chicken-bowls.html,Chipotle vs CAVA chicken bowls: compare defined orders | GetMacros,Compare a Chipotle chicken bowl with CAVA’s named bowls,"Repository heading and task; qualitative, not measured search volume",Follow sources and related tools,Follow sources and related tools
/compare-complete-restaurant-orders.html,"Compare complete restaurant orders, not mismatched portions | GetMacros",Make sure the two numbers describe comparable orders,"Repository heading and task; qualitative, not measured search volume",Follow sources and related tools,Follow sources and related tools
/contact.html,Contact GetMacros,Contact GetMacros,"Repository heading and task; qualitative, not measured search volume",Prepare an email draft,Prepare an email draft
/corrections.html,Corrections and updates | GetMacros,Corrections and updates,"Repository heading and task; qualitative, not measured search volume",Read source/method/corrections information,Read source/method/corrections information
/cutting-bulking-maintenance-explained.html,"Cutting, bulking or maintenance: what do they mean? | GetMacros","Cutting, bulking or maintenance: what do they mean?","Repository heading and task; qualitative, not measured search volume",Follow sources and related tools,Follow sources and related tools
/does-creatine-cause-hair-loss.html,Does Creatine Cause Hair Loss? | GetMacros,Does creatine cause hair loss?,"Repository heading and task; qualitative, not measured search volume",Follow sources and related tools,Follow sources and related tools
/drained-weight-nutrition-label.html,Drained weight and nutrition labels: which weight counts? | GetMacros,Check the label before using drained weight,"Repository heading and task; qualitative, not measured search volume",Follow sources and related tools,Follow sources and related tools
/dunkin-healthy-breakfast-macros.html,Healthy Dunkin' Breakfast: Calories & Protein | GetMacros,Healthy Dunkin’ meals,"Repository heading and task; qualitative, not measured search volume",Open tracked orders and restaurant sources,Open tracked orders and restaurant sources
/edible-portion-vs-purchased-weight.html,Edible portion vs purchased weight: avoid counting bones and peel | GetMacros,The weight you buy may not be the weight you eat,"Repository heading and task; qualitative, not measured search volume",Follow sources and related tools,Follow sources and related tools
/editorial-policy.html,Editorial policy | GetMacros,Editorial policy,"Repository heading and task; qualitative, not measured search volume",Read source/method/corrections information,Read source/method/corrections information
/fast-food-breakfast-protein-comparison.html,Fast-food breakfast protein: four exact food portions compared | GetMacros,Compare protein in four tracked fast-food breakfasts,"Repository heading and task; qualitative, not measured search volume",Follow sources and related tools,Follow sources and related tools
/fast-food-fiber-and-protein.html,"Fast-food fiber and protein: compare beans, bowls and wraps | GetMacros",Fast-food orders that combine fiber and protein,"Repository heading and task; qualitative, not measured search volume",Follow sources and related tools,Follow sources and related tools
/fast-food-meals-500-to-700-calories.html,Fast-food orders from 500 to 700 calories: compare what is included | GetMacros,Compare fast-food orders in the 500–700-calorie range,"Repository heading and task; qualitative, not measured search volume",Follow sources and related tools,Follow sources and related tools
/fast-food-nutrition-data-report.html,"GetMacros nutrition data snapshot: coverage, calculations and source limits | GetMacros",The GetMacros restaurant-data snapshot,"Repository heading and task; qualitative, not measured search volume",Follow sources and related tools,Follow sources and related tools
/fast-food-protein-and-sodium.html,High-protein fast food and sodium: compare both numbers | GetMacros,More protein does not always mean less sodium,"Repository heading and task; qualitative, not measured search volume",Follow sources and related tools,Follow sources and related tools
/fast-food-under-1000mg-sodium.html,"Fast-food portions under 1,000 mg sodium: a sourced shortlist | GetMacros","Tracked fast-food portions below 1,000 mg sodium","Repository heading and task; qualitative, not measured search volume",Follow sources and related tools,Follow sources and related tools
/fats.html,What does fat do in your body? | GetMacros,What does fat do in your body?,"Repository heading and task; qualitative, not measured search volume",Follow sources and related tools,Follow sources and related tools
/grams-vs-milliliters-nutrition-labels.html,Grams vs milliliters on food labels: compare the same amount | GetMacros,Grams and milliliters are different measurements,"Repository heading and task; qualitative, not measured search volume",Follow sources and related tools,Follow sources and related tools
/grilled-and-blackened-chicken-comparison.html,Grilled and blackened fast-food chicken: compare protein portions | GetMacros,Compare grilled and blackened chicken portions,"Repository heading and task; qualitative, not measured search volume",Follow sources and related tools,Follow sources and related tools
/healthy-fast-food.html,Healthy Fast Food Options: Calories & Protein | GetMacros,Healthy fast food,"Repository heading and task; qualitative, not measured search volume",Choose a guide or restaurant,Choose a guide or restaurant
/high-protein-fast-food-under-500-calories.html,High-protein fast food under 500 calories: exact orders and portions | GetMacros,Fast-food orders under 500 calories with at least 25 g protein,"Repository heading and task; qualitative, not measured search volume",Follow sources and related tools,Follow sources and related tools
/high-protein-foods-list.html,25 High-Protein Foods: Compare Servings & Calories | GetMacros,Find high-protein foods,"Repository heading and task; qualitative, not measured search volume",Choose a guide or restaurant,Choose a guide or restaurant
/how-many-calories-should-i-eat-a-day.html,How many calories should I eat a day? | GetMacros,How many calories should I eat a day?,"Repository heading and task; qualitative, not measured search volume",Follow sources and related tools,Follow sources and related tools
/how-much-fiber-per-day.html,How much fiber do you need per day? | GetMacros,How much fiber do you need per day?,"Repository heading and task; qualitative, not measured search volume",Follow sources and related tools,Follow sources and related tools
/how-much-protein-can-your-body-absorb.html,How Much Protein Can Your Body Absorb at Once? | GetMacros,How much protein can your body absorb at once?,"Repository heading and task; qualitative, not measured search volume",Follow sources and related tools,Follow sources and related tools
/how-much-protein-per-day.html,How much protein do you need per day? | GetMacros,How much protein do you need per day?,"Repository heading and task; qualitative, not measured search volume",Follow sources and related tools,Follow sources and related tools
/how-much-sodium-per-day.html,How much sodium should you have per day? | GetMacros,How much sodium should you have per day?,"Repository heading and task; qualitative, not measured search volume",Follow sources and related tools,Follow sources and related tools
/how-to-build-a-balanced-meal-with-macros.html,How to Build a Balanced Meal With Macros | GetMacros,How to build a balanced meal with macros,"Repository heading and task; qualitative, not measured search volume",Follow sources and related tools,Follow sources and related tools
/how-to-calculate-macros-by-hand.html,How to calculate your macros by hand | GetMacros,How to calculate your macros by hand,"Repository heading and task; qualitative, not measured search volume",Follow sources and related tools,Follow sources and related tools
/how-to-calculate-maintenance-calories.html,How to Calculate Maintenance Calories | GetMacros,How to calculate maintenance calories,"Repository heading and task; qualitative, not measured search volume",Follow sources and related tools,Follow sources and related tools
/how-to-calculate-recipe-nutrition.html,How to Calculate Calories and Macros in a Recipe,How to calculate nutrition for a homemade recipe,"Repository heading and task; qualitative, not measured search volume",Follow sources and related tools,Follow sources and related tools
/how-to-eat-out-without-wrecking-your-goal.html,How to eat out while working toward your goals | GetMacros,How to eat out while working toward your goals,"Repository heading and task; qualitative, not measured search volume",Follow sources and related tools,Follow sources and related tools
/how-to-hit-protein-goal-on-budget.html,How to Hit Your Protein Goal on a Budget | GetMacros,How to hit your protein goal on a budget,"Repository heading and task; qualitative, not measured search volume",Follow sources and related tools,Follow sources and related tools
/how-to-read-a-nutrition-label.html,How to read a nutrition label | GetMacros,How to read a nutrition label,"Repository heading and task; qualitative, not measured search volume",Follow sources and related tools,Follow sources and related tools
/index.html,Find a fast-food meal that fits your macros | GetMacros,Find a meal that fits.,"Repository heading and task; qualitative, not measured search volume",Find my meal,Find my meal
/jersey-mikes-healthy-subs-macros.html,Healthy Jersey Mike's Subs: Calories & Protein | GetMacros,Healthy Jersey Mike’s meals,"Repository heading and task; qualitative, not measured search volume",Open tracked orders and restaurant sources,Open tracked orders and restaurant sources
/kfc-healthy-meals-macros.html,Healthy KFC Options: Calories & Protein | GetMacros,Healthy KFC meals,"Repository heading and task; qualitative, not measured search volume",Open tracked orders and restaurant sources,Open tracked orders and restaurant sources
/macros-for-muscle-gain.html,How to set your macros for muscle gain | GetMacros,How to set your macros for muscle gain,"Repository heading and task; qualitative, not measured search volume",Follow sources and related tools,Follow sources and related tools
/macros-for-weight-loss.html,How to set your macros for weight loss | GetMacros,How to set your macros for weight loss,"Repository heading and task; qualitative, not measured search volume",Follow sources and related tools,Follow sources and related tools
/mcdonalds-healthy-meals-macros.html,Healthy McDonald's Options: Calories & Protein | GetMacros,Healthy McDonald’s meals,"Repository heading and task; qualitative, not measured search volume",Open tracked orders and restaurant sources,Open tracked orders and restaurant sources
/missing-restaurant-nutrition.html,What does “not verified” mean on a restaurant meal? | GetMacros,A missing nutrition value is not zero,"Repository heading and task; qualitative, not measured search volume",Follow sources and related tools,Follow sources and related tools
/nutrition-label-comparison-tool.html,Nutrition Label Comparison Tool: Compare Two Foods | GetMacros,Compare two food labels,"Repository heading and task; qualitative, not measured search volume",Choose a guide or restaurant,Choose a guide or restaurant
/nutrition-label-rounding.html,Why nutrition label numbers do not always add up exactly | GetMacros,"Label math is an estimate, even when the division is exact","Repository heading and task; qualitative, not measured search volume",Follow sources and related tools,Follow sources and related tools
/panda-express-base-nutrition-comparison.html,"Panda Express bases: rice, chow mein and Super Greens portions | GetMacros",Compare Panda Express bases using the right serving,"Repository heading and task; qualitative, not measured search volume",Follow sources and related tools,Follow sources and related tools
/panda-express-chicken-entree-comparison.html,"Panda Express chicken entrees: teriyaki, string bean and orange | GetMacros",Compare three Panda Express chicken entrees,"Repository heading and task; qualitative, not measured search volume",Follow sources and related tools,Follow sources and related tools
/panda-express-healthy-meals-macros.html,Healthy Panda Express Orders: Calories & Protein | GetMacros,Healthy Panda Express meals,"Repository heading and task; qualitative, not measured search volume",Open tracked orders and restaurant sources,Open tracked orders and restaurant sources
/panera-healthy-meals-macros.html,Healthy Panera Orders: Calories & Protein | GetMacros,Healthy Panera meals,"Repository heading and task; qualitative, not measured search volume",Open tracked orders and restaurant sources,Open tracked orders and restaurant sources
/popeyes-healthy-meals-macros.html,Healthy Popeyes Options: Calories & Protein | GetMacros,Healthy Popeyes meals,"Repository heading and task; qualitative, not measured search volume",Open tracked orders and restaurant sources,Open tracked orders and restaurant sources
/privacy.html,Privacy Policy,Privacy policy,"Repository heading and task; qualitative, not measured search volume",Read terms and privacy limits,Read terms and privacy limits
/protein-cost-food-waste.html,Protein cost and food waste: when the bigger pack stops saving money | GetMacros,A bulk pack saves money only if you use enough of it,"Repository heading and task; qualitative, not measured search volume",Follow sources and related tools,Follow sources and related tools
/protein-density-fast-food.html,Fast-food protein per 100 calories: a portion-aware comparison | GetMacros,How much protein do you get per 100 calories?,"Repository heading and task; qualitative, not measured search volume",Follow sources and related tools,Follow sources and related tools
/protein-powder-scoop-weight.html,Protein powder scoop weight: calculate the amount you use | GetMacros,"Use the powder’s serving weight, not just the scoop count","Repository heading and task; qualitative, not measured search volume",Follow sources and related tools,Follow sources and related tools
/protein-value-calculator.html,Protein cost per gram calculator | GetMacros,Protein cost per gram calculator,"Repository heading and task; qualitative, not measured search volume",Choose a guide or restaurant,Choose a guide or restaurant
/protein.html,What does protein do in your body? | GetMacros,What does protein do in your body?,"Repository heading and task; qualitative, not measured search volume",Follow sources and related tools,Follow sources and related tools
/raw-vs-cooked-food-weight.html,Raw vs cooked weight: which nutrition entry should you use? | GetMacros,Match the food weight to its raw or cooked entry,"Repository heading and task; qualitative, not measured search volume",Follow sources and related tools,Follow sources and related tools
/recipe-macro-scaler.html,Recipe Portion Calculator: Calories per Serving | GetMacros,Calories per recipe portion,"Repository heading and task; qualitative, not measured search volume",Choose a guide or restaurant,Choose a guide or restaurant
/restaurant-bowl-nutrition-comparison.html,Restaurant bowl nutrition: compare complete listed builds | GetMacros,"A bowl is a format, not a nutrition target","Repository heading and task; qualitative, not measured search volume",Follow sources and related tools,Follow sources and related tools
/restaurant-meal-finder.html,Healthy Fast-Food Meal Finder: High-Protein & Low-Calorie Meals,Healthy fast-food meals,"Repository heading and task; qualitative, not measured search volume","Refine, view, save or compare an order","Refine, view, save or compare an order"
/restaurant-meal-guides.html,Healthy Fast-Food Restaurant Guides | GetMacros,Restaurant meal guides,"Repository heading and task; qualitative, not measured search volume",Choose a guide or restaurant,Choose a guide or restaurant
/search.html,"Search Healthy Fast Food, Macro Tools & Guides | GetMacros",Search GetMacros,"Repository heading and task; qualitative, not measured search volume",Search or open a matching result,Search or open a matching result
/serving-size-vs-portion-size.html,Serving Size vs. Portion Size: What Is the Difference?,Serving size vs. portion size: what is the difference?,"Repository heading and task; qualitative, not measured search volume",Follow sources and related tools,Follow sources and related tools
/sodium-label-comparison-tool.html,Sodium calculator | GetMacros,Sodium calculator,"Repository heading and task; qualitative, not measured search volume",Calculate or compare portions,Calculate or compare portions
/sources.html,Nutrition Sources & Calculator Methods | GetMacros,Nutrition sources and calculation methods,"Repository heading and task; qualitative, not measured search volume",Read source/method/corrections information,Read source/method/corrections information
/starbucks-healthy-food-meals-macros.html,Healthy Starbucks Food: Calories & Protein | GetMacros,Healthy Starbucks meals,"Repository heading and task; qualitative, not measured search volume",Open tracked orders and restaurant sources,Open tracked orders and restaurant sources
/subway-healthy-meals-macros.html,Healthy Subway Orders: Calories & Protein | GetMacros,Healthy Subway meals,"Repository heading and task; qualitative, not measured search volume",Open tracked orders and restaurant sources,Open tracked orders and restaurant sources
/sweat-rate-calculator.html,Sweat rate calculator | GetMacros,Sweat rate calculator,"Repository heading and task; qualitative, not measured search volume",Calculate or compare portions,Calculate or compare portions
/sweetgreen-healthy-meals-macros.html,Healthy Sweetgreen Bowls: Calories & Protein | GetMacros,Healthy Sweetgreen meals,"Repository heading and task; qualitative, not measured search volume",Open tracked orders and restaurant sources,Open tracked orders and restaurant sources
/sweetgreen-vs-panera-chicken-salads.html,Sweetgreen vs Panera chicken salads: two whole orders compared | GetMacros,Compare two whole chicken salads,"Repository heading and task; qualitative, not measured search volume",Follow sources and related tools,Follow sources and related tools
/taco-bell-healthy-meals-macros.html,"Healthy Taco Bell Orders: Bowls, Tacos & Calories | GetMacros",Healthy Taco Bell meals,"Repository heading and task; qualitative, not measured search volume",Open tracked orders and restaurant sources,Open tracked orders and restaurant sources
/terms.html,Terms of Use,Terms of use,"Repository heading and task; qualitative, not measured search volume",Read terms and privacy limits,Read terms and privacy limits
/unequal-recipe-portions.html,How to calculate macros for unequal recipe portions | GetMacros,Different portions need different shares of the recipe,"Repository heading and task; qualitative, not measured search volume",Follow sources and related tools,Follow sources and related tools
/use-calorie-target-meal-finder.html,Use a daily calorie estimate to choose a restaurant meal | GetMacros,Use your daily estimate to find a meal,"Repository heading and task; qualitative, not measured search volume",Follow sources and related tools,Follow sources and related tools
/vegetarian-fast-food-protein-comparison.html,Vegetarian fast-food protein: compare eight tracked orders | GetMacros,Compare protein in tracked meat-free orders,"Repository heading and task; qualitative, not measured search volume",Follow sources and related tools,Follow sources and related tools
/weight-goal-timeline-calculator.html,Weight goal timeline | GetMacros,Weight goal timeline,"Repository heading and task; qualitative, not measured search volume",Calculate or compare portions,Calculate or compare portions
/wendys-healthy-meals-macros.html,Healthy Wendy's Options: Calories & Protein | GetMacros,Healthy Wendy’s meals,"Repository heading and task; qualitative, not measured search volume",Open tracked orders and restaurant sources,Open tracked orders and restaurant sources
/what-are-macros.html,What are macros? | GetMacros,What are macros?,"Repository heading and task; qualitative, not measured search volume",Follow sources and related tools,Follow sources and related tools
/what-is-a-calorie-deficit.html,What Is a Calorie Deficit? | GetMacros,What is a calorie deficit?,"Repository heading and task; qualitative, not measured search volume",Follow sources and related tools,Follow sources and related tools
/what-to-eat-after-a-workout.html,What to Eat After a Workout | GetMacros,What to eat after a workout,"Repository heading and task; qualitative, not measured search volume",Follow sources and related tools,Follow sources and related tools
/what-to-eat-before-a-workout.html,What to Eat Before a Workout | GetMacros,What to eat before a workout,"Repository heading and task; qualitative, not measured search volume",Follow sources and related tools,Follow sources and related tools
/when-to-recalculate-calories-and-macros.html,When Should You Recalculate Calories and Macros? | GetMacros,When should you recalculate calories and macros?,"Repository heading and task; qualitative, not measured search volume",Follow sources and related tools,Follow sources and related tools
/why-did-i-gain-weight-overnight.html,Why Did I Gain Weight Overnight? | GetMacros,Why did I gain weight overnight?,"Repository heading and task; qualitative, not measured search volume",Follow sources and related tools,Follow sources and related tools
