route,title,category,intent,original_utility,research_status,writing_status,editorial_status,publication_status,render_status,word_count,source_count,body_hash,remaining_issues
sugar-lines-do-not-add.html,Do I add total sugars and added sugars together?,Food labels,Avoid double-counting an indented nutrient on a U.S. label.,Original subtraction and portion-scaling example with an accounting check.,inspected primary sources,authored,checked,published in release candidate,pending parent route/browser verification,249,1,a744b3c7d9c156d797e6427f57aada87a800af8388280b58d2d16b36e391dfcd,
nutrient-grams-not-food-weight.html,Why do nutrient grams not add up to the food’s weight?,Nutrition numbers,Understand why food mass differs from summed listed macronutrients.,Mass-accounting example distinguishes unlisted water and components from a missing-food error.,inspected primary sources,authored,checked,published in release candidate,pending parent route/browser verification,267,2,28b4f6637d998f4b5c1891f0e0f4a4f9ba841a92016514f2e43263c679a42297,
protein-label-blank-daily-value.html,Why can a protein label have grams but no % Daily Value?,Protein questions,Interpret protein grams with an absent percentage field.,Explains absent versus zero fields with a concrete two-product comparison.,inspected primary sources,authored,checked,published in release candidate,pending parent route/browser verification,269,1,fd22d90ff925815d98975e493e1ae3163b5477a8deb51c6783e4e51a13bece1e,
percent-daily-value-not-vertical-total.html,Why % Daily Value does not add up to 100%,Food labels,Interpret the vertical Daily Value column as separate reference ratios.,Original independent-denominator example and table.,inspected primary sources,authored,checked,published in release candidate,pending parent route/browser verification,254,1,7df034a6dfa53ced6bfc273c49b7b6481e0433f4d483f8c8d410cdd2c3ae1f54,
sodium-milligrams-to-grams.html,Sodium in mg and g: stop the thousand-fold mistake,Nutrition numbers,Convert sodium units without confusing nutrient amount with food weight.,Unit ledger with a thousand-fold input-error demonstration.,inspected primary sources,authored,checked,published in release candidate,pending parent route/browser verification,251,2,7ec4b258e44a7990d3cb8b79d9bf88cc557c279d1877e351b6ee5f010dbb9f2e,
per-ounce-vs-per-100g-food.html,How to compare food listed per ounce and per 100 g,Food labels,Compare mass ounces and metric mass label bases.,Original per-ounce normalization with explicit fluid-ounce exclusion.,inspected primary sources,authored,checked,published in release candidate,pending parent route/browser verification,263,3,bf7bd1c360cef0f577297bd6eb3f9e3b4856e247d51416341620f1311a272939,
half-serving-percent-daily-value.html,Does half a serving mean half the % Daily Value?,Food labels,Use percentage reference amounts when eating a fractional serving.,A sodium percentage calculation distinguishes exact arithmetic from rounded panel display.,inspected primary sources,authored,checked,published in release candidate,pending parent route/browser verification,243,2,b1f66c2a50787b759b37e28576d16029a859f995000a213b1bf15aea452a8d2c,
added-sugar-percentage-from-grams.html,Calculate added-sugars % Daily Value from grams,Food labels,Reconcile added-sugar grams and the label reference percentage.,Worked examples for single and multiple portions with total-sugar boundary.,inspected primary sources,authored,checked,published in release candidate,pending parent route/browser verification,242,1,59778d4397430418f11cbde211c56a05b9c042a38f45038a5c5b15c79b5224ae,
calorie-range-menu-reading.html,What does a calorie range on a restaurant menu mean?,Eating out,Interpret menu calorie ranges for variable menu combinations.,A decision checklist and invented combo arithmetic distinguish endpoints from an exact order.,inspected primary sources,authored,checked,published in release candidate,pending parent route/browser verification,257,1,f048b8bd984ff80f01426d1d6b7e9d2391c6667de5a8802578fe3fd041b2d3e0,
restaurant-menu-serving-weight.html,When restaurant serving weights help—and when they do not,Eating out,Interpret listed restaurant serving mass without overclaiming portion precision.,A mass-to-density example and a distinction between published and served quantities.,inspected primary sources,authored,checked,published in release candidate,pending parent route/browser verification,261,2,f9e494d6aa4899c5f13c2ece673fbe5e6640b8c2eebf0fd57cd6ed52a5a67f33,
net-carbs-total-carbohydrate.html,Can I put “net carbs” into a total-carbohydrate filter?,Food labels,Avoid mixing a marketing net-carb value with total-carbohydrate data.,Worked difference with explicit definition assumptions and missing-data boundary.,inspected primary sources,authored,checked,published in release candidate,pending parent route/browser verification,248,1,e23f9bfbb56b0f18f5bcec0c6b8821a9a194e65bd70d28606c6c253e687cd0cf,
choose-fooddata-central-entry.html,Which FoodData Central entry should I choose?,Kitchen calculations,Select a USDA data type and food description for a real measurement.,Entry-selection decision matrix with a practical identification checklist.,inspected primary sources,authored,checked,published in release candidate,pending parent route/browser verification,260,2,b84e03056fc822648b6396b844c0a64c7124237e1f5435ad6aec87b3b7da59f2,
nutrition-data-mean-not-every-portion.html,A food database average is not every individual portion,Nutrition data,Interpret variability in sampled nutrient data.,"An original three-sample arithmetic example separates mean, range and individual measurement.",inspected primary sources,authored,checked,published in release candidate,pending parent route/browser verification,264,1,3425587fdf868963c5cc063fc9f6d907fc2781492205e3f64b622e136e9bd808,
nutrition-blank-vs-not-detected.html,"Blank, zero and “not detected” are different nutrition entries",Nutrition data,"Separate missing, measured/rounded zero and detection-limited fields.",Original status ledger demonstrates why calculations must propagate unknowns.,inspected primary sources,authored,checked,published in release candidate,pending parent route/browser verification,263,2,d6a0977da481f07e38782cbf843529840661a290cc85c9b1f84bde358f48881a,
tare-bowl-before-weighing-food.html,How to tare a bowl before weighing food,Kitchen calculations,Use container subtraction to obtain the measured food mass.,Tare and manual-subtraction workflows with a diagnostic example.,inspected primary sources,authored,checked,published in release candidate,pending parent route/browser verification,251,2,b186119e8486df37ce039232a163a9f74bd9e831782588956f4e7ea4818fa5ee,
weigh-food-by-container-difference.html,Weigh a spoonful by the change in container weight,Kitchen calculations,Estimate transferred mass by before/after container readings.,Difference method with residue and separate-ingredient boundaries.,inspected primary sources,authored,checked,published in release candidate,pending parent route/browser verification,254,2,f041e665d12e1e2179eb0ecf34f8f0c95fc6dc102d164e246111b16c55013dea,
portion-ratio-vs-percent-change.html,A portion multiplier is different from a percentage increase,Nutrition numbers,Distinguish final ratio from change percentage in nutrition comparisons.,Side-by-side multiplier and percentage-change example.,inspected primary sources,authored,checked,published in release candidate,pending parent route/browser verification,237,1,eb2ddf3dc6f01233bdd75a565ee978d75eb98a3da11bee1249eab7f4c4e87d76,
percentage-points-vs-percent-food-labels.html,Percentage points and percent: read a label comparison correctly,Nutrition numbers,Describe differences between nutrient reference percentages accurately.,"Original three-way comparison of amount, point difference and relative change.",inspected primary sources,authored,checked,published in release candidate,pending parent route/browser verification,235,1,c26678b1fa417d9cbf5bc265e39f50f1a039f1107dad7523a78a2461ed4ccd16,
grams-per-serving-vs-protein-percentage.html,Protein grams are different from the percentage of a food’s weight,Protein questions,Interpret protein gram content as mass share rather than calorie share or Daily Value.,One invented food described on three denominator bases.,inspected primary sources,authored,checked,published in release candidate,pending parent route/browser verification,245,2,ec0381a37f6e13566c472a472eb1df52760b7caeb0ae842e62fb18b82fb977a1,
protein-target-gap-not-automatic-extra.html,"A protein gap is arithmetic, not an instruction to add another order",Protein questions,Interpret a user-chosen protein target difference without automatic supplementation advice.,Hypothetical gap comparison across portion options and uncertainty.,inspected primary sources,authored,checked,published in release candidate,pending parent route/browser verification,260,1,4e03a46db397323af780c426b9932e5636e3052f12f1d13f77f8c8fffccba558,
protein-serving-count-day-not-prescription.html,Add protein from different portions without inventing a meal plan,Protein questions,Sum recorded protein across distinct eating occasions without prescribing intake.,A four-entry example with an omitted-item correction.,inspected primary sources,authored,checked,published in release candidate,pending parent route/browser verification,257,1,0148f214f03610878b32ebe18175632928c0dd35d9fede7afc24059ff63a060d,
protein-per-package-not-scoop-count.html,How much protein is in a pack when serving weights differ?,Protein questions,Compare total protein in packages whose serving count and size differ.,"Two-pack example distinguishes package content, portion content and cost.",inspected primary sources,authored,checked,published in release candidate,pending parent route/browser verification,255,1,d1df7dd46c8ec2040429c6bbf4de25364269ceb6c030e3fa49773fa022edcb96,
fiber-per-portion-vs-density.html,More fiber per 100 g can still mean less fiber on your plate,Fiber and plant foods,Distinguish fiber density from fiber delivered by a chosen portion.,A reversible ranking example using two different real-life measurement questions.,inspected primary sources,authored,checked,published in release candidate,pending parent route/browser verification,246,1,1832c402152bb8bf3a84039ef68325d7af1638bd45a3e23f44eb7341a9f30c44,
fiber-daily-value-portion-example.html,What does 7 g fiber mean on a U.S. label?,Fiber and plant foods,Interpret a fiber quantity against the current FDA Daily Value basis.,Original fraction-of-reference example with two portion sizes.,inspected primary sources,authored,checked,published in release candidate,pending parent route/browser verification,245,1,079f52b2c44c38ef70e378eed19d991a8e1bb9c5bcb16ce3baa51337368cb2e7,
two-fiber-sources-one-bowl.html,"Two fiber sources in one bowl: add the portions, not the percentages",Fiber and plant foods,Sum supported fiber contributions in a mixed example without assuming uniform distributions.,Original two-ingredient calculation and a missing-topping boundary.,inspected primary sources,authored,checked,published in release candidate,pending parent route/browser verification,240,2,c6a835e56f4307c17630e01f310bcbe82d878d862dbfaf1c822971e3fa61d03e,
plant-name-not-fiber-number.html,A plant ingredient’s name cannot tell you its fiber grams,Fiber and plant foods,Avoid fabricating fiber from plant names and unspecified mixtures.,Decision workflow distinguishes descriptive ingredients from numerical evidence.,inspected primary sources,authored,checked,published in release candidate,pending parent route/browser verification,251,2,b0fbd6d1aafbaff29ebacbe079dba72c55ee071283b3dd4a607fbb67a125afa8,
vegetarian-label-not-allergen-safety.html,Vegetarian is not an allergen-safety guarantee,Eating out,Distinguish dietary preference labels from confirmed allergy suitability.,"Ordering checklist separating ingredient preference, allergen declaration and preparation.",inspected primary sources,authored,checked,published in release candidate,pending parent route/browser verification,249,1,1659d6c66a5c255a434325a472cd25474e3b7d972d74e2e9283899d158c078eb,
breakfast-two-items-not-one-entry.html,A breakfast order with two items needs two nutrition entries,Breakfast decisions,Document a breakfast assembled from separate source servings.,Original breakfast ledger with exclusions and total correction.,inspected primary sources,authored,checked,published in release candidate,pending parent route/browser verification,248,2,13db8fc8a65277766f170ce0a1ea12d06716c3cdaf22058b632ce9fe81e263d7,
breakfast-yogurt-topping-layer.html,Calculate yogurt with a topping without treating it as one label,Breakfast decisions,Estimate breakfast assembled from separately packaged yogurt and topping.,Original two-label calculation with partial-topping example.,inspected primary sources,authored,checked,published in release candidate,pending parent route/browser verification,236,1,7a590fe4c39e834d64c16a9e076b9e2f54b824f334897e97bb74c6e9b5804770,
breakfast-sandwich-half-not-half-protein.html,Half a sandwich may not be half of every nutrient,Breakfast decisions,Explain when fractional mixed-food nutrition is an estimate.,Original unequal-filling example and a clear documentation workflow.,inspected primary sources,authored,checked,published in release candidate,pending parent route/browser verification,235,2,b6dee6beea457e86eb974e86508a90f0e7d4d20c58dceb32b0c2f03e35828c09,
breakfast-food-vs-combo-menu.html,Breakfast item or breakfast combo: compare the same thing,Breakfast decisions,Avoid comparing a breakfast combo with a standalone entrée.,Complete-vs-food-only example with explicit comparative arithmetic.,inspected primary sources,authored,checked,published in release candidate,pending parent route/browser verification,246,2,2c3ff3abffb5f2c2fb19fb3530aba4fe703815a6fbaabe19d8abe894445a75c8,
protein-cost-currency-comparison.html,Protein prices only compare when the currencies match,Food costs,Compare protein costs within a single currency and compatible tax scope.,Price ledger with per-protein-unit arithmetic and currency exclusion.,inspected primary sources,authored,checked,published in release candidate,pending parent route/browser verification,243,1,f384d9591b08b9f6a3d68b5e0b5793e964953fee3780b7acd6ea90b3d5d06da2,
two-for-one-protein-promotion.html,Does a two-for-one offer change the protein value?,Food costs,Evaluate a multi-pack promotion without treating free units as usable by default.,Promotion math with complete and partial-use cases.,inspected primary sources,authored,checked,published in release candidate,pending parent route/browser verification,247,1,61e2a3d57a5815799f020ed4f8b34bcaabc27023331ba204b6d50fa6559a48da,
protein-value-after-fixed-delivery-fee.html,Delivery fees can reverse a protein-cost comparison,Food costs,Compare two purchases when one has an unavoidable fixed fee.,Original fee-inclusive ranking reversal with a break-even calculation.,inspected primary sources,authored,checked,published in release candidate,pending parent route/browser verification,250,1,49570f7368d510632812a2d50744c3c405e4eda5795973927a9308ba3f57ac2d,
protein-cost-pack-size-minimum-spend.html,Cheaper protein per gram can require a larger cash outlay,Food costs,Compare unit value under a fixed purchase budget.,Feasible-purchase ledger with an explicit budget constraint.,inspected primary sources,authored,checked,published in release candidate,pending parent route/browser verification,239,1,0bab2e2c824a12d3d36d49b88ea139915657822c78c246edb4ca0b7b7ae022a4,
restaurant-protein-value-no-price-data.html,Can you rank restaurant protein value without prices?,Food costs,Explain the evidence needed for a restaurant protein-value ranking.,Example showing identical nutrition but opposite price rankings under two price assumptions.,inspected primary sources,authored,checked,published in release candidate,pending parent route/browser verification,245,1,e5253234720de318c5791d0e41c4614160925d616fde43b71489fc64aef81fb4,
recipe-fixed-seasoning-scale.html,Scaling a recipe when one ingredient stays fixed,Recipe arithmetic,Calculate a nonuniformly scaled recipe with a fixed component.,Original recipe ledger distinguishing variable and fixed components.,inspected primary sources,authored,checked,published in release candidate,pending parent route/browser verification,237,2,423443dc72dada04b8971bd13c208d06a0b9da999d27f192ed5cef2d692bd9a2,
recipe-one-ingredient-substitution.html,Recalculate a recipe after changing one ingredient,Recipe arithmetic,Update batch nutrition for one documented ingredient replacement.,Original subtraction/addition ledger with equal amount and different basis cautions.,inspected primary sources,authored,checked,published in release candidate,pending parent route/browser verification,223,2,dcbc3f27b4671a9abe236bf0f73dc98106c95b809855e620b1e704d860ed65a7,
recipe-sauce-on-side-two-totals.html,Recipe with sauce on the side: keep two totals,Recipe arithmetic,Calculate optional sauce separately from a base recipe.,Base/sauce ledger avoids assuming all or none of an optional addition.,inspected primary sources,authored,checked,published in release candidate,pending parent route/browser verification,239,2,7b83069fc47b87e5d65819ad1cf8d3e501994d9f913de7b61f25de659caea287,
recipe-evaporation-weight-density.html,"When water evaporates, recipe calories per gram can change",Recipe arithmetic,Understand a changed cooked yield without inventing nutrient loss.,Original fixed-nutrient-total model distinguishes mass loss from measured composition change.,inspected primary sources,authored,checked,published in release candidate,pending parent route/browser verification,228,2,adba837f06f0543a33ab239f3a3f96ee010bb9c8997628b2a4dd853e7565a5ab,
recipe-left-in-pan-residual.html,Food left in the pan: what can you subtract from the recipe?,Recipe arithmetic,Handle retained residue without equating any lost gram with the average recipe.,Original residual example distinguishes uniform leftovers from separated oil or solids.,inspected primary sources,authored,checked,published in release candidate,pending parent route/browser verification,229,2,037c719e72f6a3e3f7c17d05a8703ce1789b2d33fbd6d256ea9d9c52d88d8ae3,
recipe-uniform-vs-component-serving.html,A stew and a plated meal need different portion calculations,Recipe arithmetic,Choose uniform-batch or separate-component portion methods.,Worked plate decomposition contrasts proportional division with measured components.,inspected primary sources,authored,checked,published in release candidate,pending parent route/browser verification,234,2,e54484da668efe790e537497a6a8e276ca285b803d821fafe90890b5c936a30e,
recipe-discrete-pieces-count-or-weight.html,Counted pieces or gram portions: choose one clear recipe basis,Recipe arithmetic,Allocate recipe nutrition among countable pieces with unequal size boundaries.,Original muffin-style yield calculation contrasted with weighed piece calculation.,inspected primary sources,authored,checked,published in release candidate,pending parent route/browser verification,227,2,aefbe211c1dfd3c893544994d19acddcde301aac9fd3d4ad903c18ab5cba5920,
recipe-quarter-batch-not-quarter-ingredient.html,A quarter of the batch is not a quarter of one ingredient,Recipe arithmetic,Avoid applying a recipe portion fraction to only one component.,Three-ingredient batch example with a diagnostic incorrect calculation.,inspected primary sources,authored,checked,published in release candidate,pending parent route/browser verification,212,1,e94ce442411d70befe875921b2f61717648c4bb60dffc73c25c02f880475ab80,
recipe-added-water-not-new-nutrients.html,"Adding water changes recipe weight, not the counted ingredient totals",Recipe arithmetic,Model added water in a fixed-nutrient recipe without misusing an old density.,Original water-addition model and equal-weight portion comparison.,inspected primary sources,authored,checked,published in release candidate,pending parent route/browser verification,235,2,5aa83c6796ddc884706e420689ec6fb65a6523b9626ef8a8a272a64ef90a32c7,
recipe-freezing-portion-count.html,Freezing a batch does not decide its serving count,Recipe arithmetic,Organize frozen recipe portions without treating container count as equal weight.,Original container ledger with unequal fills and known batch fractions.,inspected primary sources,authored,checked,published in release candidate,pending parent route/browser verification,233,2,1c5a8711d8653b8b322ce43ac9d5ac657f102b70f67036b3111e918a706efe2e,
calculator-positive-inputs-zero-nutrition.html,A zero nutrient value is different from a zero serving weight,Calculator notes,Distinguish zero nutrient inputs from invalid denominator inputs.,"Boundary-case examples using sodium, label scaling and protein-value division.",inspected primary sources,authored,checked,published in release candidate,pending parent route/browser verification,236,2,b0aeaad13f6202e0d019d3a79d84a2f148de18687ead6090d17e57887dfdb4be,
calculator-round-at-end.html,Why a calculator should round at the end,Calculator notes,Avoid compounded rounding error during portion calculations.,Original repeating-decimal example with exact total reconciliation.,inspected primary sources,authored,checked,published in release candidate,pending parent route/browser verification,230,1,336f48d66c733b9db777416d620cd2a14f9054cda565d315e8928d59b858ea36,
calculator-activity-choice-sensitivity.html,Activity choices can change an estimate more than decimal places,Calculator notes,Interpret sensitivity to activity-factor inputs without prescribing intake.,Abstract factor comparison separates input assumptions from apparent precision.,inspected primary sources,authored,checked,published in release candidate,pending parent route/browser verification,225,1,ef74907ee841773cd62df3aa733e7f5889dbe8c992c264d65be5e2eb2f6e6170,
calculator-pound-kilogram-entry.html,"Pounds and kilograms: change the unit, not just the number",Calculator notes,Check body-mass unit consistency before a nutrition estimate.,Unit-conversion audit with no personal calorie prescription.,inspected primary sources,authored,checked,published in release candidate,pending parent route/browser verification,222,2,0900de13623077c96f9090bb4512fe86394a42985b824ed6d01ba0b7870c34b2,
calculator-input-basis-checklist.html,Before calculating: five checks on the nutrition input,Calculator notes,"Audit label basis, material state, unit, included amount and status before calculation.",A five-part troubleshooting sequence applied to one concrete input scenario.,inspected primary sources,authored,checked,published in release candidate,pending parent route/browser verification,232,3,fcdbc499ba3d5230f4a86519b8d19887037063f1f8bff37cf9818926646dd404,
calorie-tool-output-reverse-check.html,Reverse-check a portion calculator before trusting its output,Calculator notes,Verify a scaled nutrition result using the original input basis.,Original forward/inverse arithmetic and error diagnosis.,inspected primary sources,authored,checked,published in release candidate,pending parent route/browser verification,215,1,cec98f4c6a903cf3c60ef4e37034a0c8d22d06ec1ba4951aac35d5a51138506a,
restaurant-compare-tradeoff-not-single-score.html,Two meals can trade places when your priority changes,Lunch and dinner,Explain multidimensional ranking without a fabricated fit score.,Original two-order trade-off analysis retaining both coordinates.,inspected primary sources,authored,checked,published in release candidate,pending parent route/browser verification,238,2,439075d0bc3ea9fab45d1e69e73ef91187f4749706af29a9af650b50ab9e4d0d,
restaurant-dominated-choice-still-context.html,When one order beats another on two numbers,Lunch and dinner,Interpret Pareto dominance on supported meal attributes without a health ranking.,Three-order example explains dominance versus a remaining trade-off.,inspected primary sources,authored,checked,published in release candidate,pending parent route/browser verification,235,2,7e5593b75f63448c0108094ead319659c8a742e007799cbf9e4314a3c897ccce,
meal-filters-intersection-not-extra-options.html,Why adding a filter can reduce your meal matches,Lunch and dinner,Explain intersection of strict supported constraints with an original example.,Three-order truth table with an empty-intersection explanation.,inspected primary sources,authored,checked,published in release candidate,pending parent route/browser verification,220,2,ca77055296a4672e70616af905ccf1620a835df8640e655bfb59f8903491bb84,
restaurant-search-result-count-scope.html,"A result count is coverage, not the whole restaurant menu",Nutrition data,"Interpret meal-finder counts as dataset-limited matches, not menu exhaustiveness.","Scope checklist distinguishes tracked, eligible, matching and displayed counts.",inspected primary sources,authored,checked,published in release candidate,pending parent route/browser verification,234,1,0abf6f6ff502150fed2a2e2ca617c9ac4839203336977021d4eb49a7158df420,
same-restaurant-name-different-market-data.html,The same restaurant name does not mean the same nutrition worldwide,Eating out,Avoid transferring U.S. nutrient values to another market by brand name.,"Evidence checklist for market, standard build and source date.",inspected primary sources,authored,checked,published in release candidate,pending parent route/browser verification,226,1,78e14b43ab468573ba8181353e3cc6cd1aba5ee9f6b0cde06391ad81237550a9,
arbys-roast-beef-cheddar-french-dip.html,"Arby’s roast beef, Beef ’n Cheddar or French Dip?",Restaurant comparisons,Choose among three roast-beef sandwich builds without treating au jus as an extra unknown.,"Original source-defined comparison, fully labeled table and decision limits.",inspected primary sources,authored,checked,published in release candidate,pending parent route/browser verification,348,1,622ed12d346e3a6f916b5af4af71bbb592af55fdda1be485e67f8d2531cf0f8d,
arbys-breakfast-bread-format.html,"Arby’s bacon breakfast: biscuit, croissant, wrap or sourdough?",Breakfast decisions,Compare four bacon breakfast formats with printed mass and sodium.,"Original source-defined comparison, fully labeled table and decision limits.",inspected primary sources,authored,checked,published in release candidate,pending parent route/browser verification,364,1,347c4d6824b6ce66834f4b8fe68aeff32054a5734eef68087eaac434aaa320cc,
del-taco-two-street-tacos-vs-burrito.html,Two Del Taco street tacos or one chicken burrito?,Restaurant comparisons,Compare a clearly calculated two-taco order with a standard single burrito.,"Original source-defined comparison, fully labeled table and decision limits.",inspected primary sources,authored,checked,published in release candidate,pending parent route/browser verification,323,1,1b8681eadc792bb664002af2a4094f926e88b4455a89c5bb87e5e8ecd076e193,
del-taco-bean-burrito-vs-veggie-burrito.html,Del Taco bean-and-cheese or Eight Layer Veggie Burrito?,Fiber and plant foods,Compare named bean and veggie burritos rather than inferring fiber from branding.,"Original source-defined comparison, fully labeled table and decision limits.",inspected primary sources,authored,checked,published in release candidate,pending parent route/browser verification,346,1,38b617fa0e8d53ff8e6a4d2e73cfa4ce2efd6d7f062f91d96f34c010d3685a95,
sonic-small-burgers-not-same-order.html,SONIC’s smaller burgers: read beyond “Jr”,Restaurant comparisons,Resolve small burger portion choices without assuming the junior name guarantees lower sodium.,"Original source-defined comparison, fully labeled table and decision limits.",inspected primary sources,authored,checked,published in release candidate,pending parent route/browser verification,353,1,83743f580fcafcfcb4a8e7465f9f0340ce5696dba4127f6ea916959aae2aca63,
sonic-hot-dog-sodium-toppings.html,"SONIC hot dogs: similar calories, different sodium",Restaurant comparisons,Show how source-defined hot dog builds can tie on calories but differ in sodium.,"Original source-defined comparison, fully labeled table and decision limits.",inspected primary sources,authored,checked,published in release candidate,pending parent route/browser verification,358,1,400d8449a8669837f0baf3f6d45e4b4d472800c18fdca69e3de4ff240ad6e987,
culvers-chicken-grilled-crispy-spicy.html,"Culver’s grilled, crispy or spicy chicken sandwich?",Restaurant comparisons,Compare chicken sandwich preparations using the older officially linked source without claiming a fresh menu update.,"Original source-defined comparison, fully labeled table and decision limits.",inspected primary sources,authored,checked,published in release candidate,pending parent route/browser verification,316,1,bf92a60134612225e7054d7f22d24aa6aef6fa6ccad7464ebcdd2bd4ade5d716,
culvers-dinner-name-side-footnote.html,What does a Culver’s dinner nutrition row include?,Restaurant comparisons,"Explain the official dinner footnote through shrimp, cod and roast portions.","Original source-defined comparison, fully labeled table and decision limits.",inspected primary sources,authored,checked,published in release candidate,pending parent route/browser verification,357,1,3432cc289941f718e2f6ccc368c82e0a5b859a2a3c1b8778e4d42594e08a67cc,
taco-johns-bowl-base-tradeoff.html,Taco John’s rice bowl or Loaded Potato Olés bowl?,Restaurant comparisons,Compare two named chicken bowl types without inventing a customizable potato-to-rice swap.,"Original source-defined comparison, fully labeled table and decision limits.",inspected primary sources,authored,checked,published in release candidate,pending parent route/browser verification,316,1,a3161bd2094e91f27ba21dbe86fc43ec29f357a4cda253a1004294184853a712,
taco-johns-small-fiber-bound.html,Taco John’s “less than 1 g” fiber is not zero,Food labels,Show a real published less-than bound and contrast it with exact zero and a known fiber value.,"Original source-defined comparison, fully labeled table and decision limits.",inspected primary sources,authored,checked,published in release candidate,pending parent route/browser verification,374,1,45cb1cd67e4594cf3df36fd590f97dd0dbed9f2ecf264f85e9fa98074eff3254,
qdoba-burrito-bowl-published-pair.html,QDOBA Chicken Queso: bowl or burrito?,Restaurant comparisons,Show the two official Chicken Queso builds and avoid treating subtraction as ingredient verification.,"Original source-defined comparison, fully labeled table and decision limits.",inspected primary sources,authored,checked,published in release candidate,pending parent route/browser verification,294,1,e9359ae9d0b52e5191fae0be610c17e2ec8016511f5280ed940c113b572256dc,
qdoba-vegan-bowl-fiber-tradeoff.html,"QDOBA Fajita Vegan Bowl: fiber, protein and the full portion",Fiber and plant foods,Compare a vegan named build with Chicken Queso on supported nutrients while keeping classification source-specific.,"Original source-defined comparison, fully labeled table and decision limits.",inspected primary sources,authored,checked,published in release candidate,pending parent route/browser verification,292,1,d3052ffed321c1143775fb87c20c47ecc1dd983f1e721d83bd1140c2e547f936,
el-pollo-loco-salad-dressing-boundary.html,El Pollo Loco salads: check whether dressing is included,Restaurant comparisons,Make the dressing-excluded footnote operational for salad ordering and comparison.,"Original source-defined comparison, fully labeled table and decision limits.",inspected primary sources,authored,checked,published in release candidate,pending parent route/browser verification,344,1,620bd2bda07ba477bfdee13b9d5e6fbd6630a6671c956e6775a0b1cec25bf541,
el-pollo-loco-tortilla-complete-chicken-meal.html,El Pollo Loco chicken meal: corn or flour tortillas?,Restaurant comparisons,Compare officially named complete chicken-meal variants with sides fixed in the source.,"Original source-defined comparison, fully labeled table and decision limits.",inspected primary sources,authored,checked,published in release candidate,pending parent route/browser verification,312,1,63071a0c6d35aa957f92ec5bf5f5e908f3b617aa73b8301cfeb08a37a0479f00,
noodles-regular-noodle-orders-not-addons.html,Noodles & Company: which noodle rows already include chicken?,Restaurant comparisons,Distinguish regular dishes with included protein from plain base dishes before adding extras.,"Original source-defined comparison, fully labeled table and decision limits.",inspected primary sources,authored,checked,published in release candidate,pending parent route/browser verification,342,1,11bcd5a8fc4f19c6a2b08a228361afb33e1d1dff67332e3d66117121a89d436f,
noodles-two-chicken-salads.html,Noodles & Company chicken salads: Caesar or Mediterranean?,Restaurant comparisons,Compare two salad builds where sodium reverses the calorie ordering.,"Original source-defined comparison, fully labeled table and decision limits.",inspected primary sources,authored,checked,published in release candidate,pending parent route/browser verification,310,1,f3372593f60e20a6a984f2afb14ee5467714a5e6e08661a1523b90e0ab3c6fcd,
in-n-out-three-published-hamburger-versions.html,"In-N-Out Hamburger: standard, sauce swap or Protein Style?",Restaurant comparisons,Compare standard Hamburger variants without extrapolating unlisted secret-menu modifications.,"Original source-defined comparison, fully labeled table and decision limits.",inspected primary sources,authored,checked,published in release candidate,pending parent route/browser verification,313,1,26d7638b6c90226f8f2516b368279524981cb1c6eb3a1482d101481bd33607b9,
in-n-out-double-vs-two-hamburgers.html,In-N-Out Double-Double or two Hamburgers?,Restaurant comparisons,Compare one double burger with a transparently calculated two-standard-burger order.,"Original source-defined comparison, fully labeled table and decision limits.",inspected primary sources,authored,checked,published in release candidate,pending parent route/browser verification,291,1,50c5d6bcc644ba231e5161dcd1ceb3d4c6229a92484bc4fb8d6ef60af7e575ca,
raising-canes-build-order-not-combo-name.html,Raising Cane’s: build an order without inventing a combo total,Restaurant comparisons,Compare two explicitly calculated individual-item orders while preserving unknown exact fiber.,"Original source-defined comparison, fully labeled table and decision limits.",inspected primary sources,authored,checked,published in release candidate,pending parent route/browser verification,410,1,e6efa04e37b95715393f2073bef1f7398a983ea2f761460fd1f8e0917d860bc2,
arbys-sliders-count-whole-tray.html,Arby’s sliders: one row is one slider,Restaurant comparisons,Compare three recorded slider builds and demonstrate a three-slider order with no invented combo.,"Original source-defined comparison, fully labeled table and decision limits.",inspected primary sources,authored,checked,published in release candidate,pending parent route/browser verification,344,1,2688fc39f6ad8ab0fefa03d389dc167a39dffa80cbeba6336c7f6b4914badc2e,
cross-chain-melt-sandwich-orders.html,Reuben or sourdough melt: compare the whole sandwich,Restaurant comparisons,Compare melt sandwich constructions across chains with source age kept visible.,"Original source-defined comparison, fully labeled table and decision limits.",inspected primary sources,authored,checked,published in release candidate,pending parent route/browser verification,323,2,80e01acbd9bf97e011aa7d2ba5344e9c8ff147fad3536709eb3b1dfd1fa653a9,
three-count-tacos-not-three-equal-meals.html,Three tacos across Del Taco and QDOBA: define the count,Restaurant comparisons,Compare a source-defined three-taco build with a calculated three-street-taco order.,"Original source-defined comparison, fully labeled table and decision limits.",inspected primary sources,authored,checked,published in release candidate,pending parent route/browser verification,336,2,3ccde17eb363902218e90f6db17b39a585cc434586625c9866611140992aecf6,
protein-chicken-sandwich-size-cross-chain.html,Three chicken sandwiches with different portion boundaries,Restaurant comparisons,Choose among source-defined chicken sandwiches without assuming grilled and fried meat quantities are matched.,"Original source-defined comparison, fully labeled table and decision limits.",inspected primary sources,authored,checked,published in release candidate,pending parent route/browser verification,323,3,bcf44b8ece95510758a8ed006386aa8d479d6a62ac386de68911fc7b5aa045ac,
salad-burger-calories-no-category-rule.html,Can a burger have fewer calories than a salad?,Restaurant comparisons,Test the salad-versus-burger assumption against named source-defined entries without universal claims.,"Original source-defined comparison, fully labeled table and decision limits.",inspected primary sources,authored,checked,published in release candidate,pending parent route/browser verification,336,3,6f0c37a6edc19e9c02b55db8d1b6b4a5a99a5a5e673079aa1440eb56f2e02270,
cross-chain-bean-burritos-serving-proof.html,Two bean burritos: Del Taco and El Pollo Loco,Fiber and plant foods,Compare bean-based burrito builds by exact serving while avoiding dietary certification.,"Original source-defined comparison, fully labeled table and decision limits.",inspected primary sources,authored,checked,published in release candidate,pending parent route/browser verification,312,2,81b02987b569ff9cd95eea06ac468e61d88f9ccfa8789517aa2b72b9d36fd05c,
cross-chain-breakfast-ham-formats.html,Ham breakfasts at Arby’s and SONIC: choose the format,Breakfast decisions,Compare named ham breakfast formats across two chains with availability limits.,"Original source-defined comparison, fully labeled table and decision limits.",inspected primary sources,authored,checked,published in release candidate,pending parent route/browser verification,358,2,10f241fd142ee358ea188d2772bac87d0f905aa1915715ef480b87f48da81847,
cross-chain-chicken-soup-no-sodium-assumption.html,Chicken soup at El Pollo Loco and Noodles & Company,Restaurant comparisons,Compare two exact soup servings without pretending bowls and ounce weights match.,"Original source-defined comparison, fully labeled table and decision limits.",inspected primary sources,authored,checked,published in release candidate,pending parent route/browser verification,307,2,a80bb07a583803627459ee1c3ce24b1b6eced15e5e0bb582566b9f6732b816ff,
burrito-wrap-cross-chain-no-size-standard.html,A wrap is not a burrito serving standard,Restaurant comparisons,Compare named wrap sizes across chains to challenge a shape-based serving assumption.,"Original source-defined comparison, fully labeled table and decision limits.",inspected primary sources,authored,checked,published in release candidate,pending parent route/browser verification,350,2,2e5fd9ab86c9e78259dd1b0aa71645ee6a03910f419d4d283319e33f34b53229,
equal-calories-different-macros-menu.html,"Same calories, different macros: three real menu ties",Macro fundamentals,Demonstrate exact energy ties across food families without using a macro-calorie recalculation.,"Original source-defined comparison, fully labeled table and decision limits.",inspected primary sources,authored,checked,published in release candidate,pending parent route/browser verification,363,2,10acc30ac8701bf95d2d51a32f94421ecfe3bb986de1bf832d9bd5548af61025,
protein-sort-vs-portion-mass.html,More food weight does not guarantee more protein,Practical protein,Compare known gram portions where order weight and protein ranking reverse.,"Original source-defined comparison, fully labeled table and decision limits.",inspected primary sources,authored,checked,published in release candidate,pending parent route/browser verification,371,2,d59bb0706323bb170d8ab3046bc486c907852951016f973f4ab0f9959128f4b9,
fat-and-carb-two-energy-profiles.html,"Similar energy, different fat and carbohydrate profiles",Macro fundamentals,Compare higher-carbohydrate noodles with a higher-fat potato bowl at similar energy.,"Original source-defined comparison, fully labeled table and decision limits.",inspected primary sources,authored,checked,published in release candidate,pending parent route/browser verification,327,2,b7272bce2191add5285659f8d4c6bd2926918b2731361f161ea32f79a81f48ea,
fiber-count-menu-not-plant-score.html,Where fiber appears in a varied menu sample,Fiber and plant foods,Use disparate published examples to explain why a vegetable-name shortcut cannot classify fiber.,"Original source-defined comparison, fully labeled table and decision limits.",inspected primary sources,authored,checked,published in release candidate,pending parent route/browser verification,378,4,6dcdd5e3945949b01e924e7bb11afebb7b0f9840101e12f12ee9df65ea2bf6e6,
menu-average-chain-weighting.html,Why a pooled menu average can misrepresent the chains,Dataset field notes,Understand record-weighted versus chain-weighted summaries in the actual expansion.,"Original calculation over the 380-record expansion with denominator, source scope and reproducible selection.",inspected primary sources,authored,checked,published in release candidate,pending parent route/browser verification,247,10,9760881ab41beb5899fce5b1bb9cb56b066771f9fa1279a695ef7a9c787b3281,
breakfast-dataset-not-opening-hours.html,Breakfast records do not establish restaurant opening hours,Dataset field notes,Use actual breakfast coverage without treating dataset classification as live availability.,"Original calculation over the 380-record expansion with denominator, source scope and reproducible selection.",inspected primary sources,authored,checked,published in release candidate,pending parent route/browser verification,256,10,fb8c65b4929e31c544412e418b0c0abf1c673eab9bdbfdbaf882c251f2815099,
exact-fiber-coverage-denominator.html,Which expansion records have an exact fiber figure?,Dataset field notes,Calculate fiber completeness over real expansion rows and explain why bounds change the denominator.,"Original calculation over the 380-record expansion with denominator, source scope and reproducible selection.",inspected primary sources,authored,checked,published in release candidate,pending parent route/browser verification,279,10,8cf7047189bc0fe6aec7c4e34291f1053b76bb312ab45d7350f785eda9b89418,
published-vs-calculated-restaurant-rows.html,Published and calculated orders need different labels,Dataset field notes,Audit published and component-calculated record methods with actual expansion counts.,"Original calculation over the 380-record expansion with denominator, source scope and reproducible selection.",inspected primary sources,authored,checked,published in release candidate,pending parent route/browser verification,252,10,4ddb045a7e51190b178fa8253cebe699fbce87d57426eec6216ae364dc556960,
menu-pdf-filename-not-edition-date.html,A menu PDF filename is not its verified edition date,Sources and methods,Distinguish actual printed edition from file naming and retrieval using Arby’s and SONIC.,"Original source-defined comparison, fully labeled table and decision limits.",inspected primary sources,authored,checked,published in release candidate,pending parent route/browser verification,315,2,c80b400ce86c027cbc73d056049ca1a768932115a813fbb5ec23df0de7466760,
burger-variants-not-nine-base-burgers.html,Nine In-N-Out rows do not mean nine base burgers,Dataset field notes,Explain how documented variants expand record counts without inflating distinct base menu products.,"Original calculation over the 380-record expansion with denominator, source scope and reproducible selection.",inspected primary sources,authored,checked,published in release candidate,pending parent route/browser verification,259,10,8bccceb1191580976fd5add2683398f7ec60f584acecf56bc70f1f2069c5eca4,
saved-meal-source-version-check.html,"A saved meal is a bookmark, not a frozen restaurant promise",Using GetMacros,Use saved meal state responsibly when source-defined recipes may change.,"Original source-defined comparison, fully labeled table and decision limits.",inspected primary sources,authored,checked,published in release candidate,pending parent route/browser verification,305,1,2394b3d1d49a62f957107327c654f31a1da53b49dfd419776cb41217c2bcc827,
nutrition-totals-not-ingredient-recipe.html,Can nutrition totals reveal a restaurant recipe?,Macro fundamentals,Explain why record totals cannot reverse-engineer a meal or undocumented customization.,"Original source-defined comparison, fully labeled table and decision limits.",inspected primary sources,authored,checked,published in release candidate,pending parent route/browser verification,323,2,fe40cb2894e40dbbeda1d6b38655f6110f75451209e59535bd940534cf876f2f,
restaurant-protein-cost-receipt-prices.html,Use your receipt to compare restaurant protein value,Budget and value,Worked price-per-protein comparison uses verified protein and explicitly invented receipt amounts.,"Original source-defined comparison, fully labeled table and decision limits.",inspected primary sources,authored,checked,published in release candidate,pending parent route/browser verification,303,1,d63611c089448f8aa264b8f27cec2535533745b897ab0f55b39cd50d83258a7d,
two-person-restaurant-budget-constraints.html,Choose two orders within one budget,Budget and value,Solve a two-person menu-selection budget using real nutrient rows and invented prices.,"Original source-defined comparison, fully labeled table and decision limits.",inspected primary sources,authored,checked,published in release candidate,pending parent route/browser verification,305,1,5c941dbe31fcfc8f85a455feffcb7246cfaebf9ca83438932f00c53424b5c262,
equal-tax-protein-value-ranking.html,Does the same percentage tax change protein-value rankings?,Budget and value,Prove a shared proportional price multiplier preserves ranking using exact source protein and invented costs.,"Original source-defined comparison, fully labeled table and decision limits.",inspected primary sources,authored,checked,published in release candidate,pending parent route/browser verification,301,1,08c4a424db797dfd85ef3111f106922a5962c1ed01d1e8aba33bd4139fe0c38d,
restaurant-value-your-nutrient-not-protein.html,Value per fiber gram asks a different question,Budget and value,Compare fiber cost with protein cost for actual burrito data using transparent hypothetical prices.,"Original source-defined comparison, fully labeled table and decision limits.",inspected primary sources,authored,checked,published in release candidate,pending parent route/browser verification,311,1,9c447677b0b6ebe7b94a9a61ef839eeeccba4149fcc329b4ea61a5d8abae7a7d,
breakfast-bacon-format-sodium-cross-chain.html,A bacon breakfast comparison needs its bread format,Breakfast decisions,Choose bacon morning formats across chains without treating meat type as the decisive nutrient variable.,"Original source-defined comparison, fully labeled table and decision limits.",inspected primary sources,authored,checked,published in release candidate,pending parent route/browser verification,356,2,2389b8c113040c1b455e3dc62adae9b27f157e11f8de47767e8ec058c516c3d0,
sonic-ultimate-breakfast-not-extra-protein-rule.html,SONIC’s Ultimate breakfast burrito: what changes?,Breakfast decisions,"Compare bacon, SuperSONIC and Ultimate breakfast burritos as three distinct builds.","Original source-defined comparison, fully labeled table and decision limits.",inspected primary sources,authored,checked,published in release candidate,pending parent route/browser verification,336,1,c6f4ba8859e1554793c7eafcc148fabb018c3d89ccae3f4cff8d505841aba029,
taco-johns-breakfast-taco-vs-burrito.html,Taco John’s breakfast taco or Meat & Potato Burrito?,Breakfast decisions,Compare compact breakfast taco and larger meat-and-potato breakfast format without component subtraction.,"Original source-defined comparison, fully labeled table and decision limits.",inspected primary sources,authored,checked,published in release candidate,pending parent route/browser verification,362,1,a2708afb32311e8e4f61715112bfa59c4da441662dc9d80d08245a30462eeac9,
noodles-mac-protein-not-simple-add-on.html,Noodles & Company mac dishes: compare named builds,Lunch and dinner,Compare three complete macaroni builds without converting their differences into ingredient claims.,"Original source-defined comparison, fully labeled table and decision limits.",inspected primary sources,authored,checked,published in release candidate,pending parent route/browser verification,340,1,437ce0a7a4944e5b2e876b0634bd37cfce608ca776765c654b874bf8dd7f6054,
el-pollo-loco-bowls-protein-bigger-build.html,"El Pollo Loco bowls: Original, Grande or Double Chicken?",Lunch and dinner,Compare three bowl tiers while refusing to infer doubling chicken from complete recipe differences.,"Original source-defined comparison, fully labeled table and decision limits.",inspected primary sources,authored,checked,published in release candidate,pending parent route/browser verification,320,1,813cdc1e9ec387c9fd45d4f142a1f8bca6d501b63e91a7e3c27fcbb658f24dbb,
recipe-combined-batches-not-average-serving.html,Combine two batches without averaging the wrong servings,Recipe portions,Combine differently sized batches with weighted serving arithmetic.,Original two-batch sum with incorrect averaging explained.,inspected primary sources,authored,checked,published in release candidate,pending parent route/browser verification,237,2,f42f7321701e4406bb173d3218a367ebb3858edaeaba09594d8e3c97c3b78dd7,
recipe-repeated-ingredient-two-label-bases.html,The same ingredient listed twice can use two label bases,Recipe portions,Resolve repeated ingredient quantities that use different portion labels.,Two-stage sum checks that prevent adding serving numbers before unit conversion.,inspected primary sources,authored,checked,published in release candidate,pending parent route/browser verification,243,2,02798eadcf4907e33974f879642d31652a9d7718f7a7bd5f3aaae4655f8e621a,
recipe-sauce-made-vs-sauce-used.html,Made 300 g of sauce but used only 80 g?,Recipe portions,Allocate a separately prepared sauce batch to another dish by actual transferred mass.,Two-recipe calculation with leftovers reconciliation.,inspected primary sources,authored,checked,published in release candidate,pending parent route/browser verification,234,2,f805268eea5fa03da2e50d2e5c3bef3c71d0bb3555f0088f3319d478145c1fc8,
recipe-target-batch-portions-integer.html,A batch can yield six portions plus a smaller remainder,Recipe portions,Handle an integer portion count and remainder without invented full-serving totals.,Mass-conservation example with separate leftover serving.,inspected primary sources,authored,checked,published in release candidate,pending parent route/browser verification,228,2,0a1ac94bef96e6fb1751df31e715ccbf7f5aa7e35067d73a64a9a97433487c3c,
recipe-recalculate-new-product-label.html,Changing brands means updating the ingredient record,Recipe portions,Recalculate a stored recipe after one branded input label changes.,Difference method versus full rebuild cross-check with explicit portion basis.,inspected primary sources,authored,checked,published in release candidate,pending parent route/browser verification,235,2,529547ae9987f7a67bd977636e41ef9159a4ebd596874f006da9c5e0601258ad,
milligram-microgram-mineral-label.html,Milligrams and micrograms: a thousand-fold label difference,Macro fundamentals,Prevent a unit-prefix error when recording micronutrient labels.,Original microgram-to-milligram example clearly separated from nutrition targets.,inspected primary sources,authored,checked,published in release candidate,pending parent route/browser verification,234,2,aa21799e8c868f17d153abc3bc94047411521f890e277903281da35f94a49a47,
calorie-units-kcal-kilojoules.html,"Calories, kcal and kilojoules: compare energy units first",Macro fundamentals,Convert displayed energy units without confusing kilojoules with food grams.,Invented energy conversion and inverse check with explicit thermochemical factor.,inspected primary sources,authored,checked,published in release candidate,pending parent route/browser verification,233,2,6192b11da7fc63567500a275e5c4f0b9bc65fd8b98648fed75573c42eec8043d,
meal-calculation-two-serving-units.html,Two servings of food do not mean two servings of every topping,Lunch and dinner,Calculate a doubled food base with a single topping portion instead of doubling the entire tray.,Original mixed-count nutrition table and arithmetic reconciliation.,inspected primary sources,authored,checked,published in release candidate,pending parent route/browser verification,238,2,637533e74bfdd346d3dc1e6a5d00a8d47b7017cc3ba23db493dbabe0f17184ad,
two-meal-total-not-day-recommendation.html,"Two restaurant meals are a subtotal, not a daily diet",Lunch and dinner,Add two exact meal records while avoiding a daily adequacy claim.,Source-backed two-order sum with explicit limits on daily interpretation.,inspected primary sources,authored,checked,published in release candidate,pending parent route/browser verification,246,3,8bf3cb5805528551446a492e0b1ce206c5260774dec929077c3c29b1beacbca1,
calculator-height-feet-inches-not-decimal.html,5 feet 10 inches is not 5.10 feet,Calculator notes,Prevent decimal-foot interpretation of a feet-and-inches height in calorie calculator inputs.,"Original compound-unit conversion, round-trip and input-mode verification.",inspected primary sources,authored,checked,published in release candidate,pending parent route/browser verification,269,2,4f1f8fda91bf2a1523cbc7eaa43e88d4704cfc72d9459490409709c3696c570d,
protein-value-price-range-overlap.html,When uncertain prices prevent a confident protein-value ranking,Budget and value,Compare cost-per-protein intervals for two real orders under explicitly hypothetical price ranges.,"Original source-defined comparison, fully labeled table and decision limits.",inspected primary sources,authored,checked,published in release candidate,pending parent route/browser verification,312,1,968c7b7b598592ade0aa381b581f554295b1a115c19d9e6baecc259d487631c9,
