page,primary_user_intent,country,unique_value,existing_overlap,sources,record_source_dates,intent_evidence,research_date,volume,maintenance,next_action
https://getmacros.net/arbys-nutrition-guide.html,Crispy Chicken or Buffalo Chicken: check sodium,US,Adds a flavor decision where calorie/protein equality conceals 690 mg sodium; distinguishes whole-build evidence from an invented sauce subtraction.,The existing guide compares its lowest-calorie and highest-protein recorded options; it never analyzes the two same-calorie chicken sandwiches.,https://assets.ctfassets.net/30q5w5l98nbx/3A0KfHgCWZv8al7gU36Jlg/7ea1f28881e8ac0364fe9a017507c4c7/Arbys_Nutritional_and_Allergen_JULY_2026.pdf,2026-10-04,Existing content/data comparison; current search observations documented separately in the 50-query opportunity map. No per-page volume claim.,2026-10-09,unavailable,Recheck named official portion/recipe before changing values; inspect current source when menu changes.,restaurant-meal-finder.html?compare=Arby%E2%80%99s%7C%7CCrispy+Chicken&compare=Arby%E2%80%99s%7C%7CBuffalo+Chicken
https://getmacros.net/sonic-nutrition-guide.html,Three tenders or a crispy-chicken wrap?,US,Adds a practical 3-piece portion-versus-wrap choice with carbohydrate and sodium context and no guessed customization.,"The guide gives the complete table and a corn-dog/double-burger contrast, but does not help someone decide between two chicken formats.",https://assets.ctfassets.net/whnlxz6bna9d/665Hn9SdgyT53pJgF9cmkK/090ae5fe05d8cd9643fb98fcde32ef1a/61667-1_FEE_0926_NUTBRO_SEPTEMBER_FA_rg_WCAG.pdf,2026-10-04,Existing content/data comparison; current search observations documented separately in the 50-query opportunity map. No per-page volume claim.,2026-10-09,unavailable,Recheck named official portion/recipe before changing values; inspect current source when menu changes.,restaurant-meal-finder.html?compare=SONIC%7C%7CCrispy+Tenders+%283+Pc.%29&compare=SONIC%7C%7CCheesy+Baja+Crispy+Tender+Wrap
https://getmacros.net/qdoba-nutrition-guide.html,Chicken or steak in the named Keto Bowl?,US,"Adds a same-published-weight chicken/steak decision, including the inverse calorie/protein versus sodium trade-off without a health rating.","The guide contrasts Brisket Birria with a large Double Protein Steak Bowl and warns about named builds, but never compares the two equal-weight Keto Bowl entries.",https://assets.ctfassets.net/0tc4847zqy12/bQFJBCmsAk4ww4qzdfAOm/10ad09aaf097d3e9fb10fc4c62af52c3/Nutrition_9.1.26.pdf,2026-10-04,Existing content/data comparison; current search observations documented separately in the 50-query opportunity map. No per-page volume claim.,2026-10-09,unavailable,Recheck named official portion/recipe before changing values; inspect current source when menu changes.,restaurant-meal-finder.html?compare=QDOBA%7C%7CKeto+Bowl+-+Chicken&compare=QDOBA%7C%7CKeto+Bowl+-+Steak
https://getmacros.net/el-pollo-loco-nutrition-guide.html,Two chicken quesadillas with the same protein,US,Adds a matched-published-size quesadilla comparison with equal protein and explicit calorie/fat/sodium deltas.,The existing guide explains excluded salad dressings and chicken-meal sides; its preview compares a taco with a large double-chicken bowl.,https://www.elpolloloco.com/content/pdfs/epl_web_nutrition_guide_mod_5_2026_hr-2.pdf,2026-10-04,Existing content/data comparison; current search observations documented separately in the 50-query opportunity map. No per-page volume claim.,2026-10-09,unavailable,Recheck named official portion/recipe before changing values; inspect current source when menu changes.,restaurant-meal-finder.html?compare=El+Pollo+Loco%7C%7CSalsa+Verde+Chicken+Quesadilla&compare=El+Pollo+Loco%7C%7CChipotle+Chicken+Quesadilla
https://getmacros.net/del-taco-nutrition-guide.html,"Original, Ranch or Chipotle Chicken Cheddar Roller?",US,"Adds a compact three-flavor choice with equal protein, portion weights and the reverse sodium relationship.",The guide contains the roller rows without a flavor decision; its highlighted comparison is a single street taco against a large burrito.,https://www.deltaco.com/files/pdf/2026/nutritional-02-2026.pdf,2026-10-04,Existing content/data comparison; current search observations documented separately in the 50-query opportunity map. No per-page volume claim.,2026-10-09,unavailable,Recheck named official portion/recipe before changing values; inspect current source when menu changes.,restaurant-meal-finder.html?compare=Del+Taco%7C%7CChicken+Cheddar+Roller+%28Original%29&compare=Del+Taco%7C%7CChicken+Cheddar+Roller+%28Ranch%29&compare=Del+Taco%7C%7CChicken+Cheddar+Roller+%28Chipotle%29
https://getmacros.net/noodles-and-company-nutrition-guide.html,"Two regular chicken pastas: compare fiber, too",US,Adds a realistic regular pasta decision that balances protein/fiber/sodium and prevents double-counting the named chicken.,The guide contrasts soup with Buffalo Chicken Ranch Mac and explains REG versus SM; it does not compare these two chicken-containing pastas.,https://www.noodles.com/sites/default/files/2026-01/Menu%2520Nutritionals%25201.14.pdf,2026-10-04,Existing content/data comparison; current search observations documented separately in the 50-query opportunity map. No per-page volume claim.,2026-10-09,unavailable,Recheck named official portion/recipe before changing values; inspect current source when menu changes.,restaurant-meal-finder.html?compare=Noodles+%26+Company%7C%7CRigatoni+Rosa+with+Parmesan+Chicken%2C+regular&compare=Noodles+%26+Company%7C%7CChicken+Parmesan%2C+regular
https://getmacros.net/culvers-nutrition-guide.html,Single Cheese or Single Deluxe?,US,"Adds an adult-menu single-patty comparison, exposing equal protein across two different standard burger recipes and retaining the older edition limit.",The guide contains both burger rows but currently spotlights cod dinner versus Buffalo tenders; dinner inclusion notes do not answer this burger choice.,https://cdn.culvers.com/menu/docs/guide-nutrition-allergen.pdf,2026-10-04,Existing content/data comparison; current search observations documented separately in the 50-query opportunity map. No per-page volume claim.,2026-10-09,unavailable,Recheck named official portion/recipe before changing values; inspect current source when menu changes.,restaurant-meal-finder.html?compare=Culver%E2%80%99s%7C%7CButterBurger%C2%AE+Cheese%2C+Single&compare=Culver%E2%80%99s%7C%7CThe+Culver%27s%C2%AE+Deluxe%2C+Single
https://getmacros.net/taco-johns-nutrition-guide.html,Fiesta Rice Bowl or Boss Bowl with chicken?,US,Adds a near-equal macro comparison between two practical chicken bowls instead of ranking a taco against a bowl.,The original guide previews a bean taco and a chipotle-shredded-chicken Fiesta Bowl and lists the large menu; no direct standard-chicken bowl analysis exists.,https://tacojohns.com/wp-content/uploads/2026/09/TAC-26-P5_NUTRITION-GUIDE_ED_V3.pdf,2026-10-04,Existing content/data comparison; current search observations documented separately in the 50-query opportunity map. No per-page volume claim.,2026-10-09,unavailable,Recheck named official portion/recipe before changing values; inspect current source when menu changes.,restaurant-meal-finder.html?compare=Taco+John%E2%80%99s%7C%7CFiesta+Rice+Bowl%2C+Chicken&compare=Taco+John%E2%80%99s%7C%7CBoss+Bowl%2C+Chicken
https://getmacros.net/in-n-out-nutrition-guide.html,Two different ways to order a Double-Double,US,"Clarifies that two supported modifications are different builds, debunks an intuitive but unsupported higher-protein interpretation of Protein Style, and preserves source consistency.",The guide names the alternative builds but compares a lettuce-wrap hamburger with a standard Double-Double; it never contrasts these two Double-Double alternatives.,https://www.in-n-out.com/docs/default-source/downloads/nutrition_info.pdf?sfvrsn=332aab37_36,2026-10-04,Existing content/data comparison; current search observations documented separately in the 50-query opportunity map. No per-page volume claim.,2026-10-09,unavailable,Recheck named official portion/recipe before changing values; inspect current source when menu changes.,restaurant-meal-finder.html?compare=In-N-Out%7C%7CDouble-Double+with+onion%2C+mustard+and+ketchup+instead+of+spread&compare=In-N-Out%7C%7CDouble-Double+with+onion%2C+Protein+Style+%28lettuce+instead+of+bun%29
https://getmacros.net/raising-canes-nutrition-guide.html,The extras around three chicken fingers,US,"Adds a complete-order contrast where finger count is held fixed, using only the two existing calculated builds and preserving unknown fiber.","The guide compares the coleslaw build with the sandwich and states combo limitations, but does not quantify what changes between its two three-finger assemblies.",https://raisingcanes.cdn.prismic.io/raisingcanes/IxTKraMRo_HyNWx2_Allergen%26NutritionalInformation_ALL_DIGITAL_8.26.pdf,2026-10-04,Existing content/data comparison; current search observations documented separately in the 50-query opportunity map. No per-page volume claim.,2026-10-09,unavailable,Recheck named official portion/recipe before changing values; inspect current source when menu changes.,restaurant-meal-finder.html?compare=Raising+Cane%E2%80%99s%7C%7C3+fingers+with+Texas+Toast+and+coleslaw+%28individual+portions%29&compare=Raising+Cane%E2%80%99s%7C%7C3+fingers+with+fries%2C+sauce+and+Texas+Toast+%28individual+portions%29
https://getmacros.net/high-protein-fast-food-under-500-calories.html,Three more named entrées below the same limit,US,"Expands an important existing collection with three genuinely different documented entrée formats and same-calorie protein/fiber analysis, not a new keyword-variant page.",The existing shortlist uses the earlier source-inspected collection and omits these three additional-chain records.,https://assets.ctfassets.net/0tc4847zqy12/bQFJBCmsAk4ww4qzdfAOm/10ad09aaf097d3e9fb10fc4c62af52c3/Nutrition_9.1.26.pdf | https://cdn.culvers.com/menu/docs/guide-nutrition-allergen.pdf | https://www.elpolloloco.com/content/pdfs/epl_web_nutrition_guide_mod_5_2026_hr-2.pdf,2026-10-04,Existing content/data comparison; current search observations documented separately in the 50-query opportunity map. No per-page volume claim.,2026-10-09,unavailable,Recheck named official portion/recipe before changing values; inspect current source when menu changes.,restaurant-meal-finder.html?compare=QDOBA%7C%7CKeto+Bowl+-+Chicken&compare=Culver%E2%80%99s%7C%7CGrilled+Chicken+Sandwich&compare=El+Pollo+Loco%7C%7CClassic+Chicken+Burrito
https://getmacros.net/fast-food-breakfast-protein-comparison.html,Two breakfast burritos with 25 g protein,US,Adds a concise breakfast format comparison across two documented chains with equal protein and explicit portion/region limits.,The original four-food breakfast comparison covers Chick-fil-A and Starbucks; it has no burrito pair or explicit no-gram-weight contrast.,https://assets.ctfassets.net/whnlxz6bna9d/665Hn9SdgyT53pJgF9cmkK/090ae5fe05d8cd9643fb98fcde32ef1a/61667-1_FEE_0926_NUTBRO_SEPTEMBER_FA_rg_WCAG.pdf | https://www.deltaco.com/files/pdf/2026/nutritional-02-2026.pdf,2026-10-04,Existing content/data comparison; current search observations documented separately in the 50-query opportunity map. No per-page volume claim.,2026-10-09,unavailable,Recheck named official portion/recipe before changing values; inspect current source when menu changes.,restaurant-meal-finder.html?compare=SONIC%7C%7CBreakfast+Burrito+Bacon&compare=Del+Taco%7C%7CBreakfast+Burrito+%28Carne+Asada+Steak%2C+Egg+%26+Cheese%29
https://getmacros.net/restaurant-bowl-nutrition-comparison.html,"At QDOBA, two chicken bowls tell different stories",US,Extends the existing bowl reference with a new two-build decision and explicit protein/fiber/size trade-off.,"The existing bowl reference covers Chipotle, CAVA and Sweetgreen, with no QDOBA entries or this larger-serving/lower-protein pattern.",https://assets.ctfassets.net/0tc4847zqy12/bQFJBCmsAk4ww4qzdfAOm/10ad09aaf097d3e9fb10fc4c62af52c3/Nutrition_9.1.26.pdf,2026-10-04,Existing content/data comparison; current search observations documented separately in the 50-query opportunity map. No per-page volume claim.,2026-10-09,unavailable,Recheck named official portion/recipe before changing values; inspect current source when menu changes.,restaurant-meal-finder.html?compare=QDOBA%7C%7CKeto+Bowl+-+Chicken&compare=QDOBA%7C%7CCholula%C2%AE+Hot+%26+Sweet+Chicken+Bowl
https://getmacros.net/fast-food-fiber-and-protein.html,More fiber can still miss your protein filter,US,"Adds a real edge case explaining two simultaneous nutrient filters with supported records, without moral labels or invented substitutions.",The original collection defines two cutoffs and discusses beans but never shows a high-fiber order that fails the protein condition beside a qualifying order.,https://assets.ctfassets.net/0tc4847zqy12/bQFJBCmsAk4ww4qzdfAOm/10ad09aaf097d3e9fb10fc4c62af52c3/Nutrition_9.1.26.pdf | https://www.deltaco.com/files/pdf/2026/nutritional-02-2026.pdf,2026-10-04,Existing content/data comparison; current search observations documented separately in the 50-query opportunity map. No per-page volume claim.,2026-10-09,unavailable,Recheck named official portion/recipe before changing values; inspect current source when menu changes.,restaurant-meal-finder.html?compare=Del+Taco%7C%7CBean+%26+Cheese+Burrito+%28Green%29&compare=QDOBA%7C%7CFajita+Vegan+Bowl
https://getmacros.net/fast-food-protein-and-sodium.html,Soup is not automatically the lower-sodium choice,US,Adds a practical equal-protein comparison that defeats an unreliable soup-format sodium assumption while keeping medical boundaries and editions explicit.,The existing comparison contains neither the Noodles soup nor the Culver’s pot-roast sandwich; it otherwise focuses on chicken portions and bowls.,https://cdn.culvers.com/menu/docs/guide-nutrition-allergen.pdf | https://www.noodles.com/sites/default/files/2026-01/Menu%2520Nutritionals%25201.14.pdf,2026-10-04,Existing content/data comparison; current search observations documented separately in the 50-query opportunity map. No per-page volume claim.,2026-10-09,unavailable,Recheck named official portion/recipe before changing values; inspect current source when menu changes.,restaurant-meal-finder.html?compare=Noodles+%26+Company%7C%7CChicken+Noodle+Soup%2C+regular&compare=Culver%E2%80%99s%7C%7CBeef+Pot+Roast+Sandwich
https://getmacros.net/protein-density-fast-food.html,Use the ratio after choosing your serving,US,Adds a low-gap density example with independent protein and sodium constraints instead of extending a top-ratio ranking.,The existing reference explains ratios with high-density chicken portions; it has no close everyday-sandwich pair or concrete 25 g cutoff application.,https://assets.ctfassets.net/30q5w5l98nbx/3A0KfHgCWZv8al7gU36Jlg/7ea1f28881e8ac0364fe9a017507c4c7/Arbys_Nutritional_and_Allergen_JULY_2026.pdf,2026-10-04,Existing content/data comparison; current search observations documented separately in the 50-query opportunity map. No per-page volume claim.,2026-10-09,unavailable,Recheck named official portion/recipe before changing values; inspect current source when menu changes.,restaurant-meal-finder.html?compare=Arby%E2%80%99s%7C%7CClassic+Roast+Beef&compare=Arby%E2%80%99s%7C%7CHam+%26+Swiss+Melt
https://getmacros.net/grilled-and-blackened-chicken-comparison.html,Compare a chicken sandwich with another sandwich,US,Adds the matching sandwich-format decision and explicitly prevents a causal preparation claim from non-controlled menu data.,The existing article compares five chicken-only portions and warns about extras; it has no within-chain standard sandwich comparison.,https://cdn.culvers.com/menu/docs/guide-nutrition-allergen.pdf,2026-10-04,Existing content/data comparison; current search observations documented separately in the 50-query opportunity map. No per-page volume claim.,2026-10-09,unavailable,Recheck named official portion/recipe before changing values; inspect current source when menu changes.,restaurant-meal-finder.html?compare=Culver%E2%80%99s%7C%7CGrilled+Chicken+Sandwich&compare=Culver%E2%80%99s%7C%7CCrispy+Chicken+Sandwich
https://getmacros.net/vegetarian-fast-food-protein-comparison.html,A vegan bowl name and a veggie burger name,US,Adds a supported bowl/burger comparison and explains a real classification gap without inventing diet or allergen safety.,The original article covers previously classified meat-free builds but does not explain the additional unclassified menu-named records or why they may be absent from its filter.,https://assets.ctfassets.net/0tc4847zqy12/bQFJBCmsAk4ww4qzdfAOm/10ad09aaf097d3e9fb10fc4c62af52c3/Nutrition_9.1.26.pdf | https://cdn.culvers.com/menu/docs/guide-nutrition-allergen.pdf,2026-10-04,Existing content/data comparison; current search observations documented separately in the 50-query opportunity map. No per-page volume claim.,2026-10-09,unavailable,Recheck named official portion/recipe before changing values; inspect current source when menu changes.,restaurant-meal-finder.html?compare=QDOBA%7C%7CFajita+Vegan+Bowl&compare=Culver%E2%80%99s%7C%7CHarvest+Veggie+Burger
https://getmacros.net/how-to-hit-protein-goal-on-budget.html,Take a restaurant comparison to your receipt,US,Adds a practical receipt-based restaurant protein-value decision with actual nutrient inputs and explicitly invented price units.,"The existing guide explains package-price arithmetic and shopping staples, but has no exact restaurant item break-even worked comparison.",https://assets.ctfassets.net/30q5w5l98nbx/3A0KfHgCWZv8al7gU36Jlg/7ea1f28881e8ac0364fe9a017507c4c7/Arbys_Nutritional_and_Allergen_JULY_2026.pdf,2026-10-04,Existing content/data comparison; current search observations documented separately in the 50-query opportunity map. No per-page volume claim.,2026-10-09,unavailable,Recheck named official portion/recipe before changing values; inspect current source when menu changes.,restaurant-meal-finder.html?compare=Arby%E2%80%99s%7C%7CClassic+Roast+Beef&compare=Arby%E2%80%99s%7C%7CHam+%26+Swiss+Melt
https://getmacros.net/healthy-fast-food.html,"Count the food, not just the menu row",US,"Adds an actual three-portion arithmetic example plus a current-data 25-chain directory reconciliation instruction, improving scope and ordering usefulness.","The hub includes a single-taco low-calorie list and says extras are separate, but has no worked count comparison; its restaurant directory also omits ten existing chains.",https://www.deltaco.com/files/pdf/2026/nutritional-02-2026.pdf | https://www.elpolloloco.com/content/pdfs/epl_web_nutrition_guide_mod_5_2026_hr-2.pdf,2026-10-04,Existing content/data comparison; current search observations documented separately in the 50-query opportunity map. No per-page volume claim.,2026-10-09,unavailable,Recheck named official portion/recipe before changing values; inspect current source when menu changes.,restaurant-meal-finder.html?compare=Del+Taco%7C%7CGrilled+Chicken+Street+Taco&compare=El+Pollo+Loco%7C%7CClassic+Chicken+Burrito
