route,country,intent,unique_value,next_action,maintenance
/ca/en/,CA,Canadian fast-food meals,"Find Canadian restaurant meals with explicit portions, calories, protein and official Canadian nutrition sources.","Canadian finder, exact component builder or official source",Recheck current official recipe/portion and source edition when the linked source changes; do not merely refresh review dates.
/ca/en/restaurants/,CA,Canadian restaurant nutrition guides,"Browse source-backed Canadian guides for Tim Hortons, A&W Canada and Harvey’s, with explicit serving and coverage limits.","Canadian finder, exact component builder or official source",Recheck current official recipe/portion and source edition when the linked source changes; do not merely refresh review dates.
/ca/en/restaurants/a-w-canada/,CA,A&W Canada Canadian nutrition,"Compare exact A&W Canada Canadian servings, calories, protein, carbs, fat, fibre and sodium, with official sources and clear limitations.","Canadian finder, exact component builder or official source",Recheck current official recipe/portion and source edition when the linked source changes; do not merely refresh review dates.
/ca/en/restaurants/harvey-s/,CA,Harvey’s Canadian nutrition,"Compare exact Harvey’s Canadian servings, calories, protein, carbs, fat, fibre and sodium, with official sources and clear limitations.","Canadian finder, exact component builder or official source",Recheck current official recipe/portion and source edition when the linked source changes; do not merely refresh review dates.
/ca/en/restaurants/tim-hortons/,CA,Tim Hortons Canadian nutrition,"Compare exact Tim Hortons Canadian servings, calories, protein, carbs, fat, fibre and sodium, with official sources and clear limitations.","Canadian finder, exact component builder or official source",Recheck current official recipe/portion and source edition when the linked source changes; do not merely refresh review dates.
/ca/en/find-a-meal/,CA,Canadian restaurant meal finder,"Filter Canadian restaurant orders by calories, protein, fibre and sodium. Compare exact portions without substituting U.S. menus.","Canadian finder, exact component builder or official source",Recheck current official recipe/portion and source edition when the linked source changes; do not merely refresh review dates.
/ca/en/collections/breakfast/,CA,Canadian fast-food breakfast comparison,"Compare A&W and Tim Hortons Canadian breakfast portions, calories, protein and sodium, then count your drink and side separately.","Canadian finder, exact component builder or official source",Recheck current official recipe/portion and source edition when the linked source changes; do not merely refresh review dates.
/ca/en/collections/protein-meals/,CA,Canadian high-protein restaurant meals,"Compare tracked Canadian restaurant items with at least 25 g protein, including calories, portions and sodium rather than a made-up health score.","Canadian finder, exact component builder or official source",Recheck current official recipe/portion and source edition when the linked source changes; do not merely refresh review dates.
/ca/en/tools/complete-order/,CA,Canadian complete-order builder,"Add exact Canadian entrées, sides and drinks, with honest known subtotals and a source-backed A&W complete-order example.","Canadian finder, exact component builder or official source",Recheck current official recipe/portion and source edition when the linked source changes; do not merely refresh review dates.
/ca/en/tools/drink-comparison/,CA,Canadian drink and protein-latte comparison,"Compare Canadian Tim Hortons and A&W named drink sizes, calories, protein and total sugars without guessing customisation values.","Canadian finder, exact component builder or official source",Recheck current official recipe/portion and source edition when the linked source changes; do not merely refresh review dates.
/ca/en/menu-sources/,CA,Canadian menu-data sources and coverage,"Check the Canadian restaurant selection, source editions, retrieval dates, missing fields, withheld values and menu update history.","Canadian finder, exact component builder or official source",Recheck current official recipe/portion and source edition when the linked source changes; do not merely refresh review dates.
